-- phpMyAdmin SQL Dump
-- version 5.1.1
-- https://www.phpmyadmin.net/
--
-- Host: 127.0.0.1:3306
-- Generation Time: Apr 10, 2023 at 09:38 AM
-- Server version: 5.7.36
-- PHP Version: 7.4.26

SET SQL_MODE = "NO_AUTO_VALUE_ON_ZERO";
START TRANSACTION;
SET time_zone = "+00:00";


/*!40101 SET @OLD_CHARACTER_SET_CLIENT=@@CHARACTER_SET_CLIENT */;
/*!40101 SET @OLD_CHARACTER_SET_RESULTS=@@CHARACTER_SET_RESULTS */;
/*!40101 SET @OLD_COLLATION_CONNECTION=@@COLLATION_CONNECTION */;
/*!40101 SET NAMES utf8mb4 */;

--
-- Database: `pshrms`
--

-- --------------------------------------------------------

--
-- Table structure for table `account_lists`
--

DROP TABLE IF EXISTS `account_lists`;
CREATE TABLE IF NOT EXISTS `account_lists` (
  `id` bigint(20) UNSIGNED NOT NULL AUTO_INCREMENT,
  `account_name` varchar(255) COLLATE utf8mb4_unicode_ci NOT NULL,
  `initial_balance` double NOT NULL DEFAULT '0',
  `account_number` varchar(255) COLLATE utf8mb4_unicode_ci NOT NULL,
  `branch_code` varchar(255) COLLATE utf8mb4_unicode_ci NOT NULL,
  `bank_branch` varchar(255) COLLATE utf8mb4_unicode_ci NOT NULL,
  `created_by` varchar(255) COLLATE utf8mb4_unicode_ci NOT NULL,
  `created_at` timestamp NULL DEFAULT NULL,
  `updated_at` timestamp NULL DEFAULT NULL,
  PRIMARY KEY (`id`)
) ENGINE=InnoDB DEFAULT CHARSET=utf8mb4 COLLATE=utf8mb4_unicode_ci ROW_FORMAT=DYNAMIC;

-- --------------------------------------------------------

--
-- Table structure for table `allowances`
--

DROP TABLE IF EXISTS `allowances`;
CREATE TABLE IF NOT EXISTS `allowances` (
  `id` bigint(20) UNSIGNED NOT NULL AUTO_INCREMENT,
  `employee_id` int(11) NOT NULL,
  `allowance_option` int(11) NOT NULL,
  `title` varchar(255) COLLATE utf8mb4_unicode_ci NOT NULL,
  `amount` int(11) NOT NULL,
  `created_by` int(11) NOT NULL,
  `created_at` timestamp NULL DEFAULT NULL,
  `updated_at` timestamp NULL DEFAULT NULL,
  PRIMARY KEY (`id`)
) ENGINE=InnoDB AUTO_INCREMENT=47 DEFAULT CHARSET=utf8mb4 COLLATE=utf8mb4_unicode_ci ROW_FORMAT=DYNAMIC;

--
-- Dumping data for table `allowances`
--

INSERT INTO `allowances` (`id`, `employee_id`, `allowance_option`, `title`, `amount`, `created_by`, `created_at`, `updated_at`) VALUES
(3, 18, 13, 'deafult', 20496, 1, '2022-03-21 23:59:18', '2022-03-23 22:39:24'),
(4, 18, 4, 'done', 6300, 1, '2022-03-21 23:59:49', '2022-03-21 23:59:49'),
(6, 20, 13, 'deafult', 8707, 1, '2022-03-22 09:10:13', '2022-03-24 01:55:23'),
(7, 20, 4, 'done', 2320, 1, '2022-03-22 09:10:58', '2022-03-22 09:10:58'),
(9, 22, 13, 'deafult', 9520, 1, '2022-03-23 22:32:45', '2022-03-23 22:32:45'),
(10, 22, 4, 'deafult', 2320, 1, '2022-03-23 22:33:01', '2022-03-23 22:33:01'),
(11, 21, 13, 'deafult', 8064, 1, '2022-03-23 22:36:07', '2022-03-23 22:36:07'),
(12, 21, 4, 'deafult', 2200, 1, '2022-03-23 22:36:18', '2022-03-23 22:36:18'),
(13, 19, 13, 'deafult', 37660, 1, '2022-03-23 22:41:38', '2022-03-23 22:41:38'),
(14, 24, 13, 'deafult', 16184, 1, '2022-03-23 22:43:31', '2022-03-23 22:43:31'),
(15, 23, 13, 'deafult', 8064, 1, '2022-03-23 22:45:40', '2022-03-23 22:45:40'),
(16, 23, 4, 'deafult', 2200, 1, '2022-03-23 22:45:53', '2022-03-23 22:45:53'),
(17, 28, 3, 'deafult', 45000, 1, '2022-04-01 04:11:39', '2022-04-01 04:11:39'),
(18, 28, 5, 'deafult', 3000, 1, '2022-04-01 04:14:52', '2022-04-01 04:14:52'),
(19, 29, 3, 'deafult', 3000, 1, '2022-04-01 05:41:33', '2022-04-01 05:41:33'),
(20, 29, 4, 'deafult', 3000, 1, '2022-04-01 05:41:48', '2022-04-01 05:41:48'),
(21, 20, 1, 'deafult', 3560, 1, '2022-04-06 01:17:51', '2022-04-06 01:17:51'),
(22, 37, 4, 'deafult', 7560, 1, '2022-04-22 04:58:00', '2022-04-22 04:58:00'),
(23, 37, 13, 'deafult', 25823, 1, '2022-04-22 04:58:30', '2022-04-22 04:58:30'),
(24, 40, 13, 'deafult', 16120, 1, '2022-04-22 05:03:00', '2022-04-22 05:03:00'),
(25, 38, 4, 'deafult', 5620, 1, '2022-04-22 06:23:40', '2022-04-22 06:23:40'),
(26, 38, 13, 'deafult', 21700, 1, '2022-04-22 06:24:06', '2022-04-22 06:24:06'),
(27, 39, 4, 'deafult', 5620, 1, '2022-04-22 06:27:02', '2022-04-22 06:27:02'),
(28, 39, 13, 'deafult', 20460, 1, '2022-04-22 06:27:21', '2022-04-22 06:27:21'),
(29, 41, 4, 'deafult', 5520, 1, '2022-04-22 06:31:55', '2022-04-22 06:31:55'),
(30, 41, 13, 'deafult', 16120, 1, '2022-04-22 06:32:37', '2022-04-22 06:32:37'),
(31, 42, 4, 'deafult', 5520, 1, '2022-04-22 06:34:39', '2022-04-22 06:34:39'),
(32, 42, 13, 'deafult', 16120, 1, '2022-04-22 06:35:17', '2022-04-22 06:35:17'),
(33, 43, 4, 'deafult', 4040, 1, '2022-04-22 06:40:01', '2022-04-22 06:40:01'),
(34, 43, 13, 'deafult', 15190, 1, '2022-04-22 06:40:33', '2022-04-22 06:40:33'),
(35, 44, 4, 'deafult', 4040, 1, '2022-04-22 06:44:04', '2022-04-22 06:44:04'),
(36, 44, 13, 'deafult', 15190, 1, '2022-04-22 06:44:22', '2022-04-22 06:44:22'),
(37, 45, 17, 'deafult', 5520, 1, '2022-04-22 06:46:13', '2022-04-22 06:46:13'),
(38, 45, 13, 'deafult', 16120, 1, '2022-04-22 06:46:27', '2022-04-22 06:46:27'),
(39, 46, 4, 'deafult', 4040, 1, '2022-04-22 06:54:08', '2022-04-22 06:54:08'),
(40, 46, 13, 'deafult', 15190, 1, '2022-04-22 06:54:25', '2022-04-22 06:54:25'),
(41, 50, 13, 'deafult', 20496, 1, '2022-04-23 01:09:46', '2022-04-23 01:09:46'),
(42, 50, 4, 'deafult', 6300, 1, '2022-04-23 01:10:00', '2022-04-23 01:10:00'),
(43, 52, 13, 'deafult', 37660, 1, '2022-04-23 01:14:13', '2022-04-23 01:14:13'),
(44, 51, 13, 'deafult', 31472, 1, '2022-04-23 01:45:49', '2022-04-23 01:45:49'),
(45, 51, 4, 'deafult', 8980, 1, '2022-04-23 01:46:08', '2022-04-23 01:46:08'),
(46, 53, 4, 'deafult', 12132, 1, '2022-04-28 08:49:30', '2022-04-28 08:59:51');

-- --------------------------------------------------------

--
-- Table structure for table `allowance_options`
--

DROP TABLE IF EXISTS `allowance_options`;
CREATE TABLE IF NOT EXISTS `allowance_options` (
  `id` bigint(20) UNSIGNED NOT NULL AUTO_INCREMENT,
  `name` varchar(255) COLLATE utf8mb4_unicode_ci NOT NULL,
  `created_by` int(11) NOT NULL,
  `created_at` timestamp NULL DEFAULT NULL,
  `updated_at` timestamp NULL DEFAULT NULL,
  PRIMARY KEY (`id`)
) ENGINE=InnoDB AUTO_INCREMENT=18 DEFAULT CHARSET=utf8mb4 COLLATE=utf8mb4_unicode_ci ROW_FORMAT=DYNAMIC;

--
-- Dumping data for table `allowance_options`
--

INSERT INTO `allowance_options` (`id`, `name`, `created_by`, `created_at`, `updated_at`) VALUES
(1, 'MA.', 1, '2022-02-16 22:54:43', '2022-02-16 22:54:43'),
(2, 'WA.', 1, '2022-02-16 22:54:52', '2022-02-16 22:54:52'),
(3, 'CCA', 1, '2022-02-16 22:54:59', '2022-02-16 22:54:59'),
(4, 'HRA.', 1, '2022-02-16 22:55:10', '2022-02-16 22:55:10'),
(5, 'I.R.', 1, '2022-02-16 22:55:22', '2022-02-16 22:55:22'),
(6, 'Broom Allow.', 1, '2022-02-16 22:55:39', '2022-02-16 22:55:39'),
(7, 'Chatva Allow.', 1, '2022-02-16 22:56:00', '2022-02-16 22:56:00'),
(8, 'Cleaning Allow.', 1, '2022-02-16 22:56:18', '2022-02-16 22:56:18'),
(9, 'Deputation Allow.', 1, '2022-02-16 22:56:54', '2022-02-16 22:56:54'),
(10, 'Dis. Allow.', 1, '2022-02-16 22:57:12', '2022-02-16 22:57:12'),
(11, 'Vehicle Allow.', 1, '2022-02-16 22:57:34', '2022-02-16 22:57:34'),
(12, 'Other Allow.', 1, '2022-02-16 22:57:57', '2022-02-16 22:57:57'),
(13, 'D.A.Amt.', 1, '2022-03-07 00:23:09', '2022-03-07 00:23:09'),
(14, 'Bilingual allowance', 1, '2022-03-07 00:28:01', '2022-03-07 00:28:13'),
(15, 'Total Misc. Allow.', 1, '2022-03-07 00:28:50', '2022-03-07 00:28:50'),
(16, 'NPS(Emp.Share)(14%)', 1, '2022-03-07 00:32:37', '2022-03-07 00:32:37'),
(17, 'NPS10%(BASIC+DA10%)', 1, '2022-04-22 05:06:19', '2022-04-22 05:06:19');

-- --------------------------------------------------------

--
-- Table structure for table `announcements`
--

DROP TABLE IF EXISTS `announcements`;
CREATE TABLE IF NOT EXISTS `announcements` (
  `id` bigint(20) UNSIGNED NOT NULL AUTO_INCREMENT,
  `title` varchar(255) COLLATE utf8mb4_unicode_ci NOT NULL,
  `start_date` date NOT NULL,
  `end_date` date NOT NULL,
  `branch_id` int(11) NOT NULL,
  `department_id` varchar(255) COLLATE utf8mb4_unicode_ci NOT NULL,
  `employee_id` varchar(255) COLLATE utf8mb4_unicode_ci NOT NULL,
  `description` varchar(255) COLLATE utf8mb4_unicode_ci NOT NULL,
  `created_by` int(11) NOT NULL,
  `created_at` timestamp NULL DEFAULT NULL,
  `updated_at` timestamp NULL DEFAULT NULL,
  PRIMARY KEY (`id`)
) ENGINE=InnoDB AUTO_INCREMENT=3 DEFAULT CHARSET=utf8mb4 COLLATE=utf8mb4_unicode_ci ROW_FORMAT=DYNAMIC;

--
-- Dumping data for table `announcements`
--

INSERT INTO `announcements` (`id`, `title`, `start_date`, `end_date`, `branch_id`, `department_id`, `employee_id`, `description`, `created_by`, `created_at`, `updated_at`) VALUES
(1, 'abcd', '2022-04-11', '2022-04-11', 0, '0', '0', 'ASCX', 1, '2022-04-11 10:52:47', '2022-04-11 10:52:47'),
(2, 'aaaaa', '2022-05-11', '2022-06-11', 0, '0', '0', 'aaaaaa', 1, '2022-04-11 23:50:22', '2022-04-11 23:50:22');

-- --------------------------------------------------------

--
-- Table structure for table `announcement_employees`
--

DROP TABLE IF EXISTS `announcement_employees`;
CREATE TABLE IF NOT EXISTS `announcement_employees` (
  `id` bigint(20) UNSIGNED NOT NULL AUTO_INCREMENT,
  `announcement_id` int(11) NOT NULL,
  `employee_id` int(11) NOT NULL,
  `created_by` int(11) NOT NULL,
  `created_at` timestamp NULL DEFAULT NULL,
  `updated_at` timestamp NULL DEFAULT NULL,
  PRIMARY KEY (`id`)
) ENGINE=InnoDB DEFAULT CHARSET=utf8mb4 COLLATE=utf8mb4_unicode_ci ROW_FORMAT=DYNAMIC;

-- --------------------------------------------------------

--
-- Table structure for table `appraisals`
--

DROP TABLE IF EXISTS `appraisals`;
CREATE TABLE IF NOT EXISTS `appraisals` (
  `id` bigint(20) UNSIGNED NOT NULL AUTO_INCREMENT,
  `branch` int(11) NOT NULL DEFAULT '0',
  `employee` int(11) NOT NULL DEFAULT '0',
  `rating` varchar(255) COLLATE utf8mb4_unicode_ci DEFAULT NULL,
  `appraisal_date` varchar(255) COLLATE utf8mb4_unicode_ci NOT NULL,
  `customer_experience` int(11) NOT NULL DEFAULT '0',
  `marketing` int(11) NOT NULL DEFAULT '0',
  `administration` int(11) NOT NULL DEFAULT '0',
  `professionalism` int(11) NOT NULL DEFAULT '0',
  `integrity` int(11) NOT NULL DEFAULT '0',
  `attendance` int(11) NOT NULL DEFAULT '0',
  `remark` text COLLATE utf8mb4_unicode_ci,
  `created_by` int(11) NOT NULL DEFAULT '0',
  `created_at` timestamp NULL DEFAULT NULL,
  `updated_at` timestamp NULL DEFAULT NULL,
  PRIMARY KEY (`id`)
) ENGINE=InnoDB DEFAULT CHARSET=utf8mb4 COLLATE=utf8mb4_unicode_ci ROW_FORMAT=DYNAMIC;

-- --------------------------------------------------------

--
-- Table structure for table `assets`
--

DROP TABLE IF EXISTS `assets`;
CREATE TABLE IF NOT EXISTS `assets` (
  `id` bigint(20) UNSIGNED NOT NULL AUTO_INCREMENT,
  `name` varchar(255) COLLATE utf8mb4_unicode_ci NOT NULL,
  `purchase_date` date NOT NULL,
  `supported_date` date NOT NULL,
  `amount` double NOT NULL DEFAULT '0',
  `description` text COLLATE utf8mb4_unicode_ci,
  `created_by` int(11) NOT NULL DEFAULT '0',
  `created_at` timestamp NULL DEFAULT NULL,
  `updated_at` timestamp NULL DEFAULT NULL,
  PRIMARY KEY (`id`)
) ENGINE=InnoDB DEFAULT CHARSET=utf8mb4 COLLATE=utf8mb4_unicode_ci ROW_FORMAT=DYNAMIC;

-- --------------------------------------------------------

--
-- Table structure for table `attendance_employees`
--

DROP TABLE IF EXISTS `attendance_employees`;
CREATE TABLE IF NOT EXISTS `attendance_employees` (
  `id` bigint(20) UNSIGNED NOT NULL AUTO_INCREMENT,
  `employee_id` int(11) NOT NULL,
  `date` date NOT NULL,
  `status` varchar(255) COLLATE utf8mb4_unicode_ci NOT NULL,
  `clock_in` time NOT NULL,
  `clock_out` time NOT NULL,
  `late` time NOT NULL,
  `early_leaving` time NOT NULL,
  `overtime` time NOT NULL,
  `total_rest` time NOT NULL,
  `created_by` int(11) NOT NULL,
  `created_at` timestamp NULL DEFAULT NULL,
  `updated_at` timestamp NULL DEFAULT NULL,
  PRIMARY KEY (`id`)
) ENGINE=InnoDB AUTO_INCREMENT=581 DEFAULT CHARSET=utf8mb4 COLLATE=utf8mb4_unicode_ci ROW_FORMAT=DYNAMIC;

--
-- Dumping data for table `attendance_employees`
--

INSERT INTO `attendance_employees` (`id`, `employee_id`, `date`, `status`, `clock_in`, `clock_out`, `late`, `early_leaving`, `overtime`, `total_rest`, `created_by`, `created_at`, `updated_at`) VALUES
(5, 53, '2022-02-23', 'Leave', '00:00:00', '00:00:00', '00:00:00', '00:00:00', '00:00:00', '00:00:00', 1, '2022-04-23 05:25:57', '2022-04-23 05:25:57'),
(6, 50, '2022-02-23', 'Present', '10:00:00', '18:00:00', '01:00:00', '00:00:00', '00:00:00', '00:00:00', 1, '2022-04-23 05:25:57', '2022-04-23 05:25:57'),
(9, 23, '2022-03-20', 'Present', '06:00:00', '18:00:00', '00:00:00', '00:00:00', '00:00:00', '00:00:00', 1, '2022-04-23 21:39:45', '2022-04-23 21:39:45'),
(10, 23, '2022-03-21', 'Leave', '00:00:00', '00:00:00', '00:00:00', '00:00:00', '00:00:00', '00:00:00', 1, '2022-04-23 21:39:45', '2022-04-23 21:39:45'),
(11, 21, '2022-03-21', 'Leave', '00:00:00', '00:00:00', '00:00:00', '00:00:00', '00:00:00', '00:00:00', 1, '2022-04-23 21:39:45', '2022-04-23 21:39:45'),
(12, 40, '2022-03-01', 'Present', '10:00:00', '18:00:00', '00:00:00', '00:00:00', '00:00:00', '00:00:00', 1, '2022-04-24 08:23:09', '2022-04-24 21:48:54'),
(13, 41, '2022-03-01', 'Present', '10:00:00', '18:00:00', '00:00:00', '00:00:00', '00:00:00', '00:00:00', 1, '2022-04-24 08:23:09', '2022-04-24 21:48:54'),
(14, 42, '2022-03-01', 'Present', '10:00:00', '18:00:00', '00:00:00', '00:00:00', '00:00:00', '00:00:00', 1, '2022-04-24 08:23:09', '2022-04-24 21:48:54'),
(15, 43, '2022-03-01', 'Present', '10:00:00', '18:00:00', '00:00:00', '00:00:00', '00:00:00', '00:00:00', 1, '2022-04-24 08:23:09', '2022-04-25 00:04:20'),
(16, 44, '2022-03-01', 'Present', '10:00:00', '18:00:00', '00:00:00', '00:00:00', '00:00:00', '00:00:00', 1, '2022-04-24 08:23:09', '2022-04-25 00:04:20'),
(17, 45, '2022-03-01', 'Present', '10:00:00', '18:00:00', '00:00:00', '00:00:00', '00:00:00', '00:00:00', 1, '2022-04-24 08:23:09', '2022-04-24 21:48:54'),
(18, 46, '2022-03-01', 'Present', '10:00:00', '18:00:00', '00:00:00', '00:00:00', '00:00:00', '00:00:00', 1, '2022-04-24 08:23:09', '2022-04-25 00:04:20'),
(19, 38, '2022-03-01', 'Present', '10:00:00', '18:00:00', '00:00:00', '00:00:00', '00:00:00', '00:00:00', 1, '2022-04-24 08:23:09', '2022-04-24 21:48:54'),
(20, 37, '2022-03-01', 'Present', '10:00:00', '18:00:00', '00:00:00', '00:00:00', '00:00:00', '00:00:00', 1, '2022-04-24 08:23:10', '2022-04-24 21:48:54'),
(22, 53, '2022-03-01', 'Present', '10:00:00', '18:00:00', '01:00:00', '00:00:00', '00:00:00', '00:00:00', 1, '2022-04-24 08:34:05', '2022-04-24 08:34:05'),
(26, 39, '2022-03-02', 'Present', '10:00:00', '18:00:00', '00:00:00', '00:00:00', '00:00:00', '00:00:00', 1, '2022-04-24 13:09:18', '2022-04-24 22:03:59'),
(27, 39, '2022-03-03', 'Present', '10:00:00', '18:00:00', '00:00:00', '00:00:00', '00:00:00', '00:00:00', 1, '2022-04-24 13:09:18', '2022-04-24 23:52:40'),
(28, 39, '2022-03-04', 'Present', '10:00:00', '18:00:00', '00:00:00', '00:00:00', '00:00:00', '00:00:00', 1, '2022-04-24 13:09:18', '2022-04-24 23:53:18'),
(29, 39, '2022-03-05', 'Present', '10:00:00', '18:00:00', '00:00:00', '00:00:00', '00:00:00', '00:00:00', 1, '2022-04-24 13:09:18', '2022-04-24 23:53:56'),
(30, 39, '2022-03-06', 'Present', '10:00:00', '18:00:00', '00:00:00', '00:00:00', '00:00:00', '00:00:00', 1, '2022-04-24 13:09:18', '2022-04-24 23:54:45'),
(31, 39, '2022-03-07', 'Present', '10:00:00', '18:00:00', '00:00:00', '00:00:00', '00:00:00', '00:00:00', 1, '2022-04-24 13:09:18', '2022-04-24 23:55:20'),
(32, 39, '2022-03-08', 'Present', '10:00:00', '18:00:00', '00:00:00', '00:00:00', '00:00:00', '00:00:00', 1, '2022-04-24 13:09:18', '2022-04-24 23:56:01'),
(33, 39, '2022-03-09', 'Present', '10:00:00', '18:00:00', '00:00:00', '00:00:00', '00:00:00', '00:00:00', 1, '2022-04-24 13:09:18', '2022-04-24 23:56:43'),
(34, 39, '2022-03-10', 'Present', '10:00:00', '18:00:00', '00:00:00', '00:00:00', '00:00:00', '00:00:00', 1, '2022-04-24 13:09:18', '2022-04-24 14:34:14'),
(35, 39, '2022-03-11', 'Present', '10:00:00', '18:00:00', '00:00:00', '00:00:00', '00:00:00', '00:00:00', 1, '2022-04-24 13:09:18', '2022-04-24 14:33:41'),
(36, 39, '2022-03-12', 'Present', '10:00:00', '18:00:00', '00:00:00', '00:00:00', '00:00:00', '00:00:00', 1, '2022-04-24 13:09:18', '2022-04-24 14:32:38'),
(37, 39, '2022-03-13', 'Present', '10:00:00', '18:00:00', '00:00:00', '00:00:00', '00:00:00', '00:00:00', 1, '2022-04-24 13:09:18', '2022-04-24 14:31:37'),
(38, 39, '2022-03-14', 'Present', '10:00:00', '18:00:00', '00:00:00', '00:00:00', '00:00:00', '00:00:00', 1, '2022-04-24 13:09:18', '2022-04-24 14:31:00'),
(39, 39, '2022-03-15', 'Present', '10:00:00', '18:00:00', '00:00:00', '00:00:00', '00:00:00', '00:00:00', 1, '2022-04-24 13:09:18', '2022-04-24 14:29:45'),
(40, 39, '2022-03-16', 'Present', '10:00:00', '18:00:00', '00:00:00', '00:00:00', '00:00:00', '00:00:00', 1, '2022-04-24 13:09:18', '2022-04-24 14:28:51'),
(41, 39, '2022-03-25', 'Present', '10:00:00', '18:00:00', '00:00:00', '00:00:00', '00:00:00', '00:00:00', 1, '2022-04-24 13:24:53', '2022-04-24 23:59:22'),
(42, 39, '2022-03-26', 'Present', '10:00:00', '18:00:00', '00:00:00', '00:00:00', '00:00:00', '00:00:00', 1, '2022-04-24 13:24:53', '2022-04-24 14:18:03'),
(43, 39, '2022-03-27', 'Present', '10:00:00', '18:00:00', '00:00:00', '00:00:00', '00:00:00', '00:00:00', 1, '2022-04-24 13:24:53', '2022-04-24 14:17:28'),
(44, 39, '2022-03-28', 'Present', '10:00:00', '18:00:00', '00:00:00', '00:00:00', '00:00:00', '00:00:00', 1, '2022-04-24 13:24:53', '2022-04-24 14:16:23'),
(45, 39, '2022-03-29', 'Present', '10:00:00', '18:00:00', '00:00:00', '00:00:00', '00:00:00', '00:00:00', 1, '2022-04-24 13:24:53', '2022-04-24 14:14:44'),
(46, 39, '2022-03-30', 'Present', '10:00:00', '18:00:00', '00:00:00', '00:00:00', '00:00:00', '00:00:00', 1, '2022-04-24 13:30:11', '2022-04-24 14:03:27'),
(47, 39, '2022-03-31', 'Present', '10:00:00', '18:00:00', '00:00:00', '00:00:00', '00:00:00', '00:00:00', 1, '2022-04-24 13:30:11', '2022-04-24 14:07:52'),
(48, 39, '2022-03-23', 'Present', '10:00:00', '18:00:00', '00:00:00', '00:00:00', '00:00:00', '00:00:00', 1, '2022-04-24 13:31:21', '2022-04-24 14:21:12'),
(49, 39, '2022-03-24', 'Present', '10:00:00', '18:00:00', '00:00:00', '00:00:00', '00:00:00', '00:00:00', 1, '2022-04-24 13:31:21', '2022-04-24 23:58:48'),
(50, 39, '2022-03-21', 'Present', '10:00:00', '18:00:00', '00:00:00', '00:00:00', '00:00:00', '00:00:00', 1, '2022-04-24 13:35:07', '2022-04-24 14:22:46'),
(51, 39, '2022-03-22', 'Present', '10:00:00', '18:00:00', '00:00:00', '00:00:00', '00:00:00', '00:00:00', 1, '2022-04-24 13:35:07', '2022-04-24 14:22:06'),
(52, 39, '2022-03-17', 'Present', '10:00:00', '18:00:00', '00:00:00', '00:00:00', '00:00:00', '00:00:00', 1, '2022-04-24 13:36:15', '2022-04-24 14:28:00'),
(53, 39, '2022-03-18', 'Present', '10:00:00', '18:00:00', '00:00:00', '00:00:00', '00:00:00', '00:00:00', 1, '2022-04-24 13:36:15', '2022-04-24 14:27:23'),
(54, 39, '2022-03-19', 'Present', '10:00:00', '18:00:00', '00:00:00', '00:00:00', '00:00:00', '00:00:00', 1, '2022-04-24 13:39:20', '2022-04-24 14:26:27'),
(55, 39, '2022-03-20', 'Present', '10:00:00', '18:00:00', '00:00:00', '00:00:00', '00:00:00', '00:00:00', 1, '2022-04-24 13:39:20', '2022-04-24 14:23:44'),
(57, 39, '2022-03-01', 'Present', '10:00:00', '18:00:00', '00:00:00', '00:00:00', '00:00:00', '00:00:00', 1, '2022-04-24 13:57:25', '2022-04-24 21:48:54'),
(58, 41, '2022-03-30', 'Present', '10:00:00', '18:00:00', '00:00:00', '00:00:00', '00:00:00', '00:00:00', 1, '2022-04-24 14:01:06', '2022-04-24 14:03:27'),
(59, 42, '2022-03-30', 'Present', '10:00:00', '18:00:00', '00:00:00', '00:00:00', '00:00:00', '00:00:00', 1, '2022-04-24 14:01:06', '2022-04-24 14:03:27'),
(60, 43, '2022-03-30', 'Present', '10:00:00', '18:00:00', '00:00:00', '00:00:00', '00:00:00', '00:00:00', 1, '2022-04-24 14:01:06', '2022-04-24 14:03:27'),
(61, 44, '2022-03-30', 'Present', '10:00:00', '18:00:00', '00:00:00', '00:00:00', '00:00:00', '00:00:00', 1, '2022-04-24 14:01:06', '2022-04-24 14:03:27'),
(62, 45, '2022-03-30', 'Present', '10:00:00', '18:00:00', '00:00:00', '00:00:00', '00:00:00', '00:00:00', 1, '2022-04-24 14:01:06', '2022-04-24 14:03:27'),
(63, 46, '2022-03-30', 'Present', '10:00:00', '18:00:00', '00:00:00', '00:00:00', '00:00:00', '00:00:00', 1, '2022-04-24 14:01:06', '2022-04-24 14:03:27'),
(64, 38, '2022-03-30', 'Present', '10:00:00', '18:00:00', '00:00:00', '00:00:00', '00:00:00', '00:00:00', 1, '2022-04-24 14:01:06', '2022-04-24 14:03:27'),
(65, 37, '2022-03-30', 'Present', '10:00:00', '18:00:00', '00:00:00', '00:00:00', '00:00:00', '00:00:00', 1, '2022-04-24 14:01:06', '2022-04-24 14:03:28'),
(66, 40, '2022-03-30', 'Present', '10:00:00', '18:00:00', '00:00:00', '00:00:00', '00:00:00', '00:00:00', 1, '2022-04-24 14:03:27', '2022-04-24 14:03:27'),
(67, 40, '2022-03-31', 'Present', '10:00:00', '18:00:00', '00:00:00', '00:00:00', '00:00:00', '00:00:00', 1, '2022-04-24 14:07:52', '2022-04-24 14:07:52'),
(68, 41, '2022-03-31', 'Present', '10:00:00', '18:00:00', '00:00:00', '00:00:00', '00:00:00', '00:00:00', 1, '2022-04-24 14:07:52', '2022-04-24 14:07:52'),
(69, 42, '2022-03-31', 'Present', '10:00:00', '18:00:00', '00:00:00', '00:00:00', '00:00:00', '00:00:00', 1, '2022-04-24 14:07:52', '2022-04-24 14:07:52'),
(70, 43, '2022-03-31', 'Present', '10:00:00', '18:00:00', '00:00:00', '00:00:00', '00:00:00', '00:00:00', 1, '2022-04-24 14:07:52', '2022-04-24 14:07:52'),
(71, 44, '2022-03-31', 'Present', '10:00:00', '18:00:00', '00:00:00', '00:00:00', '00:00:00', '00:00:00', 1, '2022-04-24 14:07:52', '2022-04-24 14:07:52'),
(72, 45, '2022-03-31', 'Present', '10:00:00', '18:00:00', '00:00:00', '00:00:00', '00:00:00', '00:00:00', 1, '2022-04-24 14:07:52', '2022-04-24 14:07:52'),
(73, 46, '2022-03-31', 'Present', '10:00:00', '18:00:00', '00:00:00', '00:00:00', '00:00:00', '00:00:00', 1, '2022-04-24 14:07:52', '2022-04-24 14:07:52'),
(74, 38, '2022-03-31', 'Present', '10:00:00', '18:00:00', '00:00:00', '00:00:00', '00:00:00', '00:00:00', 1, '2022-04-24 14:07:52', '2022-04-24 14:07:52'),
(75, 37, '2022-03-31', 'Present', '10:00:00', '18:00:00', '00:00:00', '00:00:00', '00:00:00', '00:00:00', 1, '2022-04-24 14:07:52', '2022-04-24 14:07:52'),
(76, 40, '2022-03-29', 'Present', '10:00:00', '18:00:00', '00:00:00', '00:00:00', '00:00:00', '00:00:00', 1, '2022-04-24 14:14:44', '2022-04-24 14:14:44'),
(77, 41, '2022-03-29', 'Present', '10:00:00', '18:00:00', '00:00:00', '00:00:00', '00:00:00', '00:00:00', 1, '2022-04-24 14:14:44', '2022-04-24 14:14:44'),
(78, 42, '2022-03-29', 'Present', '10:00:00', '18:00:00', '00:00:00', '00:00:00', '00:00:00', '00:00:00', 1, '2022-04-24 14:14:44', '2022-04-24 14:14:44'),
(79, 43, '2022-03-29', 'Present', '10:00:00', '18:00:00', '00:00:00', '00:00:00', '00:00:00', '00:00:00', 1, '2022-04-24 14:14:44', '2022-04-24 14:14:44'),
(80, 44, '2022-03-29', 'Present', '10:00:00', '18:00:00', '00:00:00', '00:00:00', '00:00:00', '00:00:00', 1, '2022-04-24 14:14:44', '2022-04-24 14:14:44'),
(81, 45, '2022-03-29', 'Present', '10:00:00', '18:00:00', '00:00:00', '00:00:00', '00:00:00', '00:00:00', 1, '2022-04-24 14:14:44', '2022-04-24 14:14:44'),
(82, 46, '2022-03-29', 'Present', '10:00:00', '18:00:00', '00:00:00', '00:00:00', '00:00:00', '00:00:00', 1, '2022-04-24 14:14:44', '2022-04-24 14:14:44'),
(83, 38, '2022-03-29', 'Present', '10:00:00', '18:00:00', '00:00:00', '00:00:00', '00:00:00', '00:00:00', 1, '2022-04-24 14:14:44', '2022-04-24 14:14:44'),
(84, 37, '2022-03-29', 'Present', '10:00:00', '18:00:00', '00:00:00', '00:00:00', '00:00:00', '00:00:00', 1, '2022-04-24 14:14:44', '2022-04-24 14:14:44'),
(85, 40, '2022-03-28', 'Present', '10:00:00', '18:00:00', '00:00:00', '00:00:00', '00:00:00', '00:00:00', 1, '2022-04-24 14:16:23', '2022-04-24 14:16:23'),
(86, 41, '2022-03-28', 'Present', '10:00:00', '18:00:00', '00:00:00', '00:00:00', '00:00:00', '00:00:00', 1, '2022-04-24 14:16:23', '2022-04-24 14:16:23'),
(87, 42, '2022-03-28', 'Present', '10:00:00', '18:00:00', '00:00:00', '00:00:00', '00:00:00', '00:00:00', 1, '2022-04-24 14:16:23', '2022-04-24 14:16:23'),
(88, 43, '2022-03-28', 'Present', '10:00:00', '18:00:00', '00:00:00', '00:00:00', '00:00:00', '00:00:00', 1, '2022-04-24 14:16:23', '2022-04-24 14:16:23'),
(89, 44, '2022-03-28', 'Present', '10:00:00', '18:00:00', '00:00:00', '00:00:00', '00:00:00', '00:00:00', 1, '2022-04-24 14:16:23', '2022-04-24 14:16:23'),
(90, 45, '2022-03-28', 'Present', '10:00:00', '18:00:00', '00:00:00', '00:00:00', '00:00:00', '00:00:00', 1, '2022-04-24 14:16:23', '2022-04-24 14:16:23'),
(91, 46, '2022-03-28', 'Present', '10:00:00', '18:00:00', '00:00:00', '00:00:00', '00:00:00', '00:00:00', 1, '2022-04-24 14:16:23', '2022-04-24 14:16:23'),
(92, 38, '2022-03-28', 'Present', '10:00:00', '18:00:00', '00:00:00', '00:00:00', '00:00:00', '00:00:00', 1, '2022-04-24 14:16:23', '2022-04-24 14:16:23'),
(93, 37, '2022-03-28', 'Present', '10:00:00', '18:00:00', '00:00:00', '00:00:00', '00:00:00', '00:00:00', 1, '2022-04-24 14:16:23', '2022-04-24 14:16:23'),
(94, 40, '2022-03-27', 'Present', '10:00:00', '18:00:00', '00:00:00', '00:00:00', '00:00:00', '00:00:00', 1, '2022-04-24 14:17:28', '2022-04-24 14:17:28'),
(95, 41, '2022-03-27', 'Present', '10:00:00', '18:00:00', '00:00:00', '00:00:00', '00:00:00', '00:00:00', 1, '2022-04-24 14:17:28', '2022-04-24 14:17:28'),
(96, 42, '2022-03-27', 'Present', '10:00:00', '18:00:00', '00:00:00', '00:00:00', '00:00:00', '00:00:00', 1, '2022-04-24 14:17:28', '2022-04-24 14:17:28'),
(97, 43, '2022-03-27', 'Present', '10:00:00', '18:00:00', '00:00:00', '00:00:00', '00:00:00', '00:00:00', 1, '2022-04-24 14:17:28', '2022-04-24 14:17:28'),
(98, 44, '2022-03-27', 'Present', '10:00:00', '18:00:00', '00:00:00', '00:00:00', '00:00:00', '00:00:00', 1, '2022-04-24 14:17:28', '2022-04-24 14:17:28'),
(99, 45, '2022-03-27', 'Present', '10:00:00', '18:00:00', '00:00:00', '00:00:00', '00:00:00', '00:00:00', 1, '2022-04-24 14:17:28', '2022-04-24 14:17:28'),
(100, 46, '2022-03-27', 'Present', '10:00:00', '18:00:00', '00:00:00', '00:00:00', '00:00:00', '00:00:00', 1, '2022-04-24 14:17:28', '2022-04-24 14:17:28'),
(101, 38, '2022-03-27', 'Present', '10:00:00', '18:00:00', '00:00:00', '00:00:00', '00:00:00', '00:00:00', 1, '2022-04-24 14:17:28', '2022-04-24 14:17:28'),
(102, 37, '2022-03-27', 'Present', '10:00:00', '18:00:00', '00:00:00', '00:00:00', '00:00:00', '00:00:00', 1, '2022-04-24 14:17:28', '2022-04-24 14:17:28'),
(103, 40, '2022-03-26', 'Present', '10:00:00', '18:00:00', '00:00:00', '00:00:00', '00:00:00', '00:00:00', 1, '2022-04-24 14:18:03', '2022-04-24 14:18:03'),
(104, 41, '2022-03-26', 'Present', '10:00:00', '18:00:00', '00:00:00', '00:00:00', '00:00:00', '00:00:00', 1, '2022-04-24 14:18:03', '2022-04-24 14:18:03'),
(105, 42, '2022-03-26', 'Present', '10:00:00', '18:00:00', '00:00:00', '00:00:00', '00:00:00', '00:00:00', 1, '2022-04-24 14:18:03', '2022-04-24 14:18:03'),
(106, 43, '2022-03-26', 'Present', '10:00:00', '18:00:00', '00:00:00', '00:00:00', '00:00:00', '00:00:00', 1, '2022-04-24 14:18:03', '2022-04-24 14:18:03'),
(107, 44, '2022-03-26', 'Present', '10:00:00', '18:00:00', '00:00:00', '00:00:00', '00:00:00', '00:00:00', 1, '2022-04-24 14:18:03', '2022-04-24 14:18:03'),
(108, 45, '2022-03-26', 'Present', '10:00:00', '18:00:00', '00:00:00', '00:00:00', '00:00:00', '00:00:00', 1, '2022-04-24 14:18:03', '2022-04-24 14:18:03'),
(109, 46, '2022-03-26', 'Present', '10:00:00', '18:00:00', '00:00:00', '00:00:00', '00:00:00', '00:00:00', 1, '2022-04-24 14:18:03', '2022-04-24 14:18:03'),
(110, 38, '2022-03-26', 'Present', '10:00:00', '18:00:00', '00:00:00', '00:00:00', '00:00:00', '00:00:00', 1, '2022-04-24 14:18:03', '2022-04-24 14:18:03'),
(111, 37, '2022-03-26', 'Present', '10:00:00', '18:00:00', '00:00:00', '00:00:00', '00:00:00', '00:00:00', 1, '2022-04-24 14:18:03', '2022-04-24 14:18:03'),
(112, 40, '2022-03-25', 'Present', '10:00:00', '18:00:00', '00:00:00', '00:00:00', '00:00:00', '00:00:00', 1, '2022-04-24 14:19:18', '2022-04-24 23:59:22'),
(113, 41, '2022-03-25', 'Present', '10:00:00', '18:00:00', '00:00:00', '00:00:00', '00:00:00', '00:00:00', 1, '2022-04-24 14:19:18', '2022-04-24 23:59:22'),
(114, 42, '2022-03-25', 'Present', '10:00:00', '18:00:00', '00:00:00', '00:00:00', '00:00:00', '00:00:00', 1, '2022-04-24 14:19:19', '2022-04-24 23:59:22'),
(115, 43, '2022-03-25', 'Present', '10:00:00', '18:00:00', '00:00:00', '00:00:00', '00:00:00', '00:00:00', 1, '2022-04-24 14:19:19', '2022-04-24 23:59:22'),
(116, 44, '2022-03-25', 'Present', '10:00:00', '18:00:00', '00:00:00', '00:00:00', '00:00:00', '00:00:00', 1, '2022-04-24 14:19:19', '2022-04-24 23:59:22'),
(117, 45, '2022-03-25', 'Present', '10:00:00', '18:00:00', '00:00:00', '00:00:00', '00:00:00', '00:00:00', 1, '2022-04-24 14:19:19', '2022-04-24 23:59:22'),
(118, 46, '2022-03-25', 'Present', '10:00:00', '18:00:00', '00:00:00', '00:00:00', '00:00:00', '00:00:00', 1, '2022-04-24 14:19:19', '2022-04-24 23:59:22'),
(119, 38, '2022-03-25', 'Present', '10:00:00', '18:00:00', '00:00:00', '00:00:00', '00:00:00', '00:00:00', 1, '2022-04-24 14:19:19', '2022-04-24 23:59:22'),
(120, 37, '2022-03-25', 'Present', '10:00:00', '18:00:00', '00:00:00', '00:00:00', '00:00:00', '00:00:00', 1, '2022-04-24 14:19:19', '2022-04-24 23:59:22'),
(121, 40, '2022-03-24', 'Present', '10:00:00', '18:00:00', '00:00:00', '00:00:00', '00:00:00', '00:00:00', 1, '2022-04-24 14:20:22', '2022-04-24 23:58:48'),
(122, 41, '2022-03-24', 'Present', '10:00:00', '18:00:00', '00:00:00', '00:00:00', '00:00:00', '00:00:00', 1, '2022-04-24 14:20:22', '2022-04-24 23:58:48'),
(123, 42, '2022-03-24', 'Present', '10:00:00', '18:00:00', '00:00:00', '00:00:00', '00:00:00', '00:00:00', 1, '2022-04-24 14:20:22', '2022-04-24 23:58:48'),
(124, 43, '2022-03-24', 'Present', '10:00:00', '18:00:00', '00:00:00', '00:00:00', '00:00:00', '00:00:00', 1, '2022-04-24 14:20:22', '2022-04-24 23:58:48'),
(125, 44, '2022-03-24', 'Present', '10:00:00', '18:00:00', '00:00:00', '00:00:00', '00:00:00', '00:00:00', 1, '2022-04-24 14:20:22', '2022-04-24 23:58:48'),
(126, 45, '2022-03-24', 'Present', '10:00:00', '18:00:00', '00:00:00', '00:00:00', '00:00:00', '00:00:00', 1, '2022-04-24 14:20:22', '2022-04-24 23:58:48'),
(127, 46, '2022-03-24', 'Present', '10:00:00', '18:00:00', '00:00:00', '00:00:00', '00:00:00', '00:00:00', 1, '2022-04-24 14:20:22', '2022-04-24 23:58:48'),
(128, 38, '2022-03-24', 'Present', '10:00:00', '18:00:00', '00:00:00', '00:00:00', '00:00:00', '00:00:00', 1, '2022-04-24 14:20:22', '2022-04-24 23:58:48'),
(129, 37, '2022-03-24', 'Present', '10:00:00', '18:00:00', '00:00:00', '00:00:00', '00:00:00', '00:00:00', 1, '2022-04-24 14:20:22', '2022-04-24 23:58:48'),
(130, 40, '2022-03-23', 'Present', '10:00:00', '18:00:00', '00:00:00', '00:00:00', '00:00:00', '00:00:00', 1, '2022-04-24 14:21:12', '2022-04-24 14:21:12'),
(131, 41, '2022-03-23', 'Present', '10:00:00', '18:00:00', '00:00:00', '00:00:00', '00:00:00', '00:00:00', 1, '2022-04-24 14:21:12', '2022-04-24 14:21:12'),
(132, 42, '2022-03-23', 'Present', '10:00:00', '18:00:00', '00:00:00', '00:00:00', '00:00:00', '00:00:00', 1, '2022-04-24 14:21:12', '2022-04-24 14:21:12'),
(133, 43, '2022-03-23', 'Present', '10:00:00', '18:00:00', '00:00:00', '00:00:00', '00:00:00', '00:00:00', 1, '2022-04-24 14:21:12', '2022-04-24 14:21:12'),
(134, 44, '2022-03-23', 'Present', '10:00:00', '18:00:00', '00:00:00', '00:00:00', '00:00:00', '00:00:00', 1, '2022-04-24 14:21:12', '2022-04-24 14:21:12'),
(135, 45, '2022-03-23', 'Present', '10:00:00', '18:00:00', '00:00:00', '00:00:00', '00:00:00', '00:00:00', 1, '2022-04-24 14:21:12', '2022-04-24 14:21:12'),
(136, 46, '2022-03-23', 'Present', '10:00:00', '18:00:00', '00:00:00', '00:00:00', '00:00:00', '00:00:00', 1, '2022-04-24 14:21:12', '2022-04-24 14:21:12'),
(137, 38, '2022-03-23', 'Present', '10:00:00', '18:00:00', '00:00:00', '00:00:00', '00:00:00', '00:00:00', 1, '2022-04-24 14:21:12', '2022-04-24 14:21:12'),
(138, 37, '2022-03-23', 'Present', '10:00:00', '18:00:00', '00:00:00', '00:00:00', '00:00:00', '00:00:00', 1, '2022-04-24 14:21:12', '2022-04-24 14:21:12'),
(139, 40, '2022-03-22', 'Present', '10:00:00', '18:00:00', '00:00:00', '00:00:00', '00:00:00', '00:00:00', 1, '2022-04-24 14:22:06', '2022-04-24 14:22:06'),
(140, 41, '2022-03-22', 'Present', '10:00:00', '18:00:00', '00:00:00', '00:00:00', '00:00:00', '00:00:00', 1, '2022-04-24 14:22:06', '2022-04-24 14:22:06'),
(141, 42, '2022-03-22', 'Present', '10:00:00', '18:00:00', '00:00:00', '00:00:00', '00:00:00', '00:00:00', 1, '2022-04-24 14:22:06', '2022-04-24 14:22:06'),
(142, 43, '2022-03-22', 'Present', '10:00:00', '18:00:00', '00:00:00', '00:00:00', '00:00:00', '00:00:00', 1, '2022-04-24 14:22:06', '2022-04-24 14:22:06'),
(143, 44, '2022-03-22', 'Present', '10:00:00', '18:00:00', '00:00:00', '00:00:00', '00:00:00', '00:00:00', 1, '2022-04-24 14:22:06', '2022-04-24 14:22:06'),
(144, 45, '2022-03-22', 'Present', '10:00:00', '18:00:00', '00:00:00', '00:00:00', '00:00:00', '00:00:00', 1, '2022-04-24 14:22:06', '2022-04-24 14:22:06'),
(145, 46, '2022-03-22', 'Present', '10:00:00', '18:00:00', '00:00:00', '00:00:00', '00:00:00', '00:00:00', 1, '2022-04-24 14:22:06', '2022-04-24 14:22:06'),
(146, 38, '2022-03-22', 'Present', '10:00:00', '18:00:00', '00:00:00', '00:00:00', '00:00:00', '00:00:00', 1, '2022-04-24 14:22:06', '2022-04-24 14:22:06'),
(147, 37, '2022-03-22', 'Present', '10:00:00', '18:00:00', '00:00:00', '00:00:00', '00:00:00', '00:00:00', 1, '2022-04-24 14:22:06', '2022-04-24 14:22:06'),
(148, 40, '2022-03-21', 'Present', '10:00:00', '18:00:00', '00:00:00', '00:00:00', '00:00:00', '00:00:00', 1, '2022-04-24 14:22:46', '2022-04-24 14:22:46'),
(149, 41, '2022-03-21', 'Present', '10:00:00', '18:00:00', '00:00:00', '00:00:00', '00:00:00', '00:00:00', 1, '2022-04-24 14:22:47', '2022-04-24 14:22:47'),
(150, 42, '2022-03-21', 'Present', '10:00:00', '18:00:00', '00:00:00', '00:00:00', '00:00:00', '00:00:00', 1, '2022-04-24 14:22:47', '2022-04-24 14:22:47'),
(151, 43, '2022-03-21', 'Present', '10:00:00', '18:00:00', '00:00:00', '00:00:00', '00:00:00', '00:00:00', 1, '2022-04-24 14:22:47', '2022-04-24 14:22:47'),
(152, 44, '2022-03-21', 'Present', '10:00:00', '18:00:00', '00:00:00', '00:00:00', '00:00:00', '00:00:00', 1, '2022-04-24 14:22:47', '2022-04-24 14:22:47'),
(153, 45, '2022-03-21', 'Present', '10:00:00', '18:00:00', '00:00:00', '00:00:00', '00:00:00', '00:00:00', 1, '2022-04-24 14:22:47', '2022-04-24 14:22:47'),
(154, 46, '2022-03-21', 'Present', '10:00:00', '18:00:00', '00:00:00', '00:00:00', '00:00:00', '00:00:00', 1, '2022-04-24 14:22:47', '2022-04-24 14:22:47'),
(155, 38, '2022-03-21', 'Present', '10:00:00', '18:00:00', '00:00:00', '00:00:00', '00:00:00', '00:00:00', 1, '2022-04-24 14:22:47', '2022-04-24 14:22:47'),
(156, 37, '2022-03-21', 'Present', '10:00:00', '18:00:00', '00:00:00', '00:00:00', '00:00:00', '00:00:00', 1, '2022-04-24 14:22:47', '2022-04-24 14:22:47'),
(157, 40, '2022-03-20', 'Present', '10:00:00', '18:00:00', '00:00:00', '00:00:00', '00:00:00', '00:00:00', 1, '2022-04-24 14:23:44', '2022-04-24 14:23:44'),
(158, 41, '2022-03-20', 'Present', '10:00:00', '18:00:00', '00:00:00', '00:00:00', '00:00:00', '00:00:00', 1, '2022-04-24 14:23:44', '2022-04-24 14:23:44'),
(159, 42, '2022-03-20', 'Present', '10:00:00', '18:00:00', '00:00:00', '00:00:00', '00:00:00', '00:00:00', 1, '2022-04-24 14:23:44', '2022-04-24 14:23:44'),
(160, 43, '2022-03-20', 'Present', '10:00:00', '18:00:00', '00:00:00', '00:00:00', '00:00:00', '00:00:00', 1, '2022-04-24 14:23:44', '2022-04-24 14:23:44'),
(161, 44, '2022-03-20', 'Present', '10:00:00', '18:00:00', '00:00:00', '00:00:00', '00:00:00', '00:00:00', 1, '2022-04-24 14:23:44', '2022-04-24 14:23:44'),
(162, 45, '2022-03-20', 'Present', '10:00:00', '18:00:00', '00:00:00', '00:00:00', '00:00:00', '00:00:00', 1, '2022-04-24 14:23:44', '2022-04-24 14:23:44'),
(163, 46, '2022-03-20', 'Present', '10:00:00', '18:00:00', '00:00:00', '00:00:00', '00:00:00', '00:00:00', 1, '2022-04-24 14:23:44', '2022-04-24 14:23:44'),
(164, 38, '2022-03-20', 'Present', '10:00:00', '18:00:00', '00:00:00', '00:00:00', '00:00:00', '00:00:00', 1, '2022-04-24 14:23:44', '2022-04-24 14:23:44'),
(165, 37, '2022-03-20', 'Present', '10:00:00', '18:00:00', '00:00:00', '00:00:00', '00:00:00', '00:00:00', 1, '2022-04-24 14:23:44', '2022-04-24 14:23:44'),
(166, 40, '2022-03-19', 'Present', '10:00:00', '18:00:00', '00:00:00', '00:00:00', '00:00:00', '00:00:00', 1, '2022-04-24 14:26:27', '2022-04-24 14:26:27'),
(167, 41, '2022-03-19', 'Present', '10:00:00', '18:00:00', '00:00:00', '00:00:00', '00:00:00', '00:00:00', 1, '2022-04-24 14:26:27', '2022-04-24 14:26:27'),
(168, 42, '2022-03-19', 'Present', '10:00:00', '18:00:00', '00:00:00', '00:00:00', '00:00:00', '00:00:00', 1, '2022-04-24 14:26:27', '2022-04-24 14:26:27'),
(169, 43, '2022-03-19', 'Present', '10:00:00', '18:00:00', '00:00:00', '00:00:00', '00:00:00', '00:00:00', 1, '2022-04-24 14:26:27', '2022-04-24 14:26:27'),
(170, 44, '2022-03-19', 'Present', '10:00:00', '18:00:00', '00:00:00', '00:00:00', '00:00:00', '00:00:00', 1, '2022-04-24 14:26:27', '2022-04-24 14:26:27'),
(171, 45, '2022-03-19', 'Present', '10:00:00', '18:00:00', '00:00:00', '00:00:00', '00:00:00', '00:00:00', 1, '2022-04-24 14:26:27', '2022-04-24 14:26:27'),
(172, 46, '2022-03-19', 'Present', '10:00:00', '18:00:00', '00:00:00', '00:00:00', '00:00:00', '00:00:00', 1, '2022-04-24 14:26:27', '2022-04-24 14:26:27'),
(173, 38, '2022-03-19', 'Present', '10:00:00', '18:00:00', '00:00:00', '00:00:00', '00:00:00', '00:00:00', 1, '2022-04-24 14:26:27', '2022-04-24 14:26:27'),
(174, 37, '2022-03-19', 'Present', '10:00:00', '18:00:00', '00:00:00', '00:00:00', '00:00:00', '00:00:00', 1, '2022-04-24 14:26:27', '2022-04-24 14:26:27'),
(175, 40, '2022-03-18', 'Present', '10:00:00', '18:00:00', '00:00:00', '00:00:00', '00:00:00', '00:00:00', 1, '2022-04-24 14:27:23', '2022-04-24 14:27:23'),
(176, 41, '2022-03-18', 'Present', '10:00:00', '18:00:00', '00:00:00', '00:00:00', '00:00:00', '00:00:00', 1, '2022-04-24 14:27:23', '2022-04-24 14:27:23'),
(177, 42, '2022-03-18', 'Present', '10:00:00', '18:00:00', '00:00:00', '00:00:00', '00:00:00', '00:00:00', 1, '2022-04-24 14:27:23', '2022-04-24 14:27:23'),
(178, 43, '2022-03-18', 'Present', '10:00:00', '18:00:00', '00:00:00', '00:00:00', '00:00:00', '00:00:00', 1, '2022-04-24 14:27:23', '2022-04-24 14:27:23'),
(179, 44, '2022-03-18', 'Present', '10:00:00', '18:00:00', '00:00:00', '00:00:00', '00:00:00', '00:00:00', 1, '2022-04-24 14:27:23', '2022-04-24 14:27:23'),
(180, 45, '2022-03-18', 'Present', '10:00:00', '18:00:00', '00:00:00', '00:00:00', '00:00:00', '00:00:00', 1, '2022-04-24 14:27:23', '2022-04-24 14:27:23'),
(181, 46, '2022-03-18', 'Present', '10:00:00', '18:00:00', '00:00:00', '00:00:00', '00:00:00', '00:00:00', 1, '2022-04-24 14:27:23', '2022-04-24 14:27:23'),
(182, 38, '2022-03-18', 'Present', '10:00:00', '18:00:00', '00:00:00', '00:00:00', '00:00:00', '00:00:00', 1, '2022-04-24 14:27:23', '2022-04-24 14:27:23'),
(183, 37, '2022-03-18', 'Present', '10:00:00', '18:00:00', '00:00:00', '00:00:00', '00:00:00', '00:00:00', 1, '2022-04-24 14:27:23', '2022-04-24 14:27:23'),
(184, 40, '2022-03-17', 'Present', '10:00:00', '18:00:00', '00:00:00', '00:00:00', '00:00:00', '00:00:00', 1, '2022-04-24 14:28:00', '2022-04-24 14:28:00'),
(185, 41, '2022-03-17', 'Present', '10:00:00', '18:00:00', '00:00:00', '00:00:00', '00:00:00', '00:00:00', 1, '2022-04-24 14:28:00', '2022-04-24 14:28:00'),
(186, 42, '2022-03-17', 'Present', '10:00:00', '18:00:00', '00:00:00', '00:00:00', '00:00:00', '00:00:00', 1, '2022-04-24 14:28:00', '2022-04-24 14:28:00'),
(187, 43, '2022-03-17', 'Present', '10:00:00', '18:00:00', '00:00:00', '00:00:00', '00:00:00', '00:00:00', 1, '2022-04-24 14:28:00', '2022-04-24 14:28:00'),
(188, 44, '2022-03-17', 'Present', '10:00:00', '18:00:00', '00:00:00', '00:00:00', '00:00:00', '00:00:00', 1, '2022-04-24 14:28:01', '2022-04-24 14:28:01'),
(189, 45, '2022-03-17', 'Present', '10:00:00', '18:00:00', '00:00:00', '00:00:00', '00:00:00', '00:00:00', 1, '2022-04-24 14:28:01', '2022-04-24 14:28:01'),
(190, 46, '2022-03-17', 'Present', '10:00:00', '18:00:00', '00:00:00', '00:00:00', '00:00:00', '00:00:00', 1, '2022-04-24 14:28:01', '2022-04-24 14:28:01'),
(191, 38, '2022-03-17', 'Present', '10:00:00', '18:00:00', '00:00:00', '00:00:00', '00:00:00', '00:00:00', 1, '2022-04-24 14:28:01', '2022-04-24 14:28:01'),
(192, 37, '2022-03-17', 'Present', '10:00:00', '18:00:00', '00:00:00', '00:00:00', '00:00:00', '00:00:00', 1, '2022-04-24 14:28:01', '2022-04-24 14:28:01'),
(193, 40, '2022-03-16', 'Present', '10:00:00', '18:00:00', '00:00:00', '00:00:00', '00:00:00', '00:00:00', 1, '2022-04-24 14:28:51', '2022-04-24 14:28:51'),
(194, 41, '2022-03-16', 'Present', '10:00:00', '18:00:00', '00:00:00', '00:00:00', '00:00:00', '00:00:00', 1, '2022-04-24 14:28:51', '2022-04-24 14:28:51'),
(195, 42, '2022-03-16', 'Present', '10:00:00', '18:00:00', '00:00:00', '00:00:00', '00:00:00', '00:00:00', 1, '2022-04-24 14:28:51', '2022-04-24 14:28:51'),
(196, 43, '2022-03-16', 'Present', '10:00:00', '18:00:00', '00:00:00', '00:00:00', '00:00:00', '00:00:00', 1, '2022-04-24 14:28:51', '2022-04-24 14:28:51'),
(197, 44, '2022-03-16', 'Present', '10:00:00', '18:00:00', '00:00:00', '00:00:00', '00:00:00', '00:00:00', 1, '2022-04-24 14:28:51', '2022-04-24 14:28:51'),
(198, 45, '2022-03-16', 'Present', '10:00:00', '18:00:00', '00:00:00', '00:00:00', '00:00:00', '00:00:00', 1, '2022-04-24 14:28:51', '2022-04-24 14:28:51'),
(199, 46, '2022-03-16', 'Present', '10:00:00', '18:00:00', '00:00:00', '00:00:00', '00:00:00', '00:00:00', 1, '2022-04-24 14:28:51', '2022-04-24 14:28:51'),
(200, 38, '2022-03-16', 'Present', '10:00:00', '18:00:00', '00:00:00', '00:00:00', '00:00:00', '00:00:00', 1, '2022-04-24 14:28:51', '2022-04-24 14:28:51'),
(201, 37, '2022-03-16', 'Present', '10:00:00', '18:00:00', '00:00:00', '00:00:00', '00:00:00', '00:00:00', 1, '2022-04-24 14:28:51', '2022-04-24 14:28:51'),
(202, 40, '2022-03-15', 'Present', '10:00:00', '18:00:00', '00:00:00', '00:00:00', '00:00:00', '00:00:00', 1, '2022-04-24 14:29:45', '2022-04-24 14:29:45'),
(203, 41, '2022-03-15', 'Present', '10:00:00', '18:00:00', '00:00:00', '00:00:00', '00:00:00', '00:00:00', 1, '2022-04-24 14:29:45', '2022-04-24 14:29:45'),
(204, 42, '2022-03-15', 'Present', '10:00:00', '18:00:00', '00:00:00', '00:00:00', '00:00:00', '00:00:00', 1, '2022-04-24 14:29:45', '2022-04-24 14:29:45'),
(205, 43, '2022-03-15', 'Present', '10:00:00', '18:00:00', '00:00:00', '00:00:00', '00:00:00', '00:00:00', 1, '2022-04-24 14:29:45', '2022-04-24 14:29:45'),
(206, 44, '2022-03-15', 'Present', '10:00:00', '18:00:00', '00:00:00', '00:00:00', '00:00:00', '00:00:00', 1, '2022-04-24 14:29:45', '2022-04-24 14:29:45'),
(207, 45, '2022-03-15', 'Present', '10:00:00', '18:00:00', '00:00:00', '00:00:00', '00:00:00', '00:00:00', 1, '2022-04-24 14:29:46', '2022-04-24 14:29:46'),
(208, 46, '2022-03-15', 'Present', '10:00:00', '18:00:00', '00:00:00', '00:00:00', '00:00:00', '00:00:00', 1, '2022-04-24 14:29:46', '2022-04-24 14:29:46'),
(209, 38, '2022-03-15', 'Present', '10:00:00', '18:00:00', '00:00:00', '00:00:00', '00:00:00', '00:00:00', 1, '2022-04-24 14:29:46', '2022-04-24 14:29:46'),
(210, 37, '2022-03-15', 'Present', '10:00:00', '18:00:00', '00:00:00', '00:00:00', '00:00:00', '00:00:00', 1, '2022-04-24 14:29:46', '2022-04-24 14:29:46'),
(211, 40, '2022-03-14', 'Present', '10:00:00', '18:00:00', '00:00:00', '00:00:00', '00:00:00', '00:00:00', 1, '2022-04-24 14:31:01', '2022-04-24 14:31:01'),
(212, 41, '2022-03-14', 'Present', '10:00:00', '18:00:00', '00:00:00', '00:00:00', '00:00:00', '00:00:00', 1, '2022-04-24 14:31:01', '2022-04-24 14:31:01'),
(213, 42, '2022-03-14', 'Present', '10:00:00', '18:00:00', '00:00:00', '00:00:00', '00:00:00', '00:00:00', 1, '2022-04-24 14:31:01', '2022-04-24 14:31:01'),
(214, 43, '2022-03-14', 'Present', '10:00:00', '18:00:00', '00:00:00', '00:00:00', '00:00:00', '00:00:00', 1, '2022-04-24 14:31:01', '2022-04-24 14:31:01'),
(215, 44, '2022-03-14', 'Present', '10:00:00', '18:00:00', '00:00:00', '00:00:00', '00:00:00', '00:00:00', 1, '2022-04-24 14:31:01', '2022-04-24 14:31:01'),
(216, 45, '2022-03-14', 'Present', '10:00:00', '18:00:00', '00:00:00', '00:00:00', '00:00:00', '00:00:00', 1, '2022-04-24 14:31:01', '2022-04-24 14:31:01'),
(217, 46, '2022-03-14', 'Present', '10:00:00', '18:00:00', '00:00:00', '00:00:00', '00:00:00', '00:00:00', 1, '2022-04-24 14:31:01', '2022-04-24 14:31:01'),
(218, 38, '2022-03-14', 'Present', '10:00:00', '18:00:00', '00:00:00', '00:00:00', '00:00:00', '00:00:00', 1, '2022-04-24 14:31:01', '2022-04-24 14:31:01'),
(219, 37, '2022-03-14', 'Present', '10:00:00', '18:00:00', '00:00:00', '00:00:00', '00:00:00', '00:00:00', 1, '2022-04-24 14:31:01', '2022-04-24 14:31:01'),
(220, 40, '2022-03-13', 'Present', '10:00:00', '18:00:00', '00:00:00', '00:00:00', '00:00:00', '00:00:00', 1, '2022-04-24 14:31:37', '2022-04-24 14:31:37'),
(221, 41, '2022-03-13', 'Present', '10:00:00', '18:00:00', '00:00:00', '00:00:00', '00:00:00', '00:00:00', 1, '2022-04-24 14:31:37', '2022-04-24 14:31:37'),
(222, 42, '2022-03-13', 'Present', '10:00:00', '18:00:00', '00:00:00', '00:00:00', '00:00:00', '00:00:00', 1, '2022-04-24 14:31:37', '2022-04-24 14:31:37'),
(223, 43, '2022-03-13', 'Present', '10:00:00', '18:00:00', '00:00:00', '00:00:00', '00:00:00', '00:00:00', 1, '2022-04-24 14:31:37', '2022-04-24 14:31:37'),
(224, 44, '2022-03-13', 'Present', '10:00:00', '18:00:00', '00:00:00', '00:00:00', '00:00:00', '00:00:00', 1, '2022-04-24 14:31:37', '2022-04-24 14:31:37'),
(225, 45, '2022-03-13', 'Present', '10:00:00', '18:00:00', '00:00:00', '00:00:00', '00:00:00', '00:00:00', 1, '2022-04-24 14:31:37', '2022-04-24 14:31:37'),
(226, 46, '2022-03-13', 'Present', '10:00:00', '18:00:00', '00:00:00', '00:00:00', '00:00:00', '00:00:00', 1, '2022-04-24 14:31:37', '2022-04-24 14:31:37'),
(227, 38, '2022-03-13', 'Present', '10:00:00', '18:00:00', '00:00:00', '00:00:00', '00:00:00', '00:00:00', 1, '2022-04-24 14:31:37', '2022-04-24 14:31:37'),
(228, 37, '2022-03-13', 'Present', '10:00:00', '18:00:00', '00:00:00', '00:00:00', '00:00:00', '00:00:00', 1, '2022-04-24 14:31:37', '2022-04-24 14:31:37'),
(229, 40, '2022-03-12', 'Present', '10:00:00', '18:00:00', '00:00:00', '00:00:00', '00:00:00', '00:00:00', 1, '2022-04-24 14:32:38', '2022-04-24 14:32:38'),
(230, 41, '2022-03-12', 'Present', '10:00:00', '18:00:00', '00:00:00', '00:00:00', '00:00:00', '00:00:00', 1, '2022-04-24 14:32:38', '2022-04-24 14:32:38'),
(231, 42, '2022-03-12', 'Present', '10:00:00', '18:00:00', '00:00:00', '00:00:00', '00:00:00', '00:00:00', 1, '2022-04-24 14:32:38', '2022-04-24 14:32:38'),
(232, 43, '2022-03-12', 'Present', '10:00:00', '18:00:00', '00:00:00', '00:00:00', '00:00:00', '00:00:00', 1, '2022-04-24 14:32:39', '2022-04-24 14:32:39'),
(233, 44, '2022-03-12', 'Present', '10:00:00', '18:00:00', '00:00:00', '00:00:00', '00:00:00', '00:00:00', 1, '2022-04-24 14:32:39', '2022-04-24 14:32:39'),
(234, 45, '2022-03-12', 'Present', '10:00:00', '18:00:00', '00:00:00', '00:00:00', '00:00:00', '00:00:00', 1, '2022-04-24 14:32:39', '2022-04-24 14:32:39'),
(235, 46, '2022-03-12', 'Present', '10:00:00', '18:00:00', '00:00:00', '00:00:00', '00:00:00', '00:00:00', 1, '2022-04-24 14:32:39', '2022-04-24 14:32:39'),
(236, 38, '2022-03-12', 'Present', '10:00:00', '18:00:00', '00:00:00', '00:00:00', '00:00:00', '00:00:00', 1, '2022-04-24 14:32:39', '2022-04-24 14:32:39'),
(237, 37, '2022-03-12', 'Present', '10:00:00', '18:00:00', '00:00:00', '00:00:00', '00:00:00', '00:00:00', 1, '2022-04-24 14:32:39', '2022-04-24 14:32:39'),
(238, 40, '2022-03-11', 'Present', '10:00:00', '18:00:00', '00:00:00', '00:00:00', '00:00:00', '00:00:00', 1, '2022-04-24 14:33:25', '2022-04-24 14:33:41'),
(239, 41, '2022-03-11', 'Present', '10:00:00', '18:00:00', '00:00:00', '00:00:00', '00:00:00', '00:00:00', 1, '2022-04-24 14:33:25', '2022-04-24 14:33:41'),
(240, 42, '2022-03-11', 'Present', '10:00:00', '18:00:00', '00:00:00', '00:00:00', '00:00:00', '00:00:00', 1, '2022-04-24 14:33:25', '2022-04-24 14:33:41'),
(241, 43, '2022-03-11', 'Present', '10:00:00', '18:00:00', '00:00:00', '00:00:00', '00:00:00', '00:00:00', 1, '2022-04-24 14:33:25', '2022-04-24 14:33:41'),
(242, 44, '2022-03-11', 'Present', '10:00:00', '18:00:00', '00:00:00', '00:00:00', '00:00:00', '00:00:00', 1, '2022-04-24 14:33:25', '2022-04-24 14:33:41'),
(243, 45, '2022-03-11', 'Present', '10:00:00', '18:00:00', '00:00:00', '00:00:00', '00:00:00', '00:00:00', 1, '2022-04-24 14:33:25', '2022-04-24 14:33:41'),
(244, 46, '2022-03-11', 'Present', '10:00:00', '18:00:00', '00:00:00', '00:00:00', '00:00:00', '00:00:00', 1, '2022-04-24 14:33:25', '2022-04-24 14:33:41'),
(245, 38, '2022-03-11', 'Present', '10:00:00', '18:00:00', '00:00:00', '00:00:00', '00:00:00', '00:00:00', 1, '2022-04-24 14:33:25', '2022-04-24 14:33:41'),
(246, 37, '2022-03-11', 'Present', '10:00:00', '18:00:00', '00:00:00', '00:00:00', '00:00:00', '00:00:00', 1, '2022-04-24 14:33:25', '2022-04-24 14:33:41'),
(247, 40, '2022-03-10', 'Present', '10:00:00', '18:00:00', '00:00:00', '00:00:00', '00:00:00', '00:00:00', 1, '2022-04-24 14:34:14', '2022-04-24 14:34:14'),
(248, 41, '2022-03-10', 'Present', '10:00:00', '18:00:00', '00:00:00', '00:00:00', '00:00:00', '00:00:00', 1, '2022-04-24 14:34:14', '2022-04-24 14:34:14'),
(249, 42, '2022-03-10', 'Present', '10:00:00', '18:00:00', '00:00:00', '00:00:00', '00:00:00', '00:00:00', 1, '2022-04-24 14:34:14', '2022-04-24 14:34:14'),
(250, 43, '2022-03-10', 'Present', '10:00:00', '18:00:00', '00:00:00', '00:00:00', '00:00:00', '00:00:00', 1, '2022-04-24 14:34:14', '2022-04-24 14:34:14'),
(251, 44, '2022-03-10', 'Present', '10:00:00', '18:00:00', '00:00:00', '00:00:00', '00:00:00', '00:00:00', 1, '2022-04-24 14:34:14', '2022-04-24 14:34:14'),
(252, 45, '2022-03-10', 'Present', '10:00:00', '18:00:00', '00:00:00', '00:00:00', '00:00:00', '00:00:00', 1, '2022-04-24 14:34:14', '2022-04-24 14:34:14'),
(253, 46, '2022-03-10', 'Present', '10:00:00', '18:00:00', '00:00:00', '00:00:00', '00:00:00', '00:00:00', 1, '2022-04-24 14:34:14', '2022-04-24 14:34:14'),
(254, 38, '2022-03-10', 'Present', '10:00:00', '18:00:00', '00:00:00', '00:00:00', '00:00:00', '00:00:00', 1, '2022-04-24 14:34:14', '2022-04-24 14:34:14'),
(255, 37, '2022-03-10', 'Present', '10:00:00', '18:00:00', '00:00:00', '00:00:00', '00:00:00', '00:00:00', 1, '2022-04-24 14:34:14', '2022-04-24 14:34:14'),
(256, 40, '2022-03-09', 'Present', '10:00:00', '18:00:00', '00:00:00', '00:00:00', '00:00:00', '00:00:00', 1, '2022-04-24 14:35:10', '2022-04-24 23:56:43'),
(257, 41, '2022-03-09', 'Present', '10:00:00', '18:00:00', '00:00:00', '00:00:00', '00:00:00', '00:00:00', 1, '2022-04-24 14:35:10', '2022-04-24 23:56:43'),
(258, 42, '2022-03-09', 'Present', '10:00:00', '18:00:00', '00:00:00', '00:00:00', '00:00:00', '00:00:00', 1, '2022-04-24 14:35:10', '2022-04-24 23:56:43'),
(259, 43, '2022-03-09', 'Present', '10:00:00', '18:00:00', '00:00:00', '00:00:00', '00:00:00', '00:00:00', 1, '2022-04-24 14:35:10', '2022-04-24 23:56:43'),
(260, 44, '2022-03-09', 'Present', '10:00:00', '18:00:00', '00:00:00', '00:00:00', '00:00:00', '00:00:00', 1, '2022-04-24 14:35:10', '2022-04-24 23:56:43'),
(261, 45, '2022-03-09', 'Present', '10:00:00', '18:00:00', '00:00:00', '00:00:00', '00:00:00', '00:00:00', 1, '2022-04-24 14:35:10', '2022-04-24 23:56:43'),
(262, 46, '2022-03-09', 'Present', '10:00:00', '18:00:00', '00:00:00', '00:00:00', '00:00:00', '00:00:00', 1, '2022-04-24 14:35:10', '2022-04-24 23:56:43'),
(263, 38, '2022-03-09', 'Present', '10:00:00', '18:00:00', '00:00:00', '00:00:00', '00:00:00', '00:00:00', 1, '2022-04-24 14:35:10', '2022-04-24 23:56:43'),
(264, 37, '2022-03-09', 'Present', '10:00:00', '18:00:00', '00:00:00', '00:00:00', '00:00:00', '00:00:00', 1, '2022-04-24 14:35:10', '2022-04-24 23:56:43'),
(265, 40, '2022-03-08', 'Present', '10:00:00', '18:00:00', '00:00:00', '00:00:00', '00:00:00', '00:00:00', 1, '2022-04-24 14:42:14', '2022-04-24 23:56:01'),
(266, 41, '2022-03-08', 'Present', '10:00:00', '18:00:00', '00:00:00', '00:00:00', '00:00:00', '00:00:00', 1, '2022-04-24 14:42:14', '2022-04-24 23:56:01'),
(267, 42, '2022-03-08', 'Present', '10:00:00', '18:00:00', '00:00:00', '00:00:00', '00:00:00', '00:00:00', 1, '2022-04-24 14:42:14', '2022-04-24 23:56:01'),
(268, 43, '2022-03-08', 'Present', '10:00:00', '18:00:00', '00:00:00', '00:00:00', '00:00:00', '00:00:00', 1, '2022-04-24 14:42:14', '2022-04-24 23:56:01'),
(269, 44, '2022-03-08', 'Present', '10:00:00', '18:00:00', '00:00:00', '00:00:00', '00:00:00', '00:00:00', 1, '2022-04-24 14:42:14', '2022-04-24 23:56:01'),
(270, 45, '2022-03-08', 'Present', '10:00:00', '18:00:00', '00:00:00', '00:00:00', '00:00:00', '00:00:00', 1, '2022-04-24 14:42:14', '2022-04-24 23:56:01'),
(271, 46, '2022-03-08', 'Present', '10:00:00', '18:00:00', '00:00:00', '00:00:00', '00:00:00', '00:00:00', 1, '2022-04-24 14:42:14', '2022-04-24 23:56:01'),
(272, 38, '2022-03-08', 'Present', '10:00:00', '18:00:00', '00:00:00', '00:00:00', '00:00:00', '00:00:00', 1, '2022-04-24 14:42:14', '2022-04-24 23:56:01'),
(273, 37, '2022-03-08', 'Present', '10:00:00', '18:00:00', '00:00:00', '00:00:00', '00:00:00', '00:00:00', 1, '2022-04-24 14:42:14', '2022-04-24 23:56:01'),
(274, 44, '2022-04-10', 'Leave', '00:00:00', '00:00:00', '00:00:00', '00:00:00', '00:00:00', '00:00:00', 1, '2022-04-24 14:53:46', '2022-04-24 21:39:17'),
(275, 44, '2022-04-09', 'Leave', '00:00:00', '00:00:00', '00:00:00', '00:00:00', '00:00:00', '00:00:00', 1, '2022-04-24 14:54:59', '2022-04-24 14:54:59'),
(276, 44, '2022-04-11', 'Leave', '00:00:00', '00:00:00', '00:00:00', '00:00:00', '00:00:00', '00:00:00', 1, '2022-04-24 14:56:15', '2022-04-24 21:42:32'),
(277, 43, '2022-04-24', 'Leave', '00:00:00', '00:00:00', '00:00:00', '00:00:00', '00:00:00', '00:00:00', 1, '2022-04-24 15:12:23', '2022-04-24 15:12:23'),
(278, 44, '2022-04-24', 'Leave', '00:00:00', '00:00:00', '00:00:00', '00:00:00', '00:00:00', '00:00:00', 1, '2022-04-24 15:12:23', '2022-04-24 15:12:23'),
(279, 46, '2022-04-24', 'Leave', '00:00:00', '00:00:00', '00:00:00', '00:00:00', '00:00:00', '00:00:00', 1, '2022-04-24 15:12:23', '2022-04-24 15:12:23'),
(280, 43, '2022-04-23', 'Leave', '00:00:00', '00:00:00', '00:00:00', '00:00:00', '00:00:00', '00:00:00', 1, '2022-04-24 15:15:00', '2022-04-24 15:15:00'),
(281, 44, '2022-04-23', 'Leave', '00:00:00', '00:00:00', '00:00:00', '00:00:00', '00:00:00', '00:00:00', 1, '2022-04-24 15:15:00', '2022-04-24 15:15:00'),
(282, 46, '2022-04-23', 'Leave', '00:00:00', '00:00:00', '00:00:00', '00:00:00', '00:00:00', '00:00:00', 1, '2022-04-24 15:15:00', '2022-04-24 15:15:00'),
(283, 43, '2022-04-22', 'Leave', '00:00:00', '00:00:00', '00:00:00', '00:00:00', '00:00:00', '00:00:00', 1, '2022-04-24 21:22:26', '2022-04-24 21:22:26'),
(284, 44, '2022-04-22', 'Leave', '00:00:00', '00:00:00', '00:00:00', '00:00:00', '00:00:00', '00:00:00', 1, '2022-04-24 21:22:26', '2022-04-24 21:22:26'),
(285, 46, '2022-04-22', 'Leave', '00:00:00', '00:00:00', '00:00:00', '00:00:00', '00:00:00', '00:00:00', 1, '2022-04-24 21:22:26', '2022-04-24 21:22:26'),
(286, 43, '2022-04-21', 'Leave', '00:00:00', '00:00:00', '00:00:00', '00:00:00', '00:00:00', '00:00:00', 1, '2022-04-24 21:23:12', '2022-04-24 21:23:12'),
(287, 44, '2022-04-21', 'Leave', '00:00:00', '00:00:00', '00:00:00', '00:00:00', '00:00:00', '00:00:00', 1, '2022-04-24 21:23:12', '2022-04-24 21:23:12'),
(288, 46, '2022-04-21', 'Leave', '00:00:00', '00:00:00', '00:00:00', '00:00:00', '00:00:00', '00:00:00', 1, '2022-04-24 21:23:12', '2022-04-24 21:23:12'),
(289, 43, '2022-04-20', 'Leave', '00:00:00', '00:00:00', '00:00:00', '00:00:00', '00:00:00', '00:00:00', 1, '2022-04-24 21:24:09', '2022-04-24 21:24:09'),
(290, 44, '2022-04-20', 'Leave', '00:00:00', '00:00:00', '00:00:00', '00:00:00', '00:00:00', '00:00:00', 1, '2022-04-24 21:24:09', '2022-04-24 21:24:09'),
(291, 46, '2022-04-20', 'Leave', '00:00:00', '00:00:00', '00:00:00', '00:00:00', '00:00:00', '00:00:00', 1, '2022-04-24 21:24:09', '2022-04-24 21:24:09'),
(292, 43, '2022-04-19', 'Leave', '00:00:00', '00:00:00', '00:00:00', '00:00:00', '00:00:00', '00:00:00', 1, '2022-04-24 21:24:57', '2022-04-24 21:24:57'),
(293, 44, '2022-04-19', 'Leave', '00:00:00', '00:00:00', '00:00:00', '00:00:00', '00:00:00', '00:00:00', 1, '2022-04-24 21:24:57', '2022-04-24 21:24:57'),
(294, 46, '2022-04-19', 'Leave', '00:00:00', '00:00:00', '00:00:00', '00:00:00', '00:00:00', '00:00:00', 1, '2022-04-24 21:24:57', '2022-04-24 21:24:57'),
(295, 43, '2022-04-18', 'Leave', '00:00:00', '00:00:00', '00:00:00', '00:00:00', '00:00:00', '00:00:00', 1, '2022-04-24 21:25:38', '2022-04-24 21:25:38'),
(296, 44, '2022-04-18', 'Leave', '00:00:00', '00:00:00', '00:00:00', '00:00:00', '00:00:00', '00:00:00', 1, '2022-04-24 21:25:38', '2022-04-24 21:25:38'),
(297, 46, '2022-04-18', 'Leave', '00:00:00', '00:00:00', '00:00:00', '00:00:00', '00:00:00', '00:00:00', 1, '2022-04-24 21:25:38', '2022-04-24 21:25:38'),
(298, 43, '2022-04-17', 'Leave', '00:00:00', '00:00:00', '00:00:00', '00:00:00', '00:00:00', '00:00:00', 1, '2022-04-24 21:31:53', '2022-04-24 21:31:53'),
(299, 44, '2022-04-17', 'Leave', '00:00:00', '00:00:00', '00:00:00', '00:00:00', '00:00:00', '00:00:00', 1, '2022-04-24 21:31:53', '2022-04-24 21:31:53'),
(300, 46, '2022-04-17', 'Leave', '00:00:00', '00:00:00', '00:00:00', '00:00:00', '00:00:00', '00:00:00', 1, '2022-04-24 21:31:53', '2022-04-24 21:31:53'),
(301, 43, '2022-04-16', 'Leave', '00:00:00', '00:00:00', '00:00:00', '00:00:00', '00:00:00', '00:00:00', 1, '2022-04-24 21:32:34', '2022-04-24 21:32:34'),
(302, 44, '2022-04-16', 'Leave', '00:00:00', '00:00:00', '00:00:00', '00:00:00', '00:00:00', '00:00:00', 1, '2022-04-24 21:32:34', '2022-04-24 21:32:34'),
(303, 46, '2022-04-16', 'Leave', '00:00:00', '00:00:00', '00:00:00', '00:00:00', '00:00:00', '00:00:00', 1, '2022-04-24 21:32:34', '2022-04-24 21:32:34'),
(304, 43, '2022-04-15', 'Leave', '00:00:00', '00:00:00', '00:00:00', '00:00:00', '00:00:00', '00:00:00', 1, '2022-04-24 21:33:14', '2022-04-24 21:35:14'),
(305, 44, '2022-04-15', 'Leave', '00:00:00', '00:00:00', '00:00:00', '00:00:00', '00:00:00', '00:00:00', 1, '2022-04-24 21:33:14', '2022-04-24 21:35:14'),
(306, 46, '2022-04-15', 'Leave', '00:00:00', '00:00:00', '00:00:00', '00:00:00', '00:00:00', '00:00:00', 1, '2022-04-24 21:33:14', '2022-04-24 21:35:14'),
(307, 43, '2022-04-14', 'Leave', '00:00:00', '00:00:00', '00:00:00', '00:00:00', '00:00:00', '00:00:00', 1, '2022-04-24 21:36:04', '2022-04-24 21:36:42'),
(308, 44, '2022-04-14', 'Leave', '00:00:00', '00:00:00', '00:00:00', '00:00:00', '00:00:00', '00:00:00', 1, '2022-04-24 21:36:04', '2022-04-24 21:36:42'),
(309, 46, '2022-04-14', 'Leave', '00:00:00', '00:00:00', '00:00:00', '00:00:00', '00:00:00', '00:00:00', 1, '2022-04-24 21:36:04', '2022-04-24 21:36:42'),
(310, 43, '2022-04-13', 'Leave', '00:00:00', '00:00:00', '00:00:00', '00:00:00', '00:00:00', '00:00:00', 1, '2022-04-24 21:37:33', '2022-04-24 21:37:33'),
(311, 44, '2022-04-13', 'Leave', '00:00:00', '00:00:00', '00:00:00', '00:00:00', '00:00:00', '00:00:00', 1, '2022-04-24 21:37:33', '2022-04-24 21:37:33'),
(312, 46, '2022-04-13', 'Leave', '00:00:00', '00:00:00', '00:00:00', '00:00:00', '00:00:00', '00:00:00', 1, '2022-04-24 21:37:33', '2022-04-24 21:37:33'),
(313, 43, '2022-04-12', 'Leave', '00:00:00', '00:00:00', '00:00:00', '00:00:00', '00:00:00', '00:00:00', 1, '2022-04-24 21:38:05', '2022-04-24 21:38:05'),
(314, 44, '2022-04-12', 'Leave', '00:00:00', '00:00:00', '00:00:00', '00:00:00', '00:00:00', '00:00:00', 1, '2022-04-24 21:38:05', '2022-04-24 21:38:05'),
(315, 46, '2022-04-12', 'Leave', '00:00:00', '00:00:00', '00:00:00', '00:00:00', '00:00:00', '00:00:00', 1, '2022-04-24 21:38:05', '2022-04-24 21:38:05'),
(316, 43, '2022-04-10', 'Leave', '00:00:00', '00:00:00', '00:00:00', '00:00:00', '00:00:00', '00:00:00', 1, '2022-04-24 21:39:17', '2022-04-24 21:39:17'),
(317, 46, '2022-04-10', 'Leave', '00:00:00', '00:00:00', '00:00:00', '00:00:00', '00:00:00', '00:00:00', 1, '2022-04-24 21:39:17', '2022-04-24 21:39:17'),
(318, 43, '2022-04-25', 'Leave', '00:00:00', '00:00:00', '00:00:00', '00:00:00', '00:00:00', '00:00:00', 1, '2022-04-24 21:41:23', '2022-04-24 21:41:40'),
(319, 44, '2022-04-25', 'Leave', '00:00:00', '00:00:00', '00:00:00', '00:00:00', '00:00:00', '00:00:00', 1, '2022-04-24 21:41:23', '2022-04-24 21:41:40'),
(320, 46, '2022-04-25', 'Leave', '00:00:00', '00:00:00', '00:00:00', '00:00:00', '00:00:00', '00:00:00', 1, '2022-04-24 21:41:23', '2022-04-24 21:41:40'),
(321, 43, '2022-04-11', 'Leave', '00:00:00', '00:00:00', '00:00:00', '00:00:00', '00:00:00', '00:00:00', 1, '2022-04-24 21:42:32', '2022-04-24 21:42:32'),
(322, 46, '2022-04-11', 'Leave', '00:00:00', '00:00:00', '00:00:00', '00:00:00', '00:00:00', '00:00:00', 1, '2022-04-24 21:42:32', '2022-04-24 21:42:32'),
(323, 43, '2022-03-02', 'Present', '10:00:00', '18:00:00', '00:00:00', '00:00:00', '00:00:00', '00:00:00', 1, '2022-04-24 22:03:24', '2022-04-24 22:03:59'),
(324, 44, '2022-03-02', 'Present', '10:00:00', '18:00:00', '00:00:00', '00:00:00', '00:00:00', '00:00:00', 1, '2022-04-24 22:03:24', '2022-04-24 22:03:59'),
(325, 46, '2022-03-02', 'Present', '10:00:00', '18:00:00', '00:00:00', '00:00:00', '00:00:00', '00:00:00', 1, '2022-04-24 22:03:24', '2022-04-24 22:03:59'),
(326, 40, '2022-03-02', 'Present', '10:00:00', '18:00:00', '00:00:00', '00:00:00', '00:00:00', '00:00:00', 1, '2022-04-24 22:03:24', '2022-04-24 22:03:59'),
(327, 41, '2022-03-02', 'Present', '10:00:00', '18:00:00', '00:00:00', '00:00:00', '00:00:00', '00:00:00', 1, '2022-04-24 22:03:24', '2022-04-24 22:04:00'),
(328, 42, '2022-03-02', 'Present', '10:00:00', '18:00:00', '00:00:00', '00:00:00', '00:00:00', '00:00:00', 1, '2022-04-24 22:03:24', '2022-04-24 22:04:00'),
(329, 45, '2022-03-02', 'Present', '10:00:00', '18:00:00', '00:00:00', '00:00:00', '00:00:00', '00:00:00', 1, '2022-04-24 22:03:24', '2022-04-24 22:04:00'),
(330, 38, '2022-03-02', 'Present', '10:00:00', '18:00:00', '00:00:00', '00:00:00', '00:00:00', '00:00:00', 1, '2022-04-24 22:03:24', '2022-04-24 22:04:00'),
(331, 37, '2022-03-02', 'Present', '10:00:00', '18:00:00', '00:00:00', '00:00:00', '00:00:00', '00:00:00', 1, '2022-04-24 22:03:24', '2022-04-24 22:04:00'),
(332, 43, '2022-04-02', 'Leave', '00:00:00', '00:00:00', '00:00:00', '00:00:00', '00:00:00', '00:00:00', 1, '2022-04-24 22:06:16', '2022-04-25 03:28:21'),
(333, 44, '2022-04-02', 'Leave', '00:00:00', '00:00:00', '00:00:00', '00:00:00', '00:00:00', '00:00:00', 1, '2022-04-24 22:06:16', '2022-04-25 03:27:49');
INSERT INTO `attendance_employees` (`id`, `employee_id`, `date`, `status`, `clock_in`, `clock_out`, `late`, `early_leaving`, `overtime`, `total_rest`, `created_by`, `created_at`, `updated_at`) VALUES
(334, 46, '2022-04-02', 'Leave', '00:00:00', '00:00:00', '00:00:00', '00:00:00', '00:00:00', '00:00:00', 1, '2022-04-24 22:06:16', '2022-04-25 03:28:00'),
(335, 39, '2022-04-02', 'Present', '10:00:00', '18:00:00', '00:00:00', '00:00:00', '00:00:00', '00:00:00', 1, '2022-04-24 22:06:16', '2022-04-24 22:44:10'),
(336, 40, '2022-04-02', 'Present', '10:00:00', '18:00:00', '00:00:00', '00:00:00', '00:00:00', '00:00:00', 1, '2022-04-24 22:06:16', '2022-04-24 22:44:10'),
(337, 41, '2022-04-02', 'Present', '10:00:00', '18:00:00', '00:00:00', '00:00:00', '00:00:00', '00:00:00', 1, '2022-04-24 22:06:16', '2022-04-24 22:44:10'),
(338, 42, '2022-04-02', 'Present', '10:00:00', '18:00:00', '00:00:00', '00:00:00', '00:00:00', '00:00:00', 1, '2022-04-24 22:06:16', '2022-04-24 22:44:10'),
(339, 45, '2022-04-02', 'Present', '10:00:00', '18:00:00', '00:00:00', '00:00:00', '00:00:00', '00:00:00', 1, '2022-04-24 22:06:16', '2022-04-24 22:44:10'),
(340, 38, '2022-04-02', 'Present', '10:00:00', '18:00:00', '00:00:00', '00:00:00', '00:00:00', '00:00:00', 1, '2022-04-24 22:06:16', '2022-04-24 22:44:10'),
(341, 37, '2022-04-02', 'Present', '10:00:00', '18:00:00', '00:00:00', '00:00:00', '00:00:00', '00:00:00', 1, '2022-04-24 22:06:16', '2022-04-24 22:44:10'),
(342, 39, '2022-04-10', 'Present', '10:00:00', '18:00:00', '00:00:00', '00:00:00', '00:00:00', '00:00:00', 1, '2022-04-24 22:12:10', '2022-04-24 22:12:10'),
(343, 40, '2022-04-10', 'Present', '10:00:00', '18:00:00', '00:00:00', '00:00:00', '00:00:00', '00:00:00', 1, '2022-04-24 22:12:10', '2022-04-24 22:12:10'),
(344, 41, '2022-04-10', 'Present', '10:00:00', '18:00:00', '00:00:00', '00:00:00', '00:00:00', '00:00:00', 1, '2022-04-24 22:12:10', '2022-04-24 22:12:10'),
(345, 42, '2022-04-10', 'Present', '10:00:00', '18:00:00', '00:00:00', '00:00:00', '00:00:00', '00:00:00', 1, '2022-04-24 22:12:10', '2022-04-24 22:12:10'),
(346, 45, '2022-04-10', 'Present', '10:00:00', '18:00:00', '00:00:00', '00:00:00', '00:00:00', '00:00:00', 1, '2022-04-24 22:12:10', '2022-04-24 22:12:10'),
(347, 38, '2022-04-10', 'Present', '10:00:00', '18:00:00', '00:00:00', '00:00:00', '00:00:00', '00:00:00', 1, '2022-04-24 22:12:10', '2022-04-24 22:12:10'),
(348, 37, '2022-04-10', 'Present', '10:00:00', '18:00:00', '00:00:00', '00:00:00', '00:00:00', '00:00:00', 1, '2022-04-24 22:12:10', '2022-04-24 22:12:10'),
(349, 39, '2022-04-11', 'Present', '10:00:00', '18:00:00', '00:00:00', '00:00:00', '00:00:00', '00:00:00', 1, '2022-04-24 22:13:08', '2022-04-24 22:13:08'),
(350, 40, '2022-04-11', 'Present', '10:00:00', '18:00:00', '00:00:00', '00:00:00', '00:00:00', '00:00:00', 1, '2022-04-24 22:13:08', '2022-04-24 22:13:08'),
(351, 41, '2022-04-11', 'Present', '10:00:00', '18:00:00', '00:00:00', '00:00:00', '00:00:00', '00:00:00', 1, '2022-04-24 22:13:08', '2022-04-24 22:13:08'),
(352, 42, '2022-04-11', 'Present', '10:00:00', '18:00:00', '00:00:00', '00:00:00', '00:00:00', '00:00:00', 1, '2022-04-24 22:13:08', '2022-04-24 22:13:08'),
(353, 45, '2022-04-11', 'Present', '10:00:00', '18:00:00', '00:00:00', '00:00:00', '00:00:00', '00:00:00', 1, '2022-04-24 22:13:08', '2022-04-24 22:13:08'),
(354, 38, '2022-04-11', 'Present', '10:00:00', '18:00:00', '00:00:00', '00:00:00', '00:00:00', '00:00:00', 1, '2022-04-24 22:13:08', '2022-04-24 22:13:08'),
(355, 37, '2022-04-11', 'Present', '10:00:00', '18:00:00', '00:00:00', '00:00:00', '00:00:00', '00:00:00', 1, '2022-04-24 22:13:08', '2022-04-24 22:13:08'),
(356, 39, '2022-04-12', 'Present', '10:00:00', '18:00:00', '00:00:00', '00:00:00', '00:00:00', '00:00:00', 1, '2022-04-24 22:13:56', '2022-04-24 22:13:56'),
(357, 40, '2022-04-12', 'Present', '10:00:00', '18:00:00', '00:00:00', '00:00:00', '00:00:00', '00:00:00', 1, '2022-04-24 22:13:56', '2022-04-24 22:13:56'),
(358, 41, '2022-04-12', 'Present', '10:00:00', '18:00:00', '00:00:00', '00:00:00', '00:00:00', '00:00:00', 1, '2022-04-24 22:13:56', '2022-04-24 22:13:56'),
(359, 42, '2022-04-12', 'Present', '10:00:00', '18:00:00', '00:00:00', '00:00:00', '00:00:00', '00:00:00', 1, '2022-04-24 22:13:56', '2022-04-24 22:13:56'),
(360, 45, '2022-04-12', 'Present', '10:00:00', '18:00:00', '00:00:00', '00:00:00', '00:00:00', '00:00:00', 1, '2022-04-24 22:13:56', '2022-04-24 22:13:56'),
(361, 38, '2022-04-12', 'Present', '10:00:00', '18:00:00', '00:00:00', '00:00:00', '00:00:00', '00:00:00', 1, '2022-04-24 22:13:56', '2022-04-24 22:13:56'),
(362, 37, '2022-04-12', 'Present', '10:00:00', '18:00:00', '00:00:00', '00:00:00', '00:00:00', '00:00:00', 1, '2022-04-24 22:13:56', '2022-04-24 22:13:56'),
(363, 39, '2022-04-13', 'Present', '10:00:00', '18:00:00', '00:00:00', '00:00:00', '00:00:00', '00:00:00', 1, '2022-04-24 22:14:38', '2022-04-24 22:14:38'),
(364, 40, '2022-04-13', 'Present', '10:00:00', '18:00:00', '00:00:00', '00:00:00', '00:00:00', '00:00:00', 1, '2022-04-24 22:14:38', '2022-04-24 22:14:38'),
(365, 41, '2022-04-13', 'Present', '10:00:00', '18:00:00', '00:00:00', '00:00:00', '00:00:00', '00:00:00', 1, '2022-04-24 22:14:38', '2022-04-24 22:14:38'),
(366, 42, '2022-04-13', 'Present', '10:00:00', '18:00:00', '00:00:00', '00:00:00', '00:00:00', '00:00:00', 1, '2022-04-24 22:14:38', '2022-04-24 22:14:38'),
(367, 45, '2022-04-13', 'Present', '10:00:00', '18:00:00', '00:00:00', '00:00:00', '00:00:00', '00:00:00', 1, '2022-04-24 22:14:38', '2022-04-24 22:14:38'),
(368, 38, '2022-04-13', 'Present', '10:00:00', '18:00:00', '00:00:00', '00:00:00', '00:00:00', '00:00:00', 1, '2022-04-24 22:14:38', '2022-04-24 22:14:38'),
(369, 37, '2022-04-13', 'Present', '10:00:00', '18:00:00', '00:00:00', '00:00:00', '00:00:00', '00:00:00', 1, '2022-04-24 22:14:38', '2022-04-24 22:14:38'),
(370, 39, '2022-04-14', 'Present', '10:00:00', '18:00:00', '00:00:00', '00:00:00', '00:00:00', '00:00:00', 1, '2022-04-24 22:15:11', '2022-04-24 22:15:11'),
(371, 40, '2022-04-14', 'Present', '10:00:00', '18:00:00', '00:00:00', '00:00:00', '00:00:00', '00:00:00', 1, '2022-04-24 22:15:11', '2022-04-24 22:15:11'),
(372, 41, '2022-04-14', 'Present', '10:00:00', '18:00:00', '00:00:00', '00:00:00', '00:00:00', '00:00:00', 1, '2022-04-24 22:15:11', '2022-04-24 22:15:11'),
(373, 42, '2022-04-14', 'Present', '10:00:00', '18:00:00', '00:00:00', '00:00:00', '00:00:00', '00:00:00', 1, '2022-04-24 22:15:11', '2022-04-24 22:15:11'),
(374, 45, '2022-04-14', 'Present', '10:00:00', '18:00:00', '00:00:00', '00:00:00', '00:00:00', '00:00:00', 1, '2022-04-24 22:15:11', '2022-04-24 22:15:11'),
(375, 38, '2022-04-14', 'Present', '10:00:00', '18:00:00', '00:00:00', '00:00:00', '00:00:00', '00:00:00', 1, '2022-04-24 22:15:11', '2022-04-24 22:15:11'),
(376, 37, '2022-04-14', 'Present', '10:00:00', '18:00:00', '00:00:00', '00:00:00', '00:00:00', '00:00:00', 1, '2022-04-24 22:15:11', '2022-04-24 22:15:11'),
(377, 39, '2022-04-15', 'Present', '10:00:00', '18:00:00', '00:00:00', '00:00:00', '00:00:00', '00:00:00', 1, '2022-04-24 22:15:45', '2022-04-24 22:20:29'),
(378, 40, '2022-04-15', 'Present', '10:00:00', '18:00:00', '00:00:00', '00:00:00', '00:00:00', '00:00:00', 1, '2022-04-24 22:15:45', '2022-04-24 22:20:29'),
(379, 41, '2022-04-15', 'Present', '10:00:00', '18:00:00', '00:00:00', '00:00:00', '00:00:00', '00:00:00', 1, '2022-04-24 22:15:45', '2022-04-24 22:20:29'),
(380, 42, '2022-04-15', 'Present', '10:00:00', '18:00:00', '00:00:00', '00:00:00', '00:00:00', '00:00:00', 1, '2022-04-24 22:15:45', '2022-04-24 22:20:29'),
(381, 45, '2022-04-15', 'Present', '10:00:00', '18:00:00', '00:00:00', '00:00:00', '00:00:00', '00:00:00', 1, '2022-04-24 22:15:45', '2022-04-24 22:20:29'),
(382, 38, '2022-04-15', 'Present', '10:00:00', '18:00:00', '00:00:00', '00:00:00', '00:00:00', '00:00:00', 1, '2022-04-24 22:15:45', '2022-04-24 22:20:29'),
(383, 37, '2022-04-15', 'Present', '10:00:00', '18:00:00', '00:00:00', '00:00:00', '00:00:00', '00:00:00', 1, '2022-04-24 22:15:45', '2022-04-24 22:20:29'),
(384, 39, '2022-04-16', 'Present', '10:00:00', '18:00:00', '00:00:00', '00:00:00', '00:00:00', '00:00:00', 1, '2022-04-24 22:16:21', '2022-04-24 22:19:46'),
(385, 40, '2022-04-16', 'Present', '10:00:00', '18:00:00', '00:00:00', '00:00:00', '00:00:00', '00:00:00', 1, '2022-04-24 22:16:21', '2022-04-24 22:19:46'),
(386, 41, '2022-04-16', 'Present', '10:00:00', '18:00:00', '00:00:00', '00:00:00', '00:00:00', '00:00:00', 1, '2022-04-24 22:16:21', '2022-04-24 22:19:46'),
(387, 42, '2022-04-16', 'Present', '10:00:00', '18:00:00', '00:00:00', '00:00:00', '00:00:00', '00:00:00', 1, '2022-04-24 22:16:21', '2022-04-24 22:19:46'),
(388, 45, '2022-04-16', 'Present', '10:00:00', '18:00:00', '00:00:00', '00:00:00', '00:00:00', '00:00:00', 1, '2022-04-24 22:16:21', '2022-04-24 22:19:46'),
(389, 38, '2022-04-16', 'Present', '10:00:00', '18:00:00', '00:00:00', '00:00:00', '00:00:00', '00:00:00', 1, '2022-04-24 22:16:21', '2022-04-24 22:19:46'),
(390, 37, '2022-04-16', 'Present', '10:00:00', '18:00:00', '00:00:00', '00:00:00', '00:00:00', '00:00:00', 1, '2022-04-24 22:16:21', '2022-04-24 22:19:46'),
(391, 39, '2022-04-17', 'Present', '10:00:00', '18:00:00', '00:00:00', '00:00:00', '00:00:00', '00:00:00', 1, '2022-04-24 22:16:57', '2022-04-24 22:18:44'),
(392, 40, '2022-04-17', 'Present', '10:00:00', '18:00:00', '00:00:00', '00:00:00', '00:00:00', '00:00:00', 1, '2022-04-24 22:16:57', '2022-04-24 22:18:44'),
(393, 41, '2022-04-17', 'Present', '10:00:00', '18:00:00', '00:00:00', '00:00:00', '00:00:00', '00:00:00', 1, '2022-04-24 22:16:57', '2022-04-24 22:18:44'),
(394, 42, '2022-04-17', 'Present', '10:00:00', '18:00:00', '00:00:00', '00:00:00', '00:00:00', '00:00:00', 1, '2022-04-24 22:16:57', '2022-04-24 22:18:44'),
(395, 45, '2022-04-17', 'Present', '10:00:00', '18:00:00', '00:00:00', '00:00:00', '00:00:00', '00:00:00', 1, '2022-04-24 22:16:57', '2022-04-24 22:18:44'),
(396, 38, '2022-04-17', 'Present', '10:00:00', '18:00:00', '00:00:00', '00:00:00', '00:00:00', '00:00:00', 1, '2022-04-24 22:16:57', '2022-04-24 22:18:44'),
(397, 37, '2022-04-17', 'Present', '10:00:00', '18:00:00', '00:00:00', '00:00:00', '00:00:00', '00:00:00', 1, '2022-04-24 22:16:57', '2022-04-24 22:18:44'),
(398, 39, '2022-04-18', 'Present', '10:00:00', '18:00:00', '00:00:00', '00:00:00', '00:00:00', '00:00:00', 1, '2022-04-24 22:18:08', '2022-04-24 22:18:08'),
(399, 40, '2022-04-18', 'Present', '10:00:00', '18:00:00', '00:00:00', '00:00:00', '00:00:00', '00:00:00', 1, '2022-04-24 22:18:08', '2022-04-24 22:18:08'),
(400, 41, '2022-04-18', 'Present', '10:00:00', '18:00:00', '00:00:00', '00:00:00', '00:00:00', '00:00:00', 1, '2022-04-24 22:18:08', '2022-04-24 22:18:08'),
(401, 42, '2022-04-18', 'Present', '10:00:00', '18:00:00', '00:00:00', '00:00:00', '00:00:00', '00:00:00', 1, '2022-04-24 22:18:08', '2022-04-24 22:18:08'),
(402, 45, '2022-04-18', 'Present', '10:00:00', '18:00:00', '00:00:00', '00:00:00', '00:00:00', '00:00:00', 1, '2022-04-24 22:18:08', '2022-04-24 22:18:08'),
(403, 38, '2022-04-18', 'Present', '10:00:00', '18:00:00', '00:00:00', '00:00:00', '00:00:00', '00:00:00', 1, '2022-04-24 22:18:08', '2022-04-24 22:18:08'),
(404, 37, '2022-04-18', 'Present', '10:00:00', '18:00:00', '00:00:00', '00:00:00', '00:00:00', '00:00:00', 1, '2022-04-24 22:18:08', '2022-04-24 22:18:08'),
(405, 39, '2022-04-19', 'Present', '10:00:00', '18:00:00', '00:00:00', '00:00:00', '00:00:00', '00:00:00', 1, '2022-04-24 22:21:50', '2022-04-24 22:21:50'),
(406, 40, '2022-04-19', 'Present', '10:00:00', '18:00:00', '00:00:00', '00:00:00', '00:00:00', '00:00:00', 1, '2022-04-24 22:21:50', '2022-04-24 22:21:50'),
(407, 41, '2022-04-19', 'Present', '10:00:00', '18:00:00', '00:00:00', '00:00:00', '00:00:00', '00:00:00', 1, '2022-04-24 22:21:50', '2022-04-24 22:21:50'),
(408, 42, '2022-04-19', 'Present', '10:00:00', '18:00:00', '00:00:00', '00:00:00', '00:00:00', '00:00:00', 1, '2022-04-24 22:21:50', '2022-04-24 22:21:50'),
(409, 45, '2022-04-19', 'Present', '10:00:00', '18:00:00', '00:00:00', '00:00:00', '00:00:00', '00:00:00', 1, '2022-04-24 22:21:50', '2022-04-24 22:21:50'),
(410, 38, '2022-04-19', 'Present', '10:00:00', '18:00:00', '00:00:00', '00:00:00', '00:00:00', '00:00:00', 1, '2022-04-24 22:21:50', '2022-04-24 22:21:50'),
(411, 37, '2022-04-19', 'Present', '10:00:00', '18:00:00', '00:00:00', '00:00:00', '00:00:00', '00:00:00', 1, '2022-04-24 22:21:50', '2022-04-24 22:21:50'),
(412, 39, '2022-04-20', 'Present', '10:00:00', '18:00:00', '00:00:00', '00:00:00', '00:00:00', '00:00:00', 1, '2022-04-24 22:22:26', '2022-04-24 22:22:26'),
(413, 40, '2022-04-20', 'Present', '10:00:00', '18:00:00', '00:00:00', '00:00:00', '00:00:00', '00:00:00', 1, '2022-04-24 22:22:26', '2022-04-24 22:22:26'),
(414, 41, '2022-04-20', 'Present', '10:00:00', '18:00:00', '00:00:00', '00:00:00', '00:00:00', '00:00:00', 1, '2022-04-24 22:22:26', '2022-04-24 22:22:26'),
(415, 42, '2022-04-20', 'Present', '10:00:00', '18:00:00', '00:00:00', '00:00:00', '00:00:00', '00:00:00', 1, '2022-04-24 22:22:26', '2022-04-24 22:22:26'),
(416, 45, '2022-04-20', 'Present', '10:00:00', '18:00:00', '00:00:00', '00:00:00', '00:00:00', '00:00:00', 1, '2022-04-24 22:22:26', '2022-04-24 22:22:26'),
(417, 38, '2022-04-20', 'Present', '10:00:00', '18:00:00', '00:00:00', '00:00:00', '00:00:00', '00:00:00', 1, '2022-04-24 22:22:26', '2022-04-24 22:22:26'),
(418, 37, '2022-04-20', 'Present', '10:00:00', '18:00:00', '00:00:00', '00:00:00', '00:00:00', '00:00:00', 1, '2022-04-24 22:22:26', '2022-04-24 22:22:26'),
(419, 39, '2022-04-21', 'Present', '10:00:00', '18:00:00', '00:00:00', '00:00:00', '00:00:00', '00:00:00', 1, '2022-04-24 22:23:25', '2022-04-24 22:23:25'),
(420, 40, '2022-04-21', 'Present', '10:00:00', '18:00:00', '00:00:00', '00:00:00', '00:00:00', '00:00:00', 1, '2022-04-24 22:23:25', '2022-04-24 22:23:25'),
(421, 41, '2022-04-21', 'Present', '10:00:00', '18:00:00', '00:00:00', '00:00:00', '00:00:00', '00:00:00', 1, '2022-04-24 22:23:25', '2022-04-24 22:23:25'),
(422, 42, '2022-04-21', 'Present', '10:00:00', '18:00:00', '00:00:00', '00:00:00', '00:00:00', '00:00:00', 1, '2022-04-24 22:23:25', '2022-04-24 22:23:25'),
(423, 45, '2022-04-21', 'Present', '10:00:00', '18:00:00', '00:00:00', '00:00:00', '00:00:00', '00:00:00', 1, '2022-04-24 22:23:25', '2022-04-24 22:23:25'),
(424, 38, '2022-04-21', 'Present', '10:00:00', '18:00:00', '00:00:00', '00:00:00', '00:00:00', '00:00:00', 1, '2022-04-24 22:23:25', '2022-04-24 22:23:25'),
(425, 37, '2022-04-21', 'Present', '10:00:00', '18:00:00', '00:00:00', '00:00:00', '00:00:00', '00:00:00', 1, '2022-04-24 22:23:25', '2022-04-24 22:23:25'),
(426, 39, '2022-04-22', 'Present', '10:00:00', '18:00:00', '00:00:00', '00:00:00', '00:00:00', '00:00:00', 1, '2022-04-24 22:24:07', '2022-04-24 22:25:02'),
(427, 40, '2022-04-22', 'Present', '10:00:00', '18:00:00', '00:00:00', '00:00:00', '00:00:00', '00:00:00', 1, '2022-04-24 22:24:07', '2022-04-24 22:25:02'),
(428, 41, '2022-04-22', 'Present', '10:00:00', '18:00:00', '00:00:00', '00:00:00', '00:00:00', '00:00:00', 1, '2022-04-24 22:24:07', '2022-04-24 22:25:02'),
(429, 42, '2022-04-22', 'Present', '10:00:00', '18:00:00', '00:00:00', '00:00:00', '00:00:00', '00:00:00', 1, '2022-04-24 22:24:07', '2022-04-24 22:25:02'),
(430, 45, '2022-04-22', 'Present', '10:00:00', '18:00:00', '00:00:00', '00:00:00', '00:00:00', '00:00:00', 1, '2022-04-24 22:24:07', '2022-04-24 22:25:02'),
(431, 38, '2022-04-22', 'Present', '10:00:00', '18:00:00', '00:00:00', '00:00:00', '00:00:00', '00:00:00', 1, '2022-04-24 22:24:07', '2022-04-24 22:25:02'),
(432, 37, '2022-04-22', 'Present', '10:00:00', '18:00:00', '00:00:00', '00:00:00', '00:00:00', '00:00:00', 1, '2022-04-24 22:24:07', '2022-04-24 22:25:02'),
(433, 39, '2022-04-23', 'Present', '10:00:00', '18:00:00', '00:00:00', '00:00:00', '00:00:00', '00:00:00', 1, '2022-04-24 22:25:41', '2022-04-24 22:25:41'),
(434, 40, '2022-04-23', 'Present', '10:00:00', '18:00:00', '00:00:00', '00:00:00', '00:00:00', '00:00:00', 1, '2022-04-24 22:25:41', '2022-04-24 22:25:41'),
(435, 41, '2022-04-23', 'Present', '10:00:00', '18:00:00', '00:00:00', '00:00:00', '00:00:00', '00:00:00', 1, '2022-04-24 22:25:41', '2022-04-24 22:25:41'),
(436, 42, '2022-04-23', 'Present', '10:00:00', '18:00:00', '00:00:00', '00:00:00', '00:00:00', '00:00:00', 1, '2022-04-24 22:25:41', '2022-04-24 22:25:41'),
(437, 45, '2022-04-23', 'Present', '10:00:00', '18:00:00', '00:00:00', '00:00:00', '00:00:00', '00:00:00', 1, '2022-04-24 22:25:41', '2022-04-24 22:25:41'),
(438, 38, '2022-04-23', 'Present', '10:00:00', '18:00:00', '00:00:00', '00:00:00', '00:00:00', '00:00:00', 1, '2022-04-24 22:25:41', '2022-04-24 22:25:41'),
(439, 37, '2022-04-23', 'Present', '10:00:00', '18:00:00', '00:00:00', '00:00:00', '00:00:00', '00:00:00', 1, '2022-04-24 22:25:41', '2022-04-24 22:25:41'),
(440, 39, '2022-04-24', 'Present', '10:00:00', '18:00:00', '00:00:00', '00:00:00', '00:00:00', '00:00:00', 1, '2022-04-24 22:26:17', '2022-04-24 22:26:17'),
(441, 40, '2022-04-24', 'Present', '10:00:00', '18:00:00', '00:00:00', '00:00:00', '00:00:00', '00:00:00', 1, '2022-04-24 22:26:17', '2022-04-24 22:26:17'),
(442, 41, '2022-04-24', 'Present', '10:00:00', '18:00:00', '00:00:00', '00:00:00', '00:00:00', '00:00:00', 1, '2022-04-24 22:26:17', '2022-04-24 22:26:17'),
(443, 42, '2022-04-24', 'Present', '10:00:00', '18:00:00', '00:00:00', '00:00:00', '00:00:00', '00:00:00', 1, '2022-04-24 22:26:17', '2022-04-24 22:26:17'),
(444, 45, '2022-04-24', 'Present', '10:00:00', '18:00:00', '00:00:00', '00:00:00', '00:00:00', '00:00:00', 1, '2022-04-24 22:26:17', '2022-04-24 22:26:17'),
(445, 38, '2022-04-24', 'Present', '10:00:00', '18:00:00', '00:00:00', '00:00:00', '00:00:00', '00:00:00', 1, '2022-04-24 22:26:17', '2022-04-24 22:26:17'),
(446, 37, '2022-04-24', 'Present', '10:00:00', '18:00:00', '00:00:00', '00:00:00', '00:00:00', '00:00:00', 1, '2022-04-24 22:26:17', '2022-04-24 22:26:17'),
(447, 39, '2022-04-25', 'Present', '10:00:00', '18:00:00', '00:00:00', '00:00:00', '00:00:00', '00:00:00', 1, '2022-04-24 22:26:54', '2022-04-24 22:26:54'),
(448, 40, '2022-04-25', 'Present', '10:00:00', '18:00:00', '00:00:00', '00:00:00', '00:00:00', '00:00:00', 1, '2022-04-24 22:26:54', '2022-04-24 22:26:54'),
(449, 41, '2022-04-25', 'Present', '10:00:00', '18:00:00', '00:00:00', '00:00:00', '00:00:00', '00:00:00', 1, '2022-04-24 22:26:54', '2022-04-24 22:26:54'),
(450, 42, '2022-04-25', 'Present', '10:00:00', '18:00:00', '00:00:00', '00:00:00', '00:00:00', '00:00:00', 1, '2022-04-24 22:26:54', '2022-04-24 22:26:54'),
(451, 45, '2022-04-25', 'Leave', '00:00:00', '00:00:00', '00:00:00', '00:00:00', '00:00:00', '00:00:00', 1, '2022-04-24 22:26:54', '2022-04-25 01:23:16'),
(452, 38, '2022-04-25', 'Present', '10:00:00', '18:00:00', '00:00:00', '00:00:00', '00:00:00', '00:00:00', 1, '2022-04-24 22:26:54', '2022-04-24 22:26:54'),
(453, 37, '2022-04-25', 'Present', '10:00:00', '18:00:00', '00:00:00', '00:00:00', '00:00:00', '00:00:00', 1, '2022-04-24 22:26:54', '2022-04-24 22:26:54'),
(454, 39, '2022-04-01', 'Present', '10:00:00', '18:00:00', '00:00:00', '00:00:00', '00:00:00', '00:00:00', 1, '2022-04-24 23:11:24', '2022-04-24 23:11:24'),
(455, 40, '2022-04-01', 'Present', '10:00:00', '18:00:00', '00:00:00', '00:00:00', '00:00:00', '00:00:00', 1, '2022-04-24 23:11:24', '2022-04-24 23:11:24'),
(456, 41, '2022-04-01', 'Present', '10:00:00', '18:00:00', '00:00:00', '00:00:00', '00:00:00', '00:00:00', 1, '2022-04-24 23:11:24', '2022-04-24 23:11:24'),
(457, 42, '2022-04-01', 'Present', '10:00:00', '18:00:00', '00:00:00', '00:00:00', '00:00:00', '00:00:00', 1, '2022-04-24 23:11:24', '2022-04-24 23:11:24'),
(458, 45, '2022-04-01', 'Present', '10:00:00', '18:00:00', '00:00:00', '00:00:00', '00:00:00', '00:00:00', 1, '2022-04-24 23:11:25', '2022-04-24 23:11:25'),
(459, 38, '2022-04-01', 'Present', '10:00:00', '18:00:00', '00:00:00', '00:00:00', '00:00:00', '00:00:00', 1, '2022-04-24 23:11:25', '2022-04-24 23:11:25'),
(460, 37, '2022-04-01', 'Present', '10:00:00', '18:00:00', '00:00:00', '00:00:00', '00:00:00', '00:00:00', 1, '2022-04-24 23:11:25', '2022-04-24 23:11:25'),
(461, 39, '2022-04-03', 'Present', '10:00:00', '18:00:00', '00:00:00', '00:00:00', '00:00:00', '00:00:00', 1, '2022-04-24 23:13:25', '2022-04-24 23:13:25'),
(462, 40, '2022-04-03', 'Present', '10:00:00', '18:00:00', '00:00:00', '00:00:00', '00:00:00', '00:00:00', 1, '2022-04-24 23:13:25', '2022-04-24 23:13:25'),
(463, 41, '2022-04-03', 'Present', '10:00:00', '18:00:00', '00:00:00', '00:00:00', '00:00:00', '00:00:00', 1, '2022-04-24 23:13:25', '2022-04-24 23:13:25'),
(464, 42, '2022-04-03', 'Present', '10:00:00', '18:00:00', '00:00:00', '00:00:00', '00:00:00', '00:00:00', 1, '2022-04-24 23:13:26', '2022-04-24 23:13:26'),
(465, 45, '2022-04-03', 'Present', '10:00:00', '18:00:00', '00:00:00', '00:00:00', '00:00:00', '00:00:00', 1, '2022-04-24 23:13:26', '2022-04-24 23:13:26'),
(466, 38, '2022-04-03', 'Present', '10:00:00', '18:00:00', '00:00:00', '00:00:00', '00:00:00', '00:00:00', 1, '2022-04-24 23:13:26', '2022-04-24 23:13:26'),
(467, 37, '2022-04-03', 'Present', '10:00:00', '18:00:00', '00:00:00', '00:00:00', '00:00:00', '00:00:00', 1, '2022-04-24 23:13:26', '2022-04-24 23:13:26'),
(468, 39, '2022-04-04', 'Present', '10:00:00', '18:00:00', '00:00:00', '00:00:00', '00:00:00', '00:00:00', 1, '2022-04-24 23:14:04', '2022-04-24 23:14:04'),
(469, 40, '2022-04-04', 'Present', '10:00:00', '18:00:00', '00:00:00', '00:00:00', '00:00:00', '00:00:00', 1, '2022-04-24 23:14:04', '2022-04-24 23:14:04'),
(470, 41, '2022-04-04', 'Present', '10:00:00', '18:00:00', '00:00:00', '00:00:00', '00:00:00', '00:00:00', 1, '2022-04-24 23:14:04', '2022-04-24 23:14:04'),
(471, 42, '2022-04-04', 'Present', '10:00:00', '18:00:00', '00:00:00', '00:00:00', '00:00:00', '00:00:00', 1, '2022-04-24 23:14:04', '2022-04-24 23:14:04'),
(472, 45, '2022-04-04', 'Present', '10:00:00', '18:00:00', '00:00:00', '00:00:00', '00:00:00', '00:00:00', 1, '2022-04-24 23:14:04', '2022-04-24 23:14:04'),
(473, 38, '2022-04-04', 'Present', '10:00:00', '18:00:00', '00:00:00', '00:00:00', '00:00:00', '00:00:00', 1, '2022-04-24 23:14:04', '2022-04-24 23:14:04'),
(474, 37, '2022-04-04', 'Present', '10:00:00', '18:00:00', '00:00:00', '00:00:00', '00:00:00', '00:00:00', 1, '2022-04-24 23:14:04', '2022-04-24 23:14:04'),
(475, 39, '2022-04-05', 'Present', '10:00:00', '18:00:00', '00:00:00', '00:00:00', '00:00:00', '00:00:00', 1, '2022-04-24 23:14:39', '2022-04-24 23:14:39'),
(476, 40, '2022-04-05', 'Present', '10:00:00', '18:00:00', '00:00:00', '00:00:00', '00:00:00', '00:00:00', 1, '2022-04-24 23:14:39', '2022-04-24 23:14:39'),
(477, 41, '2022-04-05', 'Present', '10:00:00', '18:00:00', '00:00:00', '00:00:00', '00:00:00', '00:00:00', 1, '2022-04-24 23:14:39', '2022-04-24 23:14:39'),
(478, 42, '2022-04-05', 'Present', '10:00:00', '18:00:00', '00:00:00', '00:00:00', '00:00:00', '00:00:00', 1, '2022-04-24 23:14:39', '2022-04-24 23:14:39'),
(479, 45, '2022-04-05', 'Present', '10:00:00', '18:00:00', '00:00:00', '00:00:00', '00:00:00', '00:00:00', 1, '2022-04-24 23:14:39', '2022-04-24 23:14:39'),
(480, 38, '2022-04-05', 'Present', '10:00:00', '18:00:00', '00:00:00', '00:00:00', '00:00:00', '00:00:00', 1, '2022-04-24 23:14:39', '2022-04-24 23:14:39'),
(481, 37, '2022-04-05', 'Present', '10:00:00', '18:00:00', '00:00:00', '00:00:00', '00:00:00', '00:00:00', 1, '2022-04-24 23:14:39', '2022-04-24 23:14:39'),
(482, 39, '2022-04-06', 'Present', '10:00:00', '18:00:00', '00:00:00', '00:00:00', '00:00:00', '00:00:00', 1, '2022-04-24 23:15:18', '2022-04-24 23:15:18'),
(483, 40, '2022-04-06', 'Present', '10:00:00', '18:00:00', '00:00:00', '00:00:00', '00:00:00', '00:00:00', 1, '2022-04-24 23:15:18', '2022-04-24 23:15:18'),
(484, 41, '2022-04-06', 'Present', '10:00:00', '18:00:00', '00:00:00', '00:00:00', '00:00:00', '00:00:00', 1, '2022-04-24 23:15:18', '2022-04-24 23:15:18'),
(485, 42, '2022-04-06', 'Present', '10:00:00', '18:00:00', '00:00:00', '00:00:00', '00:00:00', '00:00:00', 1, '2022-04-24 23:15:18', '2022-04-24 23:15:18'),
(486, 45, '2022-04-06', 'Present', '10:00:00', '18:00:00', '00:00:00', '00:00:00', '00:00:00', '00:00:00', 1, '2022-04-24 23:15:18', '2022-04-24 23:15:18'),
(487, 38, '2022-04-06', 'Present', '10:00:00', '18:00:00', '00:00:00', '00:00:00', '00:00:00', '00:00:00', 1, '2022-04-24 23:15:18', '2022-04-24 23:15:18'),
(488, 37, '2022-04-06', 'Present', '10:00:00', '18:00:00', '00:00:00', '00:00:00', '00:00:00', '00:00:00', 1, '2022-04-24 23:15:18', '2022-04-24 23:15:18'),
(489, 39, '2022-04-07', 'Present', '10:00:00', '18:00:00', '00:00:00', '00:00:00', '00:00:00', '00:00:00', 1, '2022-04-24 23:15:52', '2022-04-24 23:15:52'),
(490, 40, '2022-04-07', 'Present', '10:00:00', '18:00:00', '00:00:00', '00:00:00', '00:00:00', '00:00:00', 1, '2022-04-24 23:15:52', '2022-04-24 23:15:52'),
(491, 41, '2022-04-07', 'Present', '10:00:00', '18:00:00', '00:00:00', '00:00:00', '00:00:00', '00:00:00', 1, '2022-04-24 23:15:52', '2022-04-24 23:15:52'),
(492, 42, '2022-04-07', 'Present', '10:00:00', '18:00:00', '00:00:00', '00:00:00', '00:00:00', '00:00:00', 1, '2022-04-24 23:15:52', '2022-04-24 23:15:52'),
(493, 45, '2022-04-07', 'Present', '10:00:00', '18:00:00', '00:00:00', '00:00:00', '00:00:00', '00:00:00', 1, '2022-04-24 23:15:52', '2022-04-24 23:15:52'),
(494, 38, '2022-04-07', 'Present', '10:00:00', '18:00:00', '00:00:00', '00:00:00', '00:00:00', '00:00:00', 1, '2022-04-24 23:15:52', '2022-04-24 23:15:52'),
(495, 37, '2022-04-07', 'Present', '10:00:00', '18:00:00', '00:00:00', '00:00:00', '00:00:00', '00:00:00', 1, '2022-04-24 23:15:52', '2022-04-24 23:15:52'),
(496, 39, '2022-04-08', 'Present', '10:00:00', '18:00:00', '00:00:00', '00:00:00', '00:00:00', '00:00:00', 1, '2022-04-24 23:16:24', '2022-04-24 23:16:24'),
(497, 40, '2022-04-08', 'Present', '10:00:00', '18:00:00', '00:00:00', '00:00:00', '00:00:00', '00:00:00', 1, '2022-04-24 23:16:24', '2022-04-24 23:16:24'),
(498, 41, '2022-04-08', 'Present', '10:00:00', '18:00:00', '00:00:00', '00:00:00', '00:00:00', '00:00:00', 1, '2022-04-24 23:16:24', '2022-04-24 23:16:24'),
(499, 42, '2022-04-08', 'Present', '10:00:00', '18:00:00', '00:00:00', '00:00:00', '00:00:00', '00:00:00', 1, '2022-04-24 23:16:24', '2022-04-24 23:16:24'),
(500, 45, '2022-04-08', 'Present', '10:00:00', '18:00:00', '00:00:00', '00:00:00', '00:00:00', '00:00:00', 1, '2022-04-24 23:16:24', '2022-04-24 23:16:24'),
(501, 38, '2022-04-08', 'Present', '10:00:00', '18:00:00', '00:00:00', '00:00:00', '00:00:00', '00:00:00', 1, '2022-04-24 23:16:24', '2022-04-24 23:16:24'),
(502, 37, '2022-04-08', 'Present', '10:00:00', '18:00:00', '00:00:00', '00:00:00', '00:00:00', '00:00:00', 1, '2022-04-24 23:16:24', '2022-04-24 23:16:24'),
(503, 39, '2022-04-09', 'Present', '10:00:00', '18:00:00', '00:00:00', '00:00:00', '00:00:00', '00:00:00', 1, '2022-04-24 23:16:58', '2022-04-24 23:16:58'),
(504, 40, '2022-04-09', 'Present', '10:00:00', '18:00:00', '00:00:00', '00:00:00', '00:00:00', '00:00:00', 1, '2022-04-24 23:16:58', '2022-04-24 23:16:58'),
(505, 41, '2022-04-09', 'Present', '10:00:00', '18:00:00', '00:00:00', '00:00:00', '00:00:00', '00:00:00', 1, '2022-04-24 23:16:58', '2022-04-24 23:16:58'),
(506, 42, '2022-04-09', 'Present', '10:00:00', '18:00:00', '00:00:00', '00:00:00', '00:00:00', '00:00:00', 1, '2022-04-24 23:16:58', '2022-04-24 23:16:58'),
(507, 45, '2022-04-09', 'Present', '10:00:00', '18:00:00', '00:00:00', '00:00:00', '00:00:00', '00:00:00', 1, '2022-04-24 23:16:58', '2022-04-24 23:16:58'),
(508, 38, '2022-04-09', 'Present', '10:00:00', '18:00:00', '00:00:00', '00:00:00', '00:00:00', '00:00:00', 1, '2022-04-24 23:16:58', '2022-04-24 23:16:58'),
(509, 37, '2022-04-09', 'Present', '10:00:00', '18:00:00', '00:00:00', '00:00:00', '00:00:00', '00:00:00', 1, '2022-04-24 23:16:58', '2022-04-24 23:16:58'),
(510, 40, '2022-03-03', 'Present', '10:00:00', '18:00:00', '00:00:00', '00:00:00', '00:00:00', '00:00:00', 1, '2022-04-24 23:52:40', '2022-04-24 23:52:40'),
(511, 41, '2022-03-03', 'Present', '10:00:00', '18:00:00', '00:00:00', '00:00:00', '00:00:00', '00:00:00', 1, '2022-04-24 23:52:40', '2022-04-24 23:52:40'),
(512, 42, '2022-03-03', 'Present', '10:00:00', '18:00:00', '00:00:00', '00:00:00', '00:00:00', '00:00:00', 1, '2022-04-24 23:52:40', '2022-04-24 23:52:40'),
(513, 45, '2022-03-03', 'Present', '10:00:00', '18:00:00', '00:00:00', '00:00:00', '00:00:00', '00:00:00', 1, '2022-04-24 23:52:40', '2022-04-24 23:52:40'),
(514, 38, '2022-03-03', 'Present', '10:00:00', '18:00:00', '00:00:00', '00:00:00', '00:00:00', '00:00:00', 1, '2022-04-24 23:52:40', '2022-04-24 23:52:40'),
(515, 37, '2022-03-03', 'Present', '10:00:00', '18:00:00', '00:00:00', '00:00:00', '00:00:00', '00:00:00', 1, '2022-04-24 23:52:40', '2022-04-24 23:52:40'),
(516, 44, '2022-03-03', 'Present', '10:00:00', '18:00:00', '00:00:00', '00:00:00', '00:00:00', '00:00:00', 1, '2022-04-24 23:52:40', '2022-04-24 23:52:40'),
(517, 46, '2022-03-03', 'Present', '10:00:00', '18:00:00', '00:00:00', '00:00:00', '00:00:00', '00:00:00', 1, '2022-04-24 23:52:40', '2022-04-24 23:52:40'),
(518, 43, '2022-03-03', 'Present', '10:00:00', '18:00:00', '00:00:00', '00:00:00', '00:00:00', '00:00:00', 1, '2022-04-24 23:52:40', '2022-04-24 23:52:40'),
(519, 40, '2022-03-04', 'Present', '10:00:00', '18:00:00', '00:00:00', '00:00:00', '00:00:00', '00:00:00', 1, '2022-04-24 23:53:18', '2022-04-24 23:53:18'),
(520, 41, '2022-03-04', 'Present', '10:00:00', '18:00:00', '00:00:00', '00:00:00', '00:00:00', '00:00:00', 1, '2022-04-24 23:53:18', '2022-04-24 23:53:18'),
(521, 42, '2022-03-04', 'Present', '10:00:00', '18:00:00', '00:00:00', '00:00:00', '00:00:00', '00:00:00', 1, '2022-04-24 23:53:18', '2022-04-24 23:53:18'),
(522, 45, '2022-03-04', 'Present', '10:00:00', '18:00:00', '00:00:00', '00:00:00', '00:00:00', '00:00:00', 1, '2022-04-24 23:53:18', '2022-04-24 23:53:18'),
(523, 38, '2022-03-04', 'Present', '10:00:00', '18:00:00', '00:00:00', '00:00:00', '00:00:00', '00:00:00', 1, '2022-04-24 23:53:18', '2022-04-24 23:53:18'),
(524, 37, '2022-03-04', 'Present', '10:00:00', '18:00:00', '00:00:00', '00:00:00', '00:00:00', '00:00:00', 1, '2022-04-24 23:53:18', '2022-04-24 23:53:18'),
(525, 44, '2022-03-04', 'Present', '10:00:00', '18:00:00', '00:00:00', '00:00:00', '00:00:00', '00:00:00', 1, '2022-04-24 23:53:18', '2022-04-24 23:53:18'),
(526, 46, '2022-03-04', 'Present', '10:00:00', '18:00:00', '00:00:00', '00:00:00', '00:00:00', '00:00:00', 1, '2022-04-24 23:53:18', '2022-04-24 23:53:18'),
(527, 43, '2022-03-04', 'Present', '10:00:00', '18:00:00', '00:00:00', '00:00:00', '00:00:00', '00:00:00', 1, '2022-04-24 23:53:18', '2022-04-24 23:53:18'),
(528, 40, '2022-03-05', 'Present', '10:00:00', '18:00:00', '00:00:00', '00:00:00', '00:00:00', '00:00:00', 1, '2022-04-24 23:53:56', '2022-04-24 23:53:56'),
(529, 41, '2022-03-05', 'Present', '10:00:00', '18:00:00', '00:00:00', '00:00:00', '00:00:00', '00:00:00', 1, '2022-04-24 23:53:56', '2022-04-24 23:53:56'),
(530, 42, '2022-03-05', 'Present', '10:00:00', '18:00:00', '00:00:00', '00:00:00', '00:00:00', '00:00:00', 1, '2022-04-24 23:53:56', '2022-04-24 23:53:56'),
(531, 45, '2022-03-05', 'Present', '10:00:00', '18:00:00', '00:00:00', '00:00:00', '00:00:00', '00:00:00', 1, '2022-04-24 23:53:56', '2022-04-24 23:53:56'),
(532, 38, '2022-03-05', 'Present', '10:00:00', '18:00:00', '00:00:00', '00:00:00', '00:00:00', '00:00:00', 1, '2022-04-24 23:53:56', '2022-04-24 23:53:56'),
(533, 37, '2022-03-05', 'Present', '10:00:00', '18:00:00', '00:00:00', '00:00:00', '00:00:00', '00:00:00', 1, '2022-04-24 23:53:56', '2022-04-24 23:53:56'),
(534, 44, '2022-03-05', 'Present', '10:00:00', '18:00:00', '00:00:00', '00:00:00', '00:00:00', '00:00:00', 1, '2022-04-24 23:53:56', '2022-04-24 23:53:56'),
(535, 46, '2022-03-05', 'Present', '10:00:00', '18:00:00', '00:00:00', '00:00:00', '00:00:00', '00:00:00', 1, '2022-04-24 23:53:56', '2022-04-24 23:53:56'),
(536, 43, '2022-03-05', 'Present', '10:00:00', '18:00:00', '00:00:00', '00:00:00', '00:00:00', '00:00:00', 1, '2022-04-24 23:53:56', '2022-04-24 23:53:56'),
(537, 40, '2022-03-06', 'Present', '10:00:00', '18:00:00', '00:00:00', '00:00:00', '00:00:00', '00:00:00', 1, '2022-04-24 23:54:45', '2022-04-24 23:54:45'),
(538, 41, '2022-03-06', 'Present', '10:00:00', '18:00:00', '00:00:00', '00:00:00', '00:00:00', '00:00:00', 1, '2022-04-24 23:54:45', '2022-04-24 23:54:45'),
(539, 42, '2022-03-06', 'Present', '10:00:00', '18:00:00', '00:00:00', '00:00:00', '00:00:00', '00:00:00', 1, '2022-04-24 23:54:45', '2022-04-24 23:54:45'),
(540, 45, '2022-03-06', 'Present', '10:00:00', '18:00:00', '00:00:00', '00:00:00', '00:00:00', '00:00:00', 1, '2022-04-24 23:54:45', '2022-04-24 23:54:45'),
(541, 38, '2022-03-06', 'Present', '10:00:00', '18:00:00', '00:00:00', '00:00:00', '00:00:00', '00:00:00', 1, '2022-04-24 23:54:45', '2022-04-24 23:54:45'),
(542, 37, '2022-03-06', 'Present', '10:00:00', '18:00:00', '00:00:00', '00:00:00', '00:00:00', '00:00:00', 1, '2022-04-24 23:54:45', '2022-04-24 23:54:45'),
(543, 44, '2022-03-06', 'Present', '10:00:00', '18:00:00', '00:00:00', '00:00:00', '00:00:00', '00:00:00', 1, '2022-04-24 23:54:45', '2022-04-24 23:54:45'),
(544, 46, '2022-03-06', 'Present', '10:00:00', '18:00:00', '00:00:00', '00:00:00', '00:00:00', '00:00:00', 1, '2022-04-24 23:54:45', '2022-04-24 23:54:45'),
(545, 43, '2022-03-06', 'Present', '10:00:00', '18:00:00', '00:00:00', '00:00:00', '00:00:00', '00:00:00', 1, '2022-04-24 23:54:45', '2022-04-24 23:54:45'),
(546, 40, '2022-03-07', 'Present', '10:00:00', '18:00:00', '00:00:00', '00:00:00', '00:00:00', '00:00:00', 1, '2022-04-24 23:55:20', '2022-04-24 23:55:20'),
(547, 41, '2022-03-07', 'Present', '10:00:00', '18:00:00', '00:00:00', '00:00:00', '00:00:00', '00:00:00', 1, '2022-04-24 23:55:20', '2022-04-24 23:55:20'),
(548, 42, '2022-03-07', 'Present', '10:00:00', '18:00:00', '00:00:00', '00:00:00', '00:00:00', '00:00:00', 1, '2022-04-24 23:55:20', '2022-04-24 23:55:20'),
(549, 45, '2022-03-07', 'Present', '10:00:00', '18:00:00', '00:00:00', '00:00:00', '00:00:00', '00:00:00', 1, '2022-04-24 23:55:20', '2022-04-24 23:55:20'),
(550, 38, '2022-03-07', 'Present', '10:00:00', '18:00:00', '00:00:00', '00:00:00', '00:00:00', '00:00:00', 1, '2022-04-24 23:55:20', '2022-04-24 23:55:20'),
(551, 37, '2022-03-07', 'Present', '10:00:00', '18:00:00', '00:00:00', '00:00:00', '00:00:00', '00:00:00', 1, '2022-04-24 23:55:20', '2022-04-24 23:55:20'),
(552, 44, '2022-03-07', 'Present', '10:00:00', '18:00:00', '00:00:00', '00:00:00', '00:00:00', '00:00:00', 1, '2022-04-24 23:55:20', '2022-04-24 23:55:20'),
(553, 46, '2022-03-07', 'Present', '10:00:00', '18:00:00', '00:00:00', '00:00:00', '00:00:00', '00:00:00', 1, '2022-04-24 23:55:20', '2022-04-24 23:55:20'),
(554, 43, '2022-03-07', 'Present', '10:00:00', '18:00:00', '00:00:00', '00:00:00', '00:00:00', '00:00:00', 1, '2022-04-24 23:55:20', '2022-04-24 23:55:20'),
(555, 44, '2022-04-01', 'Leave', '00:00:00', '00:00:00', '00:00:00', '00:00:00', '00:00:00', '00:00:00', 1, '2022-04-25 03:25:04', '2022-04-25 03:26:54'),
(556, 46, '2022-04-01', 'Leave', '00:00:00', '00:00:00', '00:00:00', '00:00:00', '00:00:00', '00:00:00', 1, '2022-04-25 03:25:04', '2022-04-25 03:27:04'),
(557, 43, '2022-04-01', 'Leave', '00:00:00', '00:00:00', '00:00:00', '00:00:00', '00:00:00', '00:00:00', 1, '2022-04-25 03:25:04', '2022-04-25 03:27:20'),
(558, 44, '2022-04-03', 'Leave', '00:00:00', '00:00:00', '00:00:00', '00:00:00', '00:00:00', '00:00:00', 1, '2022-04-25 03:29:10', '2022-04-25 03:29:10'),
(559, 46, '2022-04-03', 'Leave', '00:00:00', '00:00:00', '00:00:00', '00:00:00', '00:00:00', '00:00:00', 1, '2022-04-25 03:29:19', '2022-04-25 03:29:19'),
(560, 44, '2022-04-04', 'Leave', '00:00:00', '00:00:00', '00:00:00', '00:00:00', '00:00:00', '00:00:00', 1, '2022-04-25 03:30:01', '2022-04-25 03:30:01'),
(561, 46, '2022-04-04', 'Leave', '00:00:00', '00:00:00', '00:00:00', '00:00:00', '00:00:00', '00:00:00', 1, '2022-04-25 03:30:11', '2022-04-25 03:30:11'),
(562, 43, '2022-04-04', 'Leave', '00:00:00', '00:00:00', '00:00:00', '00:00:00', '00:00:00', '00:00:00', 1, '2022-04-25 03:30:19', '2022-04-25 03:30:19'),
(563, 44, '2022-04-05', 'Leave', '00:00:00', '00:00:00', '00:00:00', '00:00:00', '00:00:00', '00:00:00', 1, '2022-04-25 03:30:30', '2022-04-25 03:30:30'),
(564, 46, '2022-04-05', 'Leave', '00:00:00', '00:00:00', '00:00:00', '00:00:00', '00:00:00', '00:00:00', 1, '2022-04-25 03:30:38', '2022-04-25 03:30:38'),
(565, 43, '2022-04-05', 'Leave', '00:00:00', '00:00:00', '00:00:00', '00:00:00', '00:00:00', '00:00:00', 1, '2022-04-25 03:31:31', '2022-04-25 03:31:31'),
(566, 43, '2022-04-06', 'Leave', '00:00:00', '00:00:00', '00:00:00', '00:00:00', '00:00:00', '00:00:00', 1, '2022-04-25 03:31:55', '2022-04-25 03:31:55'),
(567, 44, '2022-04-06', 'Leave', '00:00:00', '00:00:00', '00:00:00', '00:00:00', '00:00:00', '00:00:00', 1, '2022-04-25 03:32:04', '2022-04-25 03:32:04'),
(568, 46, '2022-04-06', 'Leave', '00:00:00', '00:00:00', '00:00:00', '00:00:00', '00:00:00', '00:00:00', 1, '2022-04-25 03:32:09', '2022-04-25 03:32:09'),
(569, 43, '2022-04-07', 'Leave', '00:00:00', '00:00:00', '00:00:00', '00:00:00', '00:00:00', '00:00:00', 1, '2022-04-25 03:32:25', '2022-04-25 03:32:25'),
(570, 44, '2022-04-07', 'Leave', '00:00:00', '00:00:00', '00:00:00', '00:00:00', '00:00:00', '00:00:00', 1, '2022-04-25 03:32:30', '2022-04-25 03:32:30'),
(571, 46, '2022-04-07', 'Leave', '00:00:00', '00:00:00', '00:00:00', '00:00:00', '00:00:00', '00:00:00', 1, '2022-04-25 03:32:36', '2022-04-25 03:32:36'),
(572, 44, '2022-04-08', 'Leave', '00:00:00', '00:00:00', '00:00:00', '00:00:00', '00:00:00', '00:00:00', 1, '2022-04-25 03:32:55', '2022-04-25 03:32:55'),
(573, 43, '2022-04-08', 'Leave', '00:00:00', '00:00:00', '00:00:00', '00:00:00', '00:00:00', '00:00:00', 1, '2022-04-25 03:33:01', '2022-04-25 03:33:01'),
(574, 46, '2022-04-08', 'Leave', '00:00:00', '00:00:00', '00:00:00', '00:00:00', '00:00:00', '00:00:00', 1, '2022-04-25 03:33:07', '2022-04-25 03:33:07'),
(575, 43, '2022-04-09', 'Leave', '00:00:00', '00:00:00', '00:00:00', '00:00:00', '00:00:00', '00:00:00', 1, '2022-04-25 03:34:52', '2022-04-25 03:34:52'),
(576, 46, '2022-04-09', 'Leave', '00:00:00', '00:00:00', '00:00:00', '00:00:00', '00:00:00', '00:00:00', 1, '2022-04-25 03:35:05', '2022-04-25 03:35:05'),
(577, 43, '2022-04-03', 'Leave', '00:00:00', '00:00:00', '00:00:00', '00:00:00', '00:00:00', '00:00:00', 1, '2022-04-25 03:35:37', '2022-04-25 03:35:37'),
(578, 20, '2022-06-15', 'Present', '09:00:00', '18:00:00', '00:00:00', '00:00:00', '00:00:00', '00:00:00', 1, '2022-06-15 02:13:43', '2022-06-15 02:13:43'),
(579, 20, '2022-06-21', 'Present', '09:00:00', '18:00:00', '00:00:00', '00:00:00', '00:00:00', '00:00:00', 1, '2022-06-22 00:14:50', '2022-06-22 00:14:50'),
(580, 20, '2023-04-07', 'Present', '09:00:00', '18:00:00', '00:00:00', '00:00:00', '00:00:00', '00:00:00', 1, '2023-04-07 02:00:26', '2023-04-07 02:00:26');

-- --------------------------------------------------------

--
-- Table structure for table `awards`
--

DROP TABLE IF EXISTS `awards`;
CREATE TABLE IF NOT EXISTS `awards` (
  `id` bigint(20) UNSIGNED NOT NULL AUTO_INCREMENT,
  `employee_id` int(11) NOT NULL,
  `award_type` varchar(255) COLLATE utf8mb4_unicode_ci NOT NULL,
  `date` date NOT NULL,
  `gift` varchar(255) COLLATE utf8mb4_unicode_ci NOT NULL,
  `description` varchar(255) COLLATE utf8mb4_unicode_ci NOT NULL,
  `created_by` int(11) NOT NULL,
  `created_at` timestamp NULL DEFAULT NULL,
  `updated_at` timestamp NULL DEFAULT NULL,
  PRIMARY KEY (`id`)
) ENGINE=InnoDB DEFAULT CHARSET=utf8mb4 COLLATE=utf8mb4_unicode_ci ROW_FORMAT=DYNAMIC;

-- --------------------------------------------------------

--
-- Table structure for table `award_types`
--

DROP TABLE IF EXISTS `award_types`;
CREATE TABLE IF NOT EXISTS `award_types` (
  `id` bigint(20) UNSIGNED NOT NULL AUTO_INCREMENT,
  `name` varchar(255) COLLATE utf8mb4_unicode_ci NOT NULL,
  `created_by` int(11) NOT NULL,
  `created_at` timestamp NULL DEFAULT NULL,
  `updated_at` timestamp NULL DEFAULT NULL,
  PRIMARY KEY (`id`)
) ENGINE=InnoDB DEFAULT CHARSET=utf8mb4 COLLATE=utf8mb4_unicode_ci ROW_FORMAT=DYNAMIC;

-- --------------------------------------------------------

--
-- Table structure for table `branches`
--

DROP TABLE IF EXISTS `branches`;
CREATE TABLE IF NOT EXISTS `branches` (
  `id` bigint(20) UNSIGNED NOT NULL AUTO_INCREMENT,
  `name` varchar(255) COLLATE utf8mb4_unicode_ci NOT NULL,
  `created_by` int(11) NOT NULL,
  `created_at` timestamp NULL DEFAULT NULL,
  `updated_at` timestamp NULL DEFAULT NULL,
  PRIMARY KEY (`id`)
) ENGINE=InnoDB AUTO_INCREMENT=22 DEFAULT CHARSET=utf8mb4 COLLATE=utf8mb4_unicode_ci ROW_FORMAT=DYNAMIC;

--
-- Dumping data for table `branches`
--

INSERT INTO `branches` (`id`, `name`, `created_by`, `created_at`, `updated_at`) VALUES
(16, 'Street Light', 1, '2022-03-16 05:39:14', '2022-03-16 05:39:14'),
(17, 'Nagar Nigam', 1, '2022-03-16 05:39:29', '2022-03-16 05:39:29'),
(18, 'Tax', 1, '2022-03-16 05:39:44', '2022-03-16 05:39:44'),
(19, 'Accounts', 1, '2022-04-05 18:33:03', '2022-04-05 18:33:03'),
(20, 'PWD', 1, '2022-04-21 00:48:31', '2022-04-21 00:48:31'),
(21, 'Health', 1, '2022-04-21 21:44:21', '2022-04-21 21:44:21');

-- --------------------------------------------------------

--
-- Table structure for table `ch_favorites`
--

DROP TABLE IF EXISTS `ch_favorites`;
CREATE TABLE IF NOT EXISTS `ch_favorites` (
  `id` bigint(20) NOT NULL,
  `user_id` bigint(20) NOT NULL,
  `favorite_id` bigint(20) NOT NULL,
  `created_at` timestamp NULL DEFAULT NULL,
  `updated_at` timestamp NULL DEFAULT NULL,
  PRIMARY KEY (`id`)
) ENGINE=InnoDB DEFAULT CHARSET=utf8mb4 COLLATE=utf8mb4_unicode_ci ROW_FORMAT=DYNAMIC;

-- --------------------------------------------------------

--
-- Table structure for table `ch_messages`
--

DROP TABLE IF EXISTS `ch_messages`;
CREATE TABLE IF NOT EXISTS `ch_messages` (
  `id` bigint(20) NOT NULL,
  `type` varchar(255) COLLATE utf8mb4_unicode_ci NOT NULL,
  `from_id` bigint(20) NOT NULL,
  `to_id` bigint(20) NOT NULL,
  `body` varchar(5000) COLLATE utf8mb4_unicode_ci DEFAULT NULL,
  `attachment` varchar(255) COLLATE utf8mb4_unicode_ci DEFAULT NULL,
  `seen` tinyint(1) NOT NULL DEFAULT '0',
  `created_at` timestamp NULL DEFAULT NULL,
  `updated_at` timestamp NULL DEFAULT NULL,
  PRIMARY KEY (`id`)
) ENGINE=InnoDB DEFAULT CHARSET=utf8mb4 COLLATE=utf8mb4_unicode_ci ROW_FORMAT=DYNAMIC;

-- --------------------------------------------------------

--
-- Table structure for table `commissions`
--

DROP TABLE IF EXISTS `commissions`;
CREATE TABLE IF NOT EXISTS `commissions` (
  `id` bigint(20) UNSIGNED NOT NULL AUTO_INCREMENT,
  `employee_id` int(11) NOT NULL,
  `title` varchar(255) COLLATE utf8mb4_unicode_ci NOT NULL,
  `amount` int(11) NOT NULL,
  `created_by` int(11) NOT NULL,
  `created_at` timestamp NULL DEFAULT NULL,
  `updated_at` timestamp NULL DEFAULT NULL,
  PRIMARY KEY (`id`)
) ENGINE=InnoDB DEFAULT CHARSET=utf8mb4 COLLATE=utf8mb4_unicode_ci ROW_FORMAT=DYNAMIC;

-- --------------------------------------------------------

--
-- Table structure for table `company_policies`
--

DROP TABLE IF EXISTS `company_policies`;
CREATE TABLE IF NOT EXISTS `company_policies` (
  `id` bigint(20) UNSIGNED NOT NULL AUTO_INCREMENT,
  `branch` int(11) NOT NULL,
  `title` varchar(255) COLLATE utf8mb4_unicode_ci NOT NULL,
  `description` text COLLATE utf8mb4_unicode_ci NOT NULL,
  `attachment` varchar(255) COLLATE utf8mb4_unicode_ci DEFAULT NULL,
  `created_by` int(11) NOT NULL,
  `created_at` timestamp NULL DEFAULT NULL,
  `updated_at` timestamp NULL DEFAULT NULL,
  PRIMARY KEY (`id`)
) ENGINE=InnoDB DEFAULT CHARSET=utf8mb4 COLLATE=utf8mb4_unicode_ci ROW_FORMAT=DYNAMIC;

-- --------------------------------------------------------

--
-- Table structure for table `competencies`
--

DROP TABLE IF EXISTS `competencies`;
CREATE TABLE IF NOT EXISTS `competencies` (
  `id` bigint(20) UNSIGNED NOT NULL AUTO_INCREMENT,
  `name` varchar(255) COLLATE utf8mb4_unicode_ci NOT NULL,
  `type` varchar(255) COLLATE utf8mb4_unicode_ci NOT NULL,
  `created_by` varchar(255) COLLATE utf8mb4_unicode_ci NOT NULL,
  `created_at` timestamp NULL DEFAULT NULL,
  `updated_at` timestamp NULL DEFAULT NULL,
  PRIMARY KEY (`id`)
) ENGINE=InnoDB DEFAULT CHARSET=utf8mb4 COLLATE=utf8mb4_unicode_ci ROW_FORMAT=DYNAMIC;

-- --------------------------------------------------------

--
-- Table structure for table `complaints`
--

DROP TABLE IF EXISTS `complaints`;
CREATE TABLE IF NOT EXISTS `complaints` (
  `id` bigint(20) UNSIGNED NOT NULL AUTO_INCREMENT,
  `complaint_from` int(11) NOT NULL,
  `complaint_against` int(11) NOT NULL,
  `title` varchar(255) COLLATE utf8mb4_unicode_ci NOT NULL,
  `complaint_date` date NOT NULL,
  `description` varchar(255) COLLATE utf8mb4_unicode_ci NOT NULL,
  `created_by` varchar(255) COLLATE utf8mb4_unicode_ci NOT NULL,
  `created_at` timestamp NULL DEFAULT NULL,
  `updated_at` timestamp NULL DEFAULT NULL,
  PRIMARY KEY (`id`)
) ENGINE=InnoDB DEFAULT CHARSET=utf8mb4 COLLATE=utf8mb4_unicode_ci ROW_FORMAT=DYNAMIC;

-- --------------------------------------------------------

--
-- Table structure for table `custom_questions`
--

DROP TABLE IF EXISTS `custom_questions`;
CREATE TABLE IF NOT EXISTS `custom_questions` (
  `id` bigint(20) UNSIGNED NOT NULL AUTO_INCREMENT,
  `question` varchar(255) COLLATE utf8mb4_unicode_ci NOT NULL,
  `is_required` varchar(255) COLLATE utf8mb4_unicode_ci DEFAULT NULL,
  `created_by` int(11) NOT NULL,
  `created_at` timestamp NULL DEFAULT NULL,
  `updated_at` timestamp NULL DEFAULT NULL,
  PRIMARY KEY (`id`)
) ENGINE=InnoDB DEFAULT CHARSET=utf8mb4 COLLATE=utf8mb4_unicode_ci ROW_FORMAT=DYNAMIC;

-- --------------------------------------------------------

--
-- Table structure for table `deduction_options`
--

DROP TABLE IF EXISTS `deduction_options`;
CREATE TABLE IF NOT EXISTS `deduction_options` (
  `id` bigint(20) UNSIGNED NOT NULL AUTO_INCREMENT,
  `name` varchar(255) COLLATE utf8mb4_unicode_ci NOT NULL,
  `created_by` int(11) NOT NULL,
  `created_at` timestamp NULL DEFAULT NULL,
  `updated_at` timestamp NULL DEFAULT NULL,
  PRIMARY KEY (`id`)
) ENGINE=InnoDB AUTO_INCREMENT=29 DEFAULT CHARSET=utf8mb4 COLLATE=utf8mb4_unicode_ci ROW_FORMAT=DYNAMIC;

--
-- Dumping data for table `deduction_options`
--

INSERT INTO `deduction_options` (`id`, `name`, `created_by`, `created_at`, `updated_at`) VALUES
(1, 'Income Tax', 1, '2022-02-16 22:57:35', '2022-02-16 22:57:35'),
(2, 'Court Reco.', 1, '2022-02-16 22:57:55', '2022-02-16 22:57:55'),
(3, 'Quarter Rent', 1, '2022-02-16 22:58:04', '2022-02-16 22:58:04'),
(4, 'Society', 1, '2022-02-16 22:58:16', '2022-02-16 22:58:16'),
(5, 'Pay Reco.', 1, '2022-02-16 22:59:04', '2022-02-16 22:59:04'),
(6, 'Misc. Reco.', 1, '2022-02-16 22:59:31', '2022-02-16 22:59:31'),
(7, 'Other Reco.', 1, '2022-02-16 22:59:40', '2022-02-16 22:59:40'),
(9, 'Co-Opeartive', 1, '2022-02-16 22:59:50', '2022-02-16 22:59:50'),
(10, 'Penalty', 1, '2022-02-16 23:00:12', '2022-02-16 23:00:12'),
(11, 'Bank Loan  Adv.', 1, '2022-02-16 23:01:06', '2022-02-16 23:01:06'),
(12, 'Ppf Adv.', 1, '2022-02-16 23:01:14', '2022-02-16 23:01:14'),
(13, 'Total Misc. Ded.', 1, '2022-02-16 23:01:33', '2022-02-16 23:01:33'),
(14, 'GPf Adv.', 1, '2022-02-16 23:01:42', '2022-02-16 23:01:42'),
(16, 'Emerg.Loan', 1, '2022-02-16 23:02:17', '2022-02-16 23:02:17'),
(17, 'GPF(Basic 12%)', 1, '2022-03-07 05:25:29', '2022-04-22 06:19:37'),
(19, 'PPF', 1, '2022-03-07 05:25:56', '2022-03-07 05:25:56'),
(20, 'GIS', 1, '2022-03-07 05:26:16', '2022-03-07 05:26:16'),
(21, 'LIC', 1, '2022-03-07 05:26:28', '2022-03-07 05:26:28'),
(22, 'Vehicle User Charges', 1, '2022-03-07 05:27:14', '2022-03-07 05:27:14'),
(23, 'House rent', 1, '2022-03-07 05:28:13', '2022-04-22 05:09:53'),
(24, 'NPS(Emp. Share )(14%)', 1, '2022-03-22 00:12:17', '2022-03-22 00:12:17'),
(25, 'NPS(Emp. Share )(10%)', 1, '2022-03-22 00:12:39', '2022-03-22 00:12:39'),
(26, 'NPS10%(BASIC+DA10%)', 1, '2022-04-22 05:07:57', '2022-04-22 05:07:57'),
(27, 'Other', 1, '2022-04-22 05:43:24', '2022-04-22 05:43:54'),
(28, 'Govt. Vahicle Rant', 1, '2022-04-22 06:21:27', '2022-04-22 06:21:27');

-- --------------------------------------------------------

--
-- Table structure for table `departments`
--

DROP TABLE IF EXISTS `departments`;
CREATE TABLE IF NOT EXISTS `departments` (
  `id` bigint(20) UNSIGNED NOT NULL AUTO_INCREMENT,
  `branch_id` int(10) UNSIGNED ZEROFILL DEFAULT NULL,
  `name` varchar(255) COLLATE utf8mb4_unicode_ci NOT NULL,
  `created_by` int(11) NOT NULL,
  `created_at` timestamp NULL DEFAULT NULL,
  `updated_at` timestamp NULL DEFAULT NULL,
  PRIMARY KEY (`id`)
) ENGINE=InnoDB AUTO_INCREMENT=59 DEFAULT CHARSET=utf8mb4 COLLATE=utf8mb4_unicode_ci ROW_FORMAT=DYNAMIC;

--
-- Dumping data for table `departments`
--

INSERT INTO `departments` (`id`, `branch_id`, `name`, `created_by`, `created_at`, `updated_at`) VALUES
(44, NULL, 'Clerk', 1, '2022-03-16 05:40:21', '2022-03-16 05:40:21'),
(45, NULL, 'Electrician', 1, '2022-03-16 05:40:43', '2022-03-16 05:40:43'),
(46, NULL, 'Peon', 1, '2022-03-16 05:40:52', '2022-03-16 05:40:52'),
(47, NULL, 'Watchman', 1, '2022-03-16 05:41:01', '2022-03-16 05:41:01'),
(48, NULL, 'Assistance M. C.', 1, '2022-03-16 05:41:37', '2022-03-16 05:41:37'),
(49, NULL, 'Additional Mun. Co.', 1, '2022-03-16 05:42:11', '2022-03-16 05:42:11'),
(50, NULL, 'Tax Inspector', 1, '2022-03-16 05:42:25', '2022-03-16 05:42:25'),
(51, NULL, 'Executive Officer', 1, '2022-03-16 05:42:45', '2022-03-16 05:42:45'),
(53, NULL, 'Accounts Officer', 1, '2022-04-05 18:33:46', '2022-04-05 18:33:46'),
(54, NULL, 'Chief Engineer', 1, '2022-04-21 00:50:59', '2022-04-21 00:50:59'),
(56, NULL, 'Environment Enginner', 1, '2022-04-21 21:29:36', '2022-04-21 21:29:36'),
(57, NULL, 'Gernal Sanitary Off.', 1, '2022-04-21 21:36:35', '2022-04-21 21:36:35'),
(58, NULL, 'senitization and  food inspector', 1, '2022-04-21 21:39:13', '2022-04-22 01:33:59');

-- --------------------------------------------------------

--
-- Table structure for table `deposits`
--

DROP TABLE IF EXISTS `deposits`;
CREATE TABLE IF NOT EXISTS `deposits` (
  `id` bigint(20) UNSIGNED NOT NULL AUTO_INCREMENT,
  `account_id` int(11) NOT NULL,
  `amount` int(11) NOT NULL,
  `date` date NOT NULL,
  `income_category_id` int(11) NOT NULL,
  `payer_id` int(11) NOT NULL,
  `payment_type_id` int(11) NOT NULL,
  `referal_id` varchar(255) COLLATE utf8mb4_unicode_ci DEFAULT NULL,
  `description` text COLLATE utf8mb4_unicode_ci,
  `created_by` int(11) NOT NULL,
  `created_at` timestamp NULL DEFAULT NULL,
  `updated_at` timestamp NULL DEFAULT NULL,
  PRIMARY KEY (`id`)
) ENGINE=InnoDB DEFAULT CHARSET=utf8mb4 COLLATE=utf8mb4_unicode_ci ROW_FORMAT=DYNAMIC;

-- --------------------------------------------------------

--
-- Table structure for table `designations`
--

DROP TABLE IF EXISTS `designations`;
CREATE TABLE IF NOT EXISTS `designations` (
  `id` bigint(20) UNSIGNED NOT NULL AUTO_INCREMENT,
  `department_id` int(10) UNSIGNED ZEROFILL DEFAULT NULL,
  `name` varchar(255) COLLATE utf8mb4_unicode_ci NOT NULL,
  `created_by` int(11) NOT NULL,
  `created_at` timestamp NULL DEFAULT NULL,
  `updated_at` timestamp NULL DEFAULT NULL,
  PRIMARY KEY (`id`)
) ENGINE=InnoDB AUTO_INCREMENT=23 DEFAULT CHARSET=utf8mb4 COLLATE=utf8mb4_unicode_ci ROW_FORMAT=DYNAMIC;

--
-- Dumping data for table `designations`
--

INSERT INTO `designations` (`id`, `department_id`, `name`, `created_by`, `created_at`, `updated_at`) VALUES
(8, 0000000000, 'Non Centralizeds', 1, '2022-02-16 22:33:50', '2022-03-16 04:53:27'),
(22, NULL, 'Centralized', 1, '2022-03-22 04:31:58', '2022-03-22 04:31:58');

-- --------------------------------------------------------

--
-- Table structure for table `documents`
--

DROP TABLE IF EXISTS `documents`;
CREATE TABLE IF NOT EXISTS `documents` (
  `id` bigint(20) UNSIGNED NOT NULL AUTO_INCREMENT,
  `name` varchar(255) COLLATE utf8mb4_unicode_ci NOT NULL,
  `is_required` varchar(255) COLLATE utf8mb4_unicode_ci NOT NULL,
  `created_by` int(11) NOT NULL,
  `created_at` timestamp NULL DEFAULT NULL,
  `updated_at` timestamp NULL DEFAULT NULL,
  PRIMARY KEY (`id`)
) ENGINE=InnoDB AUTO_INCREMENT=3 DEFAULT CHARSET=utf8mb4 COLLATE=utf8mb4_unicode_ci ROW_FORMAT=DYNAMIC;

--
-- Dumping data for table `documents`
--

INSERT INTO `documents` (`id`, `name`, `is_required`, `created_by`, `created_at`, `updated_at`) VALUES
(1, 'PAN Card', '0', 1, '2022-02-16 22:58:43', '2022-04-21 21:22:23'),
(2, 'Adhar Card', '0', 1, '2022-02-16 22:58:55', '2022-04-21 21:22:14');

-- --------------------------------------------------------

--
-- Table structure for table `ducument_uploads`
--

DROP TABLE IF EXISTS `ducument_uploads`;
CREATE TABLE IF NOT EXISTS `ducument_uploads` (
  `id` bigint(20) UNSIGNED NOT NULL AUTO_INCREMENT,
  `name` varchar(255) COLLATE utf8mb4_unicode_ci NOT NULL,
  `role` varchar(255) COLLATE utf8mb4_unicode_ci NOT NULL,
  `document` varchar(255) COLLATE utf8mb4_unicode_ci NOT NULL,
  `description` text COLLATE utf8mb4_unicode_ci,
  `created_by` int(11) NOT NULL DEFAULT '0',
  `created_at` timestamp NULL DEFAULT NULL,
  `updated_at` timestamp NULL DEFAULT NULL,
  PRIMARY KEY (`id`)
) ENGINE=InnoDB DEFAULT CHARSET=utf8mb4 COLLATE=utf8mb4_unicode_ci ROW_FORMAT=DYNAMIC;

-- --------------------------------------------------------

--
-- Table structure for table `employees`
--

DROP TABLE IF EXISTS `employees`;
CREATE TABLE IF NOT EXISTS `employees` (
  `id` bigint(20) UNSIGNED NOT NULL AUTO_INCREMENT,
  `user_id` int(11) NOT NULL,
  `name` varchar(255) COLLATE utf8mb4_unicode_ci NOT NULL,
  `fathers_name` varchar(255) COLLATE utf8mb4_unicode_ci DEFAULT NULL,
  `mothers_name` varchar(255) COLLATE utf8mb4_unicode_ci DEFAULT NULL,
  `dob` date DEFAULT NULL,
  `pancard` varchar(20) COLLATE utf8mb4_unicode_ci DEFAULT NULL,
  `aadhaarcard` varchar(20) COLLATE utf8mb4_unicode_ci DEFAULT NULL,
  `gender` varchar(255) COLLATE utf8mb4_unicode_ci DEFAULT NULL,
  `phone` varchar(255) COLLATE utf8mb4_unicode_ci DEFAULT NULL,
  `address` varchar(255) COLLATE utf8mb4_unicode_ci DEFAULT NULL,
  `email` varchar(255) COLLATE utf8mb4_unicode_ci NOT NULL,
  `password` varchar(255) COLLATE utf8mb4_unicode_ci NOT NULL,
  `employee_code` varchar(200) COLLATE utf8mb4_unicode_ci DEFAULT NULL,
  `image` varchar(255) COLLATE utf8mb4_unicode_ci DEFAULT NULL,
  `grade` int(11) DEFAULT NULL,
  `blood_group` varchar(11) COLLATE utf8mb4_unicode_ci DEFAULT NULL,
  `qualification` varchar(200) COLLATE utf8mb4_unicode_ci DEFAULT NULL,
  `office_address` int(11) DEFAULT NULL,
  `employee_id` varchar(255) COLLATE utf8mb4_unicode_ci DEFAULT NULL,
  `branch_id` int(11) DEFAULT NULL,
  `department_id` int(11) DEFAULT NULL,
  `designation_id` int(11) DEFAULT NULL,
  `company_doj` varchar(255) COLLATE utf8mb4_unicode_ci DEFAULT NULL,
  `documents` varchar(255) COLLATE utf8mb4_unicode_ci DEFAULT NULL,
  `account_holder_name` varchar(255) COLLATE utf8mb4_unicode_ci DEFAULT NULL,
  `account_number` varchar(255) COLLATE utf8mb4_unicode_ci DEFAULT NULL,
  `bank_name` varchar(255) COLLATE utf8mb4_unicode_ci DEFAULT NULL,
  `bank_identifier_code` varchar(255) COLLATE utf8mb4_unicode_ci DEFAULT NULL,
  `branch_location` varchar(255) COLLATE utf8mb4_unicode_ci DEFAULT NULL,
  `tax_payer_id` varchar(255) COLLATE utf8mb4_unicode_ci DEFAULT NULL,
  `salary_type` int(11) DEFAULT NULL,
  `salary` double DEFAULT '0',
  `is_active` int(11) NOT NULL DEFAULT '1',
  `is_death` smallint(6) DEFAULT NULL,
  `death_date` timestamp NULL DEFAULT NULL,
  `is_retirement` smallint(6) DEFAULT NULL,
  `retirement_date` timestamp NULL DEFAULT NULL,
  `created_by` int(11) NOT NULL,
  `created_at` timestamp NULL DEFAULT NULL,
  `updated_at` timestamp NULL DEFAULT NULL,
  PRIMARY KEY (`id`)
) ENGINE=InnoDB AUTO_INCREMENT=54 DEFAULT CHARSET=utf8mb4 COLLATE=utf8mb4_unicode_ci ROW_FORMAT=DYNAMIC;

--
-- Dumping data for table `employees`
--

INSERT INTO `employees` (`id`, `user_id`, `name`, `fathers_name`, `mothers_name`, `dob`, `pancard`, `aadhaarcard`, `gender`, `phone`, `address`, `email`, `password`, `employee_code`, `image`, `grade`, `blood_group`, `qualification`, `office_address`, `employee_id`, `branch_id`, `department_id`, `designation_id`, `company_doj`, `documents`, `account_holder_name`, `account_number`, `bank_name`, `bank_identifier_code`, `branch_location`, `tax_payer_id`, `salary_type`, `salary`, `is_active`, `is_death`, `death_date`, `is_retirement`, `retirement_date`, `created_by`, `created_at`, `updated_at`) VALUES
(20, 22, 'Shri Ashwani Dixit', 'Late Hariom Sharma', 'NA', '1963-02-25', NULL, NULL, 'Male', '7377124006', 'Up,Moradabad', 'mscl_clerk_1@mscl.com', '', '242', '/tmp/phpTHhVC8', 3, 'A-', 'BTECH', 1, '11', 16, 44, 8, '2021-01-01', '1,2', 'Shri Ashwani Dixit', '327000400317553', 'Punjab National Bank', 'PUNB0032700', 'Up,Moradabad', NULL, 4, 31100, 1, NULL, NULL, NULL, NULL, 1, '2022-02-24 22:57:50', '2022-04-13 12:44:47'),
(21, 23, 'Shri Jai Ram', 'NA', 'NA', '1963-02-25', NULL, NULL, 'Male', '7377124006', 'Up,Moradabad', 'mscl_emp_1@mscl.com', '', '257', '/tmp/phpY3yCCO', 4, 'A-', 'C.H.S.E', 1, '12', 16, 46, 8, '2021-01-01', '1,2', 'Shri Jai Ram', '0327000400304416', 'Punjab National Bank', 'PUNB0032700', 'Up,Moradabad', NULL, 4, 28800, 1, NULL, NULL, NULL, NULL, 1, '2022-02-24 23:01:46', '2022-04-15 00:58:58'),
(22, 24, 'Shri Mukesh', 'NA', 'NA', '1963-02-25', NULL, NULL, 'Male', '7377124006', 'Up,Moradabad', 'mscl_emp_2@mscl.com', '', '245', '/tmp/phpoKjxdA', 4, 'A-', 'C.H.S.E', 1, '13', 16, 45, 8, '2021-01-01', '1,2', 'Shri Mukesh', '0327000100202555', 'Punjab National Bank', 'PUNB0032700', 'Up,Moradabad', NULL, 4, 34000, 1, NULL, NULL, NULL, NULL, 1, '2022-02-24 23:05:12', '2022-04-14 01:43:18'),
(23, 25, 'Shri Yash Pal', 'DHARMAPAL', 'NA', '1994-07-25', NULL, NULL, 'Male', '7377124006', 'Up,Moradabad', 'mscl_emp_3@mscl.com', '123456', '259', '/tmp/php8t1jyk', 4, 'A+', 'C.H.S.E', 1, '14', 16, 47, 8, '2021-01-01', '1,2', 'Shri Yash Pal', '0327000400331720', 'Punjab National Bank', 'PUNB0032700', 'Up,Moradabad', NULL, 4, 28800, 1, NULL, NULL, NULL, NULL, 1, '2022-02-24 23:08:16', '2022-04-18 03:38:01'),
(37, 45, 'Shri Rajiv  kumar Rathi', NULL, NULL, '2021-04-22', NULL, NULL, 'Male', NULL, 'Up, Moradabad', '1306@mscl.com', '', '1306', '', 2, 'A+', 'C.H.S.E', 1, '19', 21, 56, 22, '2021-04-22', NULL, 'Shri Rajib  kuamr Rahti', NULL, NULL, NULL, NULL, NULL, 4, 83300, 1, NULL, NULL, NULL, NULL, 1, '2022-04-21 21:46:45', '2022-04-26 01:39:55'),
(38, 46, 'ShriMaheshChandra', NULL, NULL, '2021-04-22', NULL, NULL, 'Male', NULL, 'Up,Moradabad', '1087@mscl.com', '', '1087', '', 2, 'A+', 'BTECH', 1, '20', 21, 57, 22, '2021-04-22', NULL, NULL, NULL, NULL, NULL, NULL, NULL, 4, 70000, 1, NULL, NULL, NULL, NULL, 1, '2022-04-21 21:49:32', '2022-04-25 21:04:31'),
(39, 47, 'Shri sudhanshu kashyap', 'NA', 'NA', '2021-04-22', NULL, NULL, 'Male', '9348225868', 'Up,Moradabad', '21@mscl.com', '', '21', '', 3, 'A+', 'C.H.S.E', 1, '21', 21, 58, 22, '2021-03-01', NULL, 'Shri sudhanshu kashyap', NULL, NULL, NULL, NULL, NULL, 1, 66000, 1, NULL, NULL, NULL, NULL, 1, '2022-04-21 21:52:30', '2022-04-23 01:14:14'),
(40, 48, 'Shri Sunil Kumar', 'NA', 'NA', '2021-04-22', NULL, NULL, 'Male', '9348225868', 'UP,Moradabad', '1027@mscl.com', '', '1027', '', 3, 'A+', 'C.H.S.E', 1, '22', 21, 58, 22, '2021-04-22', NULL, 'Shri Sunil Kumar', NULL, NULL, NULL, NULL, NULL, 4, 52000, 1, NULL, NULL, NULL, NULL, 1, '2022-04-21 23:36:57', '2022-04-23 00:08:39'),
(41, 49, 'Shri Umakanta', 'NA', 'NA', '2021-04-22', NULL, NULL, 'Male', '9348225868', 'Up,Moradabad', '1039@mscl.com', '', '1039', '', 3, 'A+', 'C.H.S.E', 1, '23', 21, 58, 22, '2021-04-22', NULL, 'Shri Umakanta', NULL, NULL, NULL, NULL, NULL, 4, 52000, 1, NULL, NULL, NULL, NULL, 1, '2022-04-21 23:40:13', '2022-04-23 00:09:28'),
(42, 50, 'Shri Manish Kumar', 'NA', 'NA', '2021-04-22', NULL, NULL, 'Male', '9348225868', 'Up,Moradabad', '1040@mscl.com', '', '1040', '', 3, 'A+', 'C.H.S.E', 1, '24', 21, 58, 22, '2021-04-22', NULL, 'Shri Manish Kumar', NULL, NULL, NULL, NULL, NULL, 4, 52000, 1, NULL, NULL, NULL, NULL, 1, '2022-04-21 23:42:13', '2022-04-23 00:09:59'),
(43, 51, 'Shri HimanshuBhardwaj', 'NA', 'NA', '2021-04-22', NULL, NULL, 'Male', '9348225868', 'Up,Moradabad', '1043@mscl.com', '', '1043', '', 3, 'A+', 'C.H.S.E', 1, '25', 21, 58, 22, '2021-04-22', NULL, 'Shri HimanshuBhardwaj', NULL, 'state bank of india', NULL, NULL, NULL, 4, 49000, 1, NULL, NULL, NULL, NULL, 1, '2022-04-21 23:43:55', '2022-04-24 10:43:17'),
(44, 52, 'Shri Bijaypal', 'NA', 'NA', '1963-04-10', NULL, NULL, 'Male', '9348225868', 'Up,Moradabad', '1044@mscl.com', '', '1044', '', 3, 'A+', 'C.H.S.E', 1, '26', 21, 58, 22, '2021-04-22', NULL, 'Shri Bijaypal', NULL, NULL, NULL, NULL, NULL, 4, 49000, 1, NULL, NULL, NULL, NULL, 1, '2022-04-21 23:45:22', '2022-04-26 03:55:55'),
(45, 53, 'Shri Pradip Kumar', 'NA', 'NA', '2021-04-22', NULL, NULL, 'Male', '9348225868', 'Up,Moradabad', '1045@mscl.com', '', '1045', '', 3, 'A+', 'C.H.S.E', 1, '27', 21, 58, 22, '2021-04-22', NULL, 'Shri Pradip Kumar', NULL, NULL, NULL, NULL, NULL, 4, 52000, 1, NULL, NULL, NULL, NULL, 1, '2022-04-21 23:46:54', '2022-04-23 00:22:33'),
(46, 54, 'Shri Hemendra Singh', 'NA', 'NA', '2021-04-22', NULL, NULL, 'Male', '9348225868', 'Up,Moradabad', '1071@mscl.com', '', '1071', '', 3, 'A+', 'C.H.S.E', 1, '28', 21, 58, 22, '2021-04-22', NULL, 'Shri Hemendra Singh', NULL, NULL, NULL, NULL, NULL, 4, 49000, 1, NULL, NULL, NULL, NULL, 1, '2022-04-21 23:48:33', '2022-04-23 00:21:59'),
(51, 60, 'Shri MR.Arun Kumar Mishra', NULL, NULL, '2021-04-23', NULL, NULL, 'Male', NULL, NULL, 'mscl_ao_11705@mscl.com', '', '117005', '', 1, NULL, NULL, 1, '30', 19, 53, 22, '2021-04-23', NULL, NULL, NULL, NULL, NULL, NULL, NULL, 4, 112400, 1, NULL, NULL, NULL, NULL, 1, '2022-04-22 21:34:43', '2022-04-23 01:45:35'),
(52, 61, 'Shri Anil Kumar Singh', NULL, NULL, '2022-04-23', NULL, NULL, 'Male', NULL, NULL, 'mscl_ngm_1098@mscl.com', '', '1098', '', 1, NULL, NULL, 1, '31', 17, 49, 22, '2022-04-23', NULL, NULL, NULL, NULL, NULL, NULL, NULL, 4, 134500, 1, NULL, NULL, NULL, NULL, 1, '2022-04-22 22:05:47', '2022-04-23 01:13:38'),
(53, 62, 'Km. Deepsikha Pandey', NULL, NULL, '2021-04-23', NULL, NULL, 'Male', '9348225868', NULL, 'mscl_Supv_1091@mscl.com', '$2y$10$aLR/a6s6YSqJuNXZ8Hy.FuxJPtSC3E0.u4Ui22mb/33GCKWr1lYES', '1091', '', 2, NULL, NULL, 1, '32', 18, 48, 8, '2021-04-23', NULL, 'Km. Deepsikha Pandey', NULL, NULL, NULL, NULL, NULL, 1, 10000, 1, NULL, NULL, NULL, NULL, 1, '2022-04-23 03:39:58', '2022-04-28 08:49:12');

-- --------------------------------------------------------

--
-- Table structure for table `employee_documents`
--

DROP TABLE IF EXISTS `employee_documents`;
CREATE TABLE IF NOT EXISTS `employee_documents` (
  `id` bigint(20) UNSIGNED NOT NULL AUTO_INCREMENT,
  `employee_id` int(11) NOT NULL,
  `document_id` int(11) NOT NULL,
  `document_value` varchar(255) COLLATE utf8mb4_unicode_ci NOT NULL,
  `created_by` int(11) NOT NULL,
  `created_at` timestamp NULL DEFAULT NULL,
  `updated_at` timestamp NULL DEFAULT NULL,
  PRIMARY KEY (`id`)
) ENGINE=InnoDB AUTO_INCREMENT=41 DEFAULT CHARSET=utf8mb4 COLLATE=utf8mb4_unicode_ci ROW_FORMAT=DYNAMIC;

--
-- Dumping data for table `employee_documents`
--

INSERT INTO `employee_documents` (`id`, `employee_id`, `document_id`, `document_value`, `created_by`, `created_at`, `updated_at`) VALUES
(28, 9, 2, 'Adhar Card_1645781729.jpg', 1, '2022-02-24 22:35:29', '2022-02-24 22:35:29'),
(30, 10, 2, 'Adhar Card_1645782740.jpg', 1, '2022-02-24 22:52:20', '2022-02-24 22:52:20'),
(31, 11, 1, 'pancard_1645783070.jpg', 1, '2022-02-24 22:57:50', '2022-02-24 22:57:50'),
(32, 11, 2, 'Adhar Card_1645783070.jpg', 1, '2022-02-24 22:57:50', '2022-02-24 22:57:50'),
(33, 12, 1, 'pancard_1645783306.jpg', 1, '2022-02-24 23:01:46', '2022-02-24 23:01:46'),
(34, 12, 2, 'Adhar Card_1645783307.jpg', 1, '2022-02-24 23:01:47', '2022-02-24 23:01:47'),
(35, 13, 1, 'pancard_1645783512.jpg', 1, '2022-02-24 23:05:12', '2022-02-24 23:05:12'),
(36, 13, 2, 'Adhar Card_1645783513.jpg', 1, '2022-02-24 23:05:13', '2022-02-24 23:05:13'),
(37, 14, 1, 'pancard_1645783696.jpg', 1, '2022-02-24 23:08:16', '2022-02-24 23:08:16'),
(38, 14, 2, 'Adhar Card_1645783696.jpg', 1, '2022-02-24 23:08:16', '2022-02-24 23:08:16'),
(40, 15, 2, 'Adhar Card_1645787028.jpg', 1, '2022-02-25 00:03:48', '2022-02-25 00:03:48');

-- --------------------------------------------------------

--
-- Table structure for table `employee_documents_details`
--

DROP TABLE IF EXISTS `employee_documents_details`;
CREATE TABLE IF NOT EXISTS `employee_documents_details` (
  `id` bigint(20) NOT NULL AUTO_INCREMENT,
  `employee_id` int(11) DEFAULT NULL,
  `type` int(11) DEFAULT NULL,
  `type_id` tinyint(1) DEFAULT '0',
  `name` varchar(200) DEFAULT NULL,
  `file_name` varchar(200) DEFAULT NULL,
  `date_for` timestamp NULL DEFAULT NULL,
  `comments` text,
  `status` tinyint(4) DEFAULT NULL,
  `created_by` int(11) DEFAULT NULL,
  `created_at` timestamp NULL DEFAULT NULL,
  `updated_at` timestamp NULL DEFAULT NULL,
  PRIMARY KEY (`id`)
) ENGINE=MyISAM AUTO_INCREMENT=15 DEFAULT CHARSET=latin1;

--
-- Dumping data for table `employee_documents_details`
--

INSERT INTO `employee_documents_details` (`id`, `employee_id`, `type`, `type_id`, `name`, `file_name`, `date_for`, `comments`, `status`, `created_by`, `created_at`, `updated_at`) VALUES
(1, 21, 8, 0, NULL, '', NULL, NULL, 1, 1, '2022-04-13 23:49:42', NULL),
(3, 21, 7, 0, 'Clearance doc', 'moradabar-corporation_1649919003.jpeg', '2022-04-13 18:30:00', 'doc uploaded', 1, 44, '2022-04-14 01:20:03', NULL),
(4, 22, 2, 0, 'initial doc', 'moradabar-corporation_1649920568.jpeg', '2022-04-13 18:30:00', 'doc uploaded', 1, 1, '2022-04-14 01:46:08', NULL),
(5, 22, 4, 0, 'Due doc', 'moradabar-corporation_1649921150.jpeg', '2022-04-13 18:30:00', 'attached doc', 1, 20, '2022-04-14 01:55:50', NULL),
(8, 23, 5, 0, 'supported doc', 'moradabar-corporation_1649921794.jpeg', '2022-04-13 18:30:00', NULL, 1, 20, '2022-04-14 02:06:34', NULL),
(9, 21, 2, 6, 'file 1', 'ERP_SRS_HRMS_10_11_21_1650004218.docx', '2022-04-13 18:30:00', 'done', 1, 1, '2022-04-15 01:00:18', NULL),
(10, 21, 2, 7, 'file 1', 'ERP_SRS_HRMS_10_11_21_1650004223.docx', '2022-04-13 18:30:00', 'done', 1, 1, '2022-04-15 01:00:23', NULL),
(13, 21, 1, 15, 'file 1', 'Aadhar_1650347330.pdf', '2022-04-19 18:30:00', 'ASx', 1, 36, '2022-04-19 00:18:50', NULL),
(12, 21, 1, 15, 'file 1', 'Aadhar_1650347254.pdf', '2022-04-21 18:30:00', 'Xaxasxsa', 1, 20, '2022-04-19 00:17:34', NULL),
(14, 21, 5, 0, NULL, '', NULL, NULL, 1, 20, '2022-04-19 01:30:43', NULL);

-- --------------------------------------------------------

--
-- Table structure for table `employee_manage_track_status`
--

DROP TABLE IF EXISTS `employee_manage_track_status`;
CREATE TABLE IF NOT EXISTS `employee_manage_track_status` (
  `id` int(11) NOT NULL AUTO_INCREMENT,
  `type_id` int(11) DEFAULT NULL,
  `user_id` int(11) DEFAULT NULL,
  `employee_id` int(11) DEFAULT NULL,
  `type` int(11) DEFAULT NULL,
  `status` smallint(6) DEFAULT NULL,
  `comments` text,
  `created_by` int(11) DEFAULT NULL,
  `created_at` timestamp NULL DEFAULT NULL,
  `updated_at` timestamp NULL DEFAULT NULL,
  PRIMARY KEY (`id`)
) ENGINE=InnoDB AUTO_INCREMENT=29 DEFAULT CHARSET=latin1;

--
-- Dumping data for table `employee_manage_track_status`
--

INSERT INTO `employee_manage_track_status` (`id`, `type_id`, `user_id`, `employee_id`, `type`, `status`, `comments`, `created_by`, `created_at`, `updated_at`) VALUES
(1, 1, NULL, 23, 7, 0, 'intialize done', 20, '2022-04-13 23:52:55', NULL),
(2, 2, NULL, 23, 7, 0, 'asdadasd', 20, '2022-04-13 23:53:30', NULL),
(3, 3, NULL, 21, 7, 0, 'i want to resign', 23, '2022-04-14 01:14:39', NULL),
(4, 3, NULL, 21, 7, 1, 'ok to proceed', 36, '2022-04-14 01:18:44', NULL),
(5, 3, NULL, 21, 7, 2, 'all cleared', 44, '2022-04-14 01:20:02', NULL),
(6, 3, NULL, 21, 7, 3, 'Generate order request', 20, '2022-04-14 01:21:04', NULL),
(7, 3, NULL, 21, 7, 5, 'Approved with all verification.', 36, '2022-04-14 01:23:41', NULL),
(8, 1, NULL, 22, 4, 0, 'Finance case lodged', 20, '2022-04-14 01:55:50', NULL),
(9, 2, NULL, 23, 5, 0, 'sadsadas', 20, '2022-04-14 02:04:42', NULL),
(10, 3, NULL, 23, 5, 0, 'promotion', 20, '2022-04-14 02:05:50', NULL),
(11, 4, NULL, 23, 5, 0, 'promotion initiated', 20, '2022-04-14 02:06:34', NULL),
(12, 6, NULL, 21, 2, 0, 'retirement   initiated', 20, '2022-04-15 01:00:18', NULL),
(13, 7, NULL, 21, 2, 0, 'retirement   initiated', 20, '2022-04-15 01:00:23', NULL),
(14, 7, NULL, 21, 2, 0, 'primary approve  done', 36, '2022-04-15 01:05:53', NULL),
(15, 14, NULL, 28, 1, 1, 'primary approve done', 36, '2022-04-16 06:29:46', NULL),
(16, 14, NULL, 28, 1, 2, 'document clearance done', 44, '2022-04-18 23:18:22', NULL),
(17, 14, NULL, 28, 1, 3, 'document clearance done', 20, '2022-04-18 23:20:04', NULL),
(18, 15, NULL, 21, 1, 0, 'ssasasdas', 20, '2022-04-19 00:17:34', NULL),
(19, 15, NULL, 21, 1, 1, 'ssasasdas', 36, '2022-04-19 00:18:50', NULL),
(20, 15, NULL, 21, 1, 2, 'document done', 44, '2022-04-19 00:19:53', NULL),
(21, 15, NULL, 21, 1, 3, 'document done', 20, '2022-04-19 00:20:21', NULL),
(22, 15, NULL, 21, 1, 5, 'document done', 36, '2022-04-19 00:21:02', NULL),
(23, 2, NULL, 23, 7, 1, 'asdadasd', 36, '2022-04-19 01:04:37', NULL),
(24, 5, NULL, 21, 5, 0, 'watch man to senior atchman', 20, '2022-04-19 01:30:43', NULL),
(25, 4, NULL, 44, 7, 0, 'intialize done', 58, '2022-04-25 01:34:46', NULL),
(26, 4, NULL, 44, 7, 1, 'primary approve done', 61, '2022-04-25 01:36:45', NULL),
(27, 16, NULL, 44, 1, 0, 'Tranfer to Bareli Nagar Nigam', 45, '2022-04-26 02:19:01', NULL),
(28, 8, NULL, 44, 2, 0, 'ok testing', 45, '2022-04-26 04:02:56', NULL);

-- --------------------------------------------------------

--
-- Table structure for table `events`
--

DROP TABLE IF EXISTS `events`;
CREATE TABLE IF NOT EXISTS `events` (
  `id` bigint(20) UNSIGNED NOT NULL AUTO_INCREMENT,
  `branch_id` int(11) NOT NULL,
  `department_id` longtext COLLATE utf8mb4_unicode_ci NOT NULL,
  `employee_id` longtext COLLATE utf8mb4_unicode_ci NOT NULL,
  `title` varchar(255) COLLATE utf8mb4_unicode_ci NOT NULL,
  `start_date` date NOT NULL,
  `end_date` date NOT NULL,
  `color` varchar(255) COLLATE utf8mb4_unicode_ci NOT NULL,
  `description` text COLLATE utf8mb4_unicode_ci,
  `created_by` int(11) NOT NULL,
  `created_at` timestamp NULL DEFAULT NULL,
  `updated_at` timestamp NULL DEFAULT NULL,
  PRIMARY KEY (`id`)
) ENGINE=InnoDB AUTO_INCREMENT=9 DEFAULT CHARSET=utf8mb4 COLLATE=utf8mb4_unicode_ci ROW_FORMAT=DYNAMIC;

--
-- Dumping data for table `events`
--

INSERT INTO `events` (`id`, `branch_id`, `department_id`, `employee_id`, `title`, `start_date`, `end_date`, `color`, `description`, `created_by`, `created_at`, `updated_at`) VALUES
(1, 0, '[\"0\"]', '[\"1\",\"2\"]', 'sss', '2022-02-09', '2022-02-10', '#00B8D9', 'test', 1, '2022-02-09 05:01:36', '2022-02-09 05:01:36'),
(3, 0, '[\"0\"]', '[\"0\"]', 'marraige', '2022-02-10', '2022-02-11', '#FFAB00', 'invite to all employe', 1, '2022-02-17 20:06:53', '2022-02-17 20:07:16'),
(5, 0, '[\"0\"]', '[\"0\"]', 'demo', '2022-03-03', '2022-03-03', '#FF5630', 'text', 1, '2022-03-03 02:55:25', '2022-03-03 02:55:25'),
(6, 0, '[\"0\"]', '[\"0\",\"18\",\"20\",\"21\",\"22\",\"23\"]', 'ASDFGN', '2022-04-05', '2022-04-05', '#00B8D9', 'asdvb', 1, '2022-04-05 01:49:38', '2022-04-05 01:49:38'),
(7, 16, '[\"0\"]', '[\"21\",\"23\"]', 'aaaaaaaaaaa', '2022-04-06', '2022-04-06', '#00B8D9', 'aaaaaaaaaaaaaa', 1, '2022-04-05 01:54:13', '2022-04-05 01:54:13'),
(8, 16, '[\"0\"]', '[\"21\",\"23\",\"40\"]', 'Test', '2023-04-07', '2023-04-08', '#00B8D9', 'Test', 1, '2023-04-07 02:13:49', '2023-04-07 02:13:49');

-- --------------------------------------------------------

--
-- Table structure for table `event_employees`
--

DROP TABLE IF EXISTS `event_employees`;
CREATE TABLE IF NOT EXISTS `event_employees` (
  `id` bigint(20) UNSIGNED NOT NULL AUTO_INCREMENT,
  `event_id` int(11) NOT NULL,
  `employee_id` int(11) NOT NULL,
  `created_by` int(11) NOT NULL,
  `created_at` timestamp NULL DEFAULT NULL,
  `updated_at` timestamp NULL DEFAULT NULL,
  PRIMARY KEY (`id`)
) ENGINE=InnoDB AUTO_INCREMENT=10 DEFAULT CHARSET=utf8mb4 COLLATE=utf8mb4_unicode_ci ROW_FORMAT=DYNAMIC;

--
-- Dumping data for table `event_employees`
--

INSERT INTO `event_employees` (`id`, `event_id`, `employee_id`, `created_by`, `created_at`, `updated_at`) VALUES
(1, 1, 1, 1, '2022-02-09 05:01:36', '2022-02-09 05:01:36'),
(2, 1, 2, 1, '2022-02-09 05:01:36', '2022-02-09 05:01:36'),
(3, 2, 8, 1, '2022-02-17 19:53:52', '2022-02-17 19:53:52'),
(4, 4, 8, 1, '2022-02-17 20:29:52', '2022-02-17 20:29:52'),
(5, 7, 21, 1, '2022-04-05 01:54:13', '2022-04-05 01:54:13'),
(6, 7, 23, 1, '2022-04-05 01:54:13', '2022-04-05 01:54:13'),
(7, 8, 21, 1, '2023-04-07 02:13:49', '2023-04-07 02:13:49'),
(8, 8, 23, 1, '2023-04-07 02:13:49', '2023-04-07 02:13:49'),
(9, 8, 40, 1, '2023-04-07 02:13:49', '2023-04-07 02:13:49');

-- --------------------------------------------------------

--
-- Table structure for table `expenses`
--

DROP TABLE IF EXISTS `expenses`;
CREATE TABLE IF NOT EXISTS `expenses` (
  `id` bigint(20) UNSIGNED NOT NULL AUTO_INCREMENT,
  `account_id` int(11) NOT NULL,
  `amount` int(11) NOT NULL,
  `date` date NOT NULL,
  `expense_category_id` int(11) NOT NULL,
  `payee_id` int(11) NOT NULL,
  `payment_type_id` int(11) NOT NULL,
  `referal_id` varchar(255) COLLATE utf8mb4_unicode_ci DEFAULT NULL,
  `description` text COLLATE utf8mb4_unicode_ci,
  `created_by` int(11) NOT NULL,
  `created_at` timestamp NULL DEFAULT NULL,
  `updated_at` timestamp NULL DEFAULT NULL,
  PRIMARY KEY (`id`)
) ENGINE=InnoDB DEFAULT CHARSET=utf8mb4 COLLATE=utf8mb4_unicode_ci ROW_FORMAT=DYNAMIC;

-- --------------------------------------------------------

--
-- Table structure for table `expense_types`
--

DROP TABLE IF EXISTS `expense_types`;
CREATE TABLE IF NOT EXISTS `expense_types` (
  `id` bigint(20) UNSIGNED NOT NULL AUTO_INCREMENT,
  `name` varchar(255) COLLATE utf8mb4_unicode_ci NOT NULL,
  `created_by` int(11) NOT NULL,
  `created_at` timestamp NULL DEFAULT NULL,
  `updated_at` timestamp NULL DEFAULT NULL,
  PRIMARY KEY (`id`)
) ENGINE=InnoDB DEFAULT CHARSET=utf8mb4 COLLATE=utf8mb4_unicode_ci ROW_FORMAT=DYNAMIC;

-- --------------------------------------------------------

--
-- Table structure for table `failed_jobs`
--

DROP TABLE IF EXISTS `failed_jobs`;
CREATE TABLE IF NOT EXISTS `failed_jobs` (
  `id` bigint(20) UNSIGNED NOT NULL AUTO_INCREMENT,
  `connection` text COLLATE utf8mb4_unicode_ci NOT NULL,
  `queue` text COLLATE utf8mb4_unicode_ci NOT NULL,
  `payload` longtext COLLATE utf8mb4_unicode_ci NOT NULL,
  `exception` longtext COLLATE utf8mb4_unicode_ci NOT NULL,
  `failed_at` timestamp NOT NULL DEFAULT CURRENT_TIMESTAMP,
  PRIMARY KEY (`id`)
) ENGINE=InnoDB DEFAULT CHARSET=utf8mb4 COLLATE=utf8mb4_unicode_ci ROW_FORMAT=DYNAMIC;

-- --------------------------------------------------------

--
-- Table structure for table `genrate_payslip_options`
--

DROP TABLE IF EXISTS `genrate_payslip_options`;
CREATE TABLE IF NOT EXISTS `genrate_payslip_options` (
  `id` bigint(20) UNSIGNED NOT NULL AUTO_INCREMENT,
  `created_at` timestamp NULL DEFAULT NULL,
  `updated_at` timestamp NULL DEFAULT NULL,
  PRIMARY KEY (`id`)
) ENGINE=InnoDB DEFAULT CHARSET=utf8mb4 COLLATE=utf8mb4_unicode_ci ROW_FORMAT=DYNAMIC;

-- --------------------------------------------------------

--
-- Table structure for table `goal_trackings`
--

DROP TABLE IF EXISTS `goal_trackings`;
CREATE TABLE IF NOT EXISTS `goal_trackings` (
  `id` bigint(20) UNSIGNED NOT NULL AUTO_INCREMENT,
  `branch` int(11) NOT NULL,
  `goal_type` int(11) NOT NULL,
  `start_date` date NOT NULL,
  `end_date` date NOT NULL,
  `subject` varchar(255) COLLATE utf8mb4_unicode_ci DEFAULT NULL,
  `rating` varchar(255) COLLATE utf8mb4_unicode_ci DEFAULT NULL,
  `target_achievement` varchar(255) COLLATE utf8mb4_unicode_ci DEFAULT NULL,
  `description` text COLLATE utf8mb4_unicode_ci,
  `status` int(11) NOT NULL DEFAULT '0',
  `progress` int(11) NOT NULL DEFAULT '0',
  `created_by` int(11) NOT NULL DEFAULT '0',
  `created_at` timestamp NULL DEFAULT NULL,
  `updated_at` timestamp NULL DEFAULT NULL,
  PRIMARY KEY (`id`)
) ENGINE=InnoDB DEFAULT CHARSET=utf8mb4 COLLATE=utf8mb4_unicode_ci ROW_FORMAT=DYNAMIC;

-- --------------------------------------------------------

--
-- Table structure for table `goal_types`
--

DROP TABLE IF EXISTS `goal_types`;
CREATE TABLE IF NOT EXISTS `goal_types` (
  `id` bigint(20) UNSIGNED NOT NULL AUTO_INCREMENT,
  `name` varchar(255) COLLATE utf8mb4_unicode_ci NOT NULL,
  `created_by` int(11) NOT NULL DEFAULT '0',
  `created_at` timestamp NULL DEFAULT NULL,
  `updated_at` timestamp NULL DEFAULT NULL,
  PRIMARY KEY (`id`)
) ENGINE=InnoDB DEFAULT CHARSET=utf8mb4 COLLATE=utf8mb4_unicode_ci ROW_FORMAT=DYNAMIC;

-- --------------------------------------------------------

--
-- Table structure for table `holidays`
--

DROP TABLE IF EXISTS `holidays`;
CREATE TABLE IF NOT EXISTS `holidays` (
  `id` bigint(20) UNSIGNED NOT NULL AUTO_INCREMENT,
  `date` date NOT NULL,
  `occasion` text COLLATE utf8mb4_unicode_ci NOT NULL,
  `created_by` int(11) NOT NULL,
  `created_at` timestamp NULL DEFAULT NULL,
  `updated_at` timestamp NULL DEFAULT NULL,
  PRIMARY KEY (`id`)
) ENGINE=InnoDB AUTO_INCREMENT=15 DEFAULT CHARSET=utf8mb4 COLLATE=utf8mb4_unicode_ci ROW_FORMAT=DYNAMIC;

--
-- Dumping data for table `holidays`
--

INSERT INTO `holidays` (`id`, `date`, `occasion`, `created_by`, `created_at`, `updated_at`) VALUES
(1, '2022-01-26', 'Republic day', 1, '2022-02-07 05:13:08', '2022-02-18 07:06:22'),
(4, '2022-03-19', 'Holi', 1, '2022-02-18 07:08:23', '2022-02-18 07:08:23'),
(5, '2022-04-14', 'Ambedkar Jayanti/  Mahavir Janma Kalyanak', 1, '2022-02-18 07:09:42', '2022-02-18 07:11:36'),
(6, '2022-04-15', 'Good Friday', 1, '2022-02-18 07:12:48', '2022-02-18 07:12:48'),
(7, '2022-05-03', 'Eid al-Fitr', 1, '2022-02-18 07:14:23', '2022-02-18 07:14:23'),
(8, '2022-08-15', 'Independence Day', 1, '2022-02-18 07:16:02', '2022-02-18 07:16:02'),
(9, '2022-10-04', 'Maha Navami', 1, '2022-02-18 07:17:16', '2022-02-18 07:17:16'),
(10, '2022-10-05', 'Dussehra', 1, '2022-02-18 07:17:47', '2022-02-18 07:17:47'),
(11, '2022-10-24', 'Diwali', 1, '2022-02-18 07:18:53', '2022-02-18 07:18:53'),
(12, '2022-10-31', 'National Unity Day', 1, '2022-02-18 07:19:36', '2022-02-18 07:19:36'),
(13, '2022-11-08', 'Guru Nanak Gurpurab', 1, '2022-02-18 07:20:31', '2022-02-18 07:20:31'),
(14, '2022-12-06', 'Dr. B R. Ambedkar\'s Nirwan Diwas', 1, '2022-02-18 07:21:07', '2022-02-18 07:21:07');

-- --------------------------------------------------------

--
-- Table structure for table `income_types`
--

DROP TABLE IF EXISTS `income_types`;
CREATE TABLE IF NOT EXISTS `income_types` (
  `id` bigint(20) UNSIGNED NOT NULL AUTO_INCREMENT,
  `name` varchar(255) COLLATE utf8mb4_unicode_ci NOT NULL,
  `created_by` int(11) NOT NULL,
  `created_at` timestamp NULL DEFAULT NULL,
  `updated_at` timestamp NULL DEFAULT NULL,
  PRIMARY KEY (`id`)
) ENGINE=InnoDB DEFAULT CHARSET=utf8mb4 COLLATE=utf8mb4_unicode_ci ROW_FORMAT=DYNAMIC;

-- --------------------------------------------------------

--
-- Table structure for table `indicators`
--

DROP TABLE IF EXISTS `indicators`;
CREATE TABLE IF NOT EXISTS `indicators` (
  `id` bigint(20) UNSIGNED NOT NULL AUTO_INCREMENT,
  `branch` int(11) NOT NULL DEFAULT '0',
  `department` int(11) NOT NULL DEFAULT '0',
  `designation` int(11) NOT NULL DEFAULT '0',
  `rating` varchar(255) COLLATE utf8mb4_unicode_ci DEFAULT NULL,
  `customer_experience` int(11) NOT NULL DEFAULT '0',
  `marketing` int(11) NOT NULL DEFAULT '0',
  `administration` int(11) NOT NULL DEFAULT '0',
  `professionalism` int(11) NOT NULL DEFAULT '0',
  `integrity` int(11) NOT NULL DEFAULT '0',
  `attendance` int(11) NOT NULL DEFAULT '0',
  `created_user` int(11) NOT NULL DEFAULT '0',
  `created_by` int(11) NOT NULL DEFAULT '0',
  `created_at` timestamp NULL DEFAULT NULL,
  `updated_at` timestamp NULL DEFAULT NULL,
  PRIMARY KEY (`id`)
) ENGINE=InnoDB DEFAULT CHARSET=utf8mb4 COLLATE=utf8mb4_unicode_ci ROW_FORMAT=DYNAMIC;

-- --------------------------------------------------------

--
-- Table structure for table `interview_schedules`
--

DROP TABLE IF EXISTS `interview_schedules`;
CREATE TABLE IF NOT EXISTS `interview_schedules` (
  `id` bigint(20) UNSIGNED NOT NULL AUTO_INCREMENT,
  `candidate` int(11) NOT NULL,
  `employee` int(11) NOT NULL DEFAULT '0',
  `date` date NOT NULL,
  `time` time NOT NULL,
  `comment` text COLLATE utf8mb4_unicode_ci,
  `employee_response` varchar(255) COLLATE utf8mb4_unicode_ci DEFAULT NULL,
  `created_by` int(11) NOT NULL,
  `created_at` timestamp NULL DEFAULT NULL,
  `updated_at` timestamp NULL DEFAULT NULL,
  PRIMARY KEY (`id`)
) ENGINE=InnoDB DEFAULT CHARSET=utf8mb4 COLLATE=utf8mb4_unicode_ci ROW_FORMAT=DYNAMIC;

-- --------------------------------------------------------

--
-- Table structure for table `ip_restricts`
--

DROP TABLE IF EXISTS `ip_restricts`;
CREATE TABLE IF NOT EXISTS `ip_restricts` (
  `id` bigint(20) UNSIGNED NOT NULL AUTO_INCREMENT,
  `ip` varchar(255) COLLATE utf8mb4_unicode_ci NOT NULL,
  `created_by` int(11) NOT NULL,
  `created_at` timestamp NULL DEFAULT NULL,
  `updated_at` timestamp NULL DEFAULT NULL,
  PRIMARY KEY (`id`)
) ENGINE=InnoDB DEFAULT CHARSET=utf8mb4 COLLATE=utf8mb4_unicode_ci ROW_FORMAT=DYNAMIC;

-- --------------------------------------------------------

--
-- Table structure for table `jobs`
--

DROP TABLE IF EXISTS `jobs`;
CREATE TABLE IF NOT EXISTS `jobs` (
  `id` bigint(20) UNSIGNED NOT NULL AUTO_INCREMENT,
  `title` varchar(255) COLLATE utf8mb4_unicode_ci NOT NULL,
  `description` text COLLATE utf8mb4_unicode_ci,
  `requirement` text COLLATE utf8mb4_unicode_ci,
  `branch` int(11) NOT NULL DEFAULT '0',
  `category` int(11) NOT NULL DEFAULT '0',
  `skill` text COLLATE utf8mb4_unicode_ci,
  `position` int(11) DEFAULT NULL,
  `start_date` date DEFAULT NULL,
  `end_date` date DEFAULT NULL,
  `status` varchar(255) COLLATE utf8mb4_unicode_ci DEFAULT NULL,
  `applicant` varchar(255) COLLATE utf8mb4_unicode_ci DEFAULT NULL,
  `visibility` varchar(255) COLLATE utf8mb4_unicode_ci DEFAULT NULL,
  `code` varchar(255) COLLATE utf8mb4_unicode_ci DEFAULT NULL,
  `custom_question` varchar(255) COLLATE utf8mb4_unicode_ci DEFAULT NULL,
  `created_by` int(11) NOT NULL,
  `created_at` timestamp NULL DEFAULT NULL,
  `updated_at` timestamp NULL DEFAULT NULL,
  PRIMARY KEY (`id`)
) ENGINE=InnoDB DEFAULT CHARSET=utf8mb4 COLLATE=utf8mb4_unicode_ci ROW_FORMAT=DYNAMIC;

-- --------------------------------------------------------

--
-- Table structure for table `job_applications`
--

DROP TABLE IF EXISTS `job_applications`;
CREATE TABLE IF NOT EXISTS `job_applications` (
  `id` bigint(20) UNSIGNED NOT NULL AUTO_INCREMENT,
  `job` int(11) NOT NULL,
  `name` varchar(255) COLLATE utf8mb4_unicode_ci DEFAULT NULL,
  `email` varchar(255) COLLATE utf8mb4_unicode_ci DEFAULT NULL,
  `phone` varchar(255) COLLATE utf8mb4_unicode_ci DEFAULT NULL,
  `profile` varchar(255) COLLATE utf8mb4_unicode_ci DEFAULT NULL,
  `resume` varchar(255) COLLATE utf8mb4_unicode_ci DEFAULT NULL,
  `cover_letter` text COLLATE utf8mb4_unicode_ci,
  `dob` date DEFAULT NULL,
  `gender` varchar(255) COLLATE utf8mb4_unicode_ci DEFAULT NULL,
  `country` varchar(255) COLLATE utf8mb4_unicode_ci DEFAULT NULL,
  `state` varchar(255) COLLATE utf8mb4_unicode_ci DEFAULT NULL,
  `city` varchar(255) COLLATE utf8mb4_unicode_ci DEFAULT NULL,
  `stage` int(11) NOT NULL DEFAULT '1',
  `order` int(11) NOT NULL DEFAULT '0',
  `skill` text COLLATE utf8mb4_unicode_ci,
  `rating` int(11) NOT NULL DEFAULT '0',
  `is_archive` int(11) NOT NULL DEFAULT '0',
  `custom_question` text COLLATE utf8mb4_unicode_ci,
  `created_by` int(11) NOT NULL,
  `created_at` timestamp NULL DEFAULT NULL,
  `updated_at` timestamp NULL DEFAULT NULL,
  PRIMARY KEY (`id`)
) ENGINE=InnoDB DEFAULT CHARSET=utf8mb4 COLLATE=utf8mb4_unicode_ci ROW_FORMAT=DYNAMIC;

-- --------------------------------------------------------

--
-- Table structure for table `job_application_notes`
--

DROP TABLE IF EXISTS `job_application_notes`;
CREATE TABLE IF NOT EXISTS `job_application_notes` (
  `id` bigint(20) UNSIGNED NOT NULL AUTO_INCREMENT,
  `application_id` int(11) NOT NULL DEFAULT '0',
  `note_created` int(11) NOT NULL DEFAULT '0',
  `note` text COLLATE utf8mb4_unicode_ci,
  `created_by` int(11) NOT NULL DEFAULT '0',
  `created_at` timestamp NULL DEFAULT NULL,
  `updated_at` timestamp NULL DEFAULT NULL,
  PRIMARY KEY (`id`)
) ENGINE=InnoDB DEFAULT CHARSET=utf8mb4 COLLATE=utf8mb4_unicode_ci ROW_FORMAT=DYNAMIC;

-- --------------------------------------------------------

--
-- Table structure for table `job_categories`
--

DROP TABLE IF EXISTS `job_categories`;
CREATE TABLE IF NOT EXISTS `job_categories` (
  `id` bigint(20) UNSIGNED NOT NULL AUTO_INCREMENT,
  `title` varchar(255) COLLATE utf8mb4_unicode_ci NOT NULL,
  `created_by` int(11) NOT NULL,
  `created_at` timestamp NULL DEFAULT NULL,
  `updated_at` timestamp NULL DEFAULT NULL,
  PRIMARY KEY (`id`)
) ENGINE=InnoDB DEFAULT CHARSET=utf8mb4 COLLATE=utf8mb4_unicode_ci ROW_FORMAT=DYNAMIC;

-- --------------------------------------------------------

--
-- Table structure for table `job_on_boards`
--

DROP TABLE IF EXISTS `job_on_boards`;
CREATE TABLE IF NOT EXISTS `job_on_boards` (
  `id` bigint(20) UNSIGNED NOT NULL AUTO_INCREMENT,
  `application` int(11) NOT NULL,
  `joining_date` date DEFAULT NULL,
  `status` varchar(255) COLLATE utf8mb4_unicode_ci DEFAULT NULL,
  `convert_to_employee` int(11) NOT NULL DEFAULT '0',
  `created_by` int(11) NOT NULL,
  `created_at` timestamp NULL DEFAULT NULL,
  `updated_at` timestamp NULL DEFAULT NULL,
  PRIMARY KEY (`id`)
) ENGINE=InnoDB DEFAULT CHARSET=utf8mb4 COLLATE=utf8mb4_unicode_ci ROW_FORMAT=DYNAMIC;

-- --------------------------------------------------------

--
-- Table structure for table `job_stages`
--

DROP TABLE IF EXISTS `job_stages`;
CREATE TABLE IF NOT EXISTS `job_stages` (
  `id` bigint(20) UNSIGNED NOT NULL AUTO_INCREMENT,
  `title` varchar(255) COLLATE utf8mb4_unicode_ci NOT NULL,
  `order` int(11) NOT NULL DEFAULT '0',
  `created_by` int(11) NOT NULL,
  `created_at` timestamp NULL DEFAULT NULL,
  `updated_at` timestamp NULL DEFAULT NULL,
  PRIMARY KEY (`id`)
) ENGINE=InnoDB AUTO_INCREMENT=6 DEFAULT CHARSET=utf8mb4 COLLATE=utf8mb4_unicode_ci ROW_FORMAT=DYNAMIC;

--
-- Dumping data for table `job_stages`
--

INSERT INTO `job_stages` (`id`, `title`, `order`, `created_by`, `created_at`, `updated_at`) VALUES
(1, 'Applied', 0, 1, '2022-01-28 16:57:04', '2022-01-28 16:57:04'),
(2, 'Phone Screen', 0, 1, '2022-01-28 16:57:04', '2022-01-28 16:57:04'),
(3, 'Interview', 0, 1, '2022-01-28 16:57:04', '2022-01-28 16:57:04'),
(4, 'Hired', 0, 1, '2022-01-28 16:57:04', '2022-01-28 16:57:04'),
(5, 'Rejected', 0, 1, '2022-01-28 16:57:04', '2022-01-28 16:57:04');

-- --------------------------------------------------------

--
-- Table structure for table `landing_page_sections`
--

DROP TABLE IF EXISTS `landing_page_sections`;
CREATE TABLE IF NOT EXISTS `landing_page_sections` (
  `id` bigint(20) UNSIGNED NOT NULL AUTO_INCREMENT,
  `section_name` varchar(255) COLLATE utf8mb4_unicode_ci NOT NULL,
  `section_order` int(11) NOT NULL DEFAULT '0',
  `content` text COLLATE utf8mb4_unicode_ci,
  `section_type` enum('section-1','section-2','section-3','section-4','section-5','section-6','section-7','section-8','section-9','section-10','section-plan') COLLATE utf8mb4_unicode_ci NOT NULL,
  `default_content` text COLLATE utf8mb4_unicode_ci NOT NULL,
  `section_demo_image` text COLLATE utf8mb4_unicode_ci NOT NULL,
  `section_blade_file_name` text COLLATE utf8mb4_unicode_ci NOT NULL,
  `created_at` timestamp NULL DEFAULT NULL,
  `updated_at` timestamp NULL DEFAULT NULL,
  PRIMARY KEY (`id`)
) ENGINE=InnoDB AUTO_INCREMENT=11 DEFAULT CHARSET=utf8mb4 COLLATE=utf8mb4_unicode_ci ROW_FORMAT=DYNAMIC;

--
-- Dumping data for table `landing_page_sections`
--

INSERT INTO `landing_page_sections` (`id`, `section_name`, `section_order`, `content`, `section_type`, `default_content`, `section_demo_image`, `section_blade_file_name`, `created_at`, `updated_at`) VALUES
(1, 'section-1', 1, '{\"logo\":\"landing_logo.png\",\"image\":\"top-banner.png\",\"button\":{\"text\":\"Login\"},\"menu\":[{\"menu\":\"Features\",\"href\":\"#\"},{\"menu\":\"Pricing\",\"href\":\"#\"}],\"text\":{\"text-1\":\"HRMGo\",\"text-2\":\"HRM and Payroll Tool\",\"text-3\":\"Lorem Ipsum is simply dummy text of the printing and typesetting industry. Lorem Ipsum has been the industrys standard dummy text ever since the 1500s, when an unknown printer took a galley of type and scrambled it to make a type specimen book.\",\"text-4\":\"get started - its free\",\"text-5\":\"no creadit card reqired\"},\"custom_class_name\":\"\"}', 'section-1', '{\"logo\":\"landing_logo.png\",\"image\":\"top-banner.png\",\"button\":{\"text\":\"Login\"},\"menu\":[{\"menu\":\"Features\",\"href\":\"#\"},{\"menu\":\"Pricing\",\"href\":\"#\"}],\"text\":{\"text-1\":\"HRMGo\",\"text-2\":\"HRM and Payroll Tool\",\"text-3\":\"Lorem Ipsum is simply dummy text of the printing and typesetting industry. Lorem Ipsum has been the industrys standard dummy text ever since the 1500s, when an unknown printer took a galley of type and scrambled it to make a type specimen book.\",\"text-4\":\"get started - its free\",\"text-5\":\"no creadit card reqired \"},\"custom_class_name\":\"\"}', 'top-header-section.png', 'custome-top-header-section', '2022-01-28 16:57:04', '2022-01-28 16:57:04'),
(2, 'section-2', 2, '{\"image\":\"cal-sec.png\",\"button\":{\"text\":\"try our system\",\"href\":\"#\"},\"text\":{\"text-1\":\"Features\",\"text-2\":\"Lorem Ipsum is simply dummy\",\"text-3\":\"text of the printing\",\"text-4\":\"Lorem Ipsum is simply dummy text of the printing and typesetting industry. Lorem Ipsum has been the industrys standard dummy text ever since the 1500s, when an unknown printer took a galley of type and scrambled it to make a type specimen book. It has survived not only five centuries, but also the leap into electronic typesetting\"},\"image_array\":[{\"id\":1,\"image\":\"nexo.png\"},{\"id\":2,\"image\":\"edge.png\"},{\"id\":3,\"image\":\"atomic.png\"},{\"id\":4,\"image\":\"brd.png\"},{\"id\":5,\"image\":\"trust.png\"},{\"id\":6,\"image\":\"keep-key.png\"},{\"id\":7,\"image\":\"atomic.png\"},{\"id\":8,\"image\":\"edge.png\"}],\"custom_class_name\":\"\"}', 'section-2', '{\"image\":\"cal-sec.png\",\"button\":{\"text\":\"try our system\",\"href\":\"#\"},\"text\":{\"text-1\":\"Features\",\"text-2\":\"Lorem Ipsum is simply dummy\",\"text-3\":\"text of the printing\",\"text-4\":\"Lorem Ipsum is simply dummy text of the printing and typesetting industry. Lorem Ipsum has been the industrys standard dummy text ever since the 1500s, when an unknown printer took a galley of type and scrambled it to make a type specimen book. It has survived not only five centuries, but also the leap into electronic typesetting\"},\"image_array\":[{\"id\":1,\"image\":\"nexo.png\"},{\"id\":2,\"image\":\"edge.png\"},{\"id\":3,\"image\":\"atomic.png\"},{\"id\":4,\"image\":\"brd.png\"},{\"id\":5,\"image\":\"trust.png\"},{\"id\":6,\"image\":\"keep-key.png\"},{\"id\":7,\"image\":\"atomic.png\"},{\"id\":8,\"image\":\"edge.png\"}],\"custom_class_name\":\"\"}', 'logo-part-main-back-part.png', 'custome-logo-part-main-back-part', '2022-01-28 16:57:04', '2022-01-28 16:57:04'),
(3, 'section-3', 3, NULL, 'section-3', '{\"image\": \"sec-2.png\",\"button\": {\"text\": \"try our system\",\"href\": \"#\"},\"text\": {\"text-1\": \"Features\",\"text-2\": \"Lorem Ipsum is simply dummy\",\"text-3\": \"text of the printing\",\"text-4\": \"Lorem Ipsum is simply dummy text of the printing and typesetting industry. Lorem Ipsum has been the industrys standard dummy text ever since the 1500s, when an unknown printer took a galley of type and scrambled it to make a type specimen book. It has survived not only five centuries, but also the leap into electronic typesetting\"},\"custom_class_name\":\"\"}', 'simple-sec-even.png', 'custome-simple-sec-even', '2022-01-28 16:57:04', '2022-01-28 16:57:04'),
(4, 'section-4', 4, NULL, 'section-4', '{\"image\": \"sec-3.png\",\"button\": {\"text\": \"try our system\",\"href\": \"#\"},\"text\": {\"text-1\": \"Features\",\"text-2\": \"Lorem Ipsum is simply dummy\",\"text-3\": \"text of the printing\",\"text-4\": \"Lorem Ipsum is simply dummy text of the printing and typesetting industry. Lorem Ipsum has been the industrys standard dummy text ever since the 1500s, when an unknown printer took a galley of type and scrambled it to make a type specimen book. It has survived not only five centuries, but also the leap into electronic typesetting\"},\"custom_class_name\":\"\"}', 'simple-sec-odd.png', 'custome-simple-sec-odd', '2022-01-28 16:57:04', '2022-01-28 16:57:04'),
(5, 'section-5', 5, NULL, 'section-5', '{\"button\": {\"text\": \"TRY OUR SYSTEM\",\"href\": \"#\"},\"text\": {\"text-1\": \"See more features\",\"text-2\": \"All Features\",\"text-3\": \"in one place\",\"text-4\": \"Attractive Dashboard Customer & Vendor Login Multi Languages\",\"text-5\":\"Invoice, Billing & Transaction Multi User & Permission Paypal & Stripe for Invoice User Friendly Invoice Theme Make your own setting\",\"text-6\":\"Multi User & Permission Paypal & Stripe for Invoice User Friendly Invoice Theme Make your own setting\",\"text-7\":\"Multi User & Permission Paypal & Stripe for Invoice User Friendly Invoice Theme Make your own setting User Friendly Invoice Theme Make your own setting\",\"text-8\":\"Multi User & Permission Paypal & Stripe for Invoice\"},\"custom_class_name\":\"\"}', 'features-inner-part.png', 'custome-features-inner-part', '2022-01-28 16:57:04', '2022-01-28 16:57:04'),
(6, 'section-6', 6, '{\"system\":[{\"id\":1,\"name\":\"Dashboard\",\"data\":[{\"data_id\":1,\"text\":{\"text_1\":\"Dashboard\",\"text_2\":\"Main Page\"},\"button\":{\"text\":\"LIVE DEMO\",\"href\":\"#\"},\"image\":\"tab-1.png\"},{\"data_id\":2,\"text\":{\"text_1\":\"Dashboard\",\"text_2\":\"Main Page\"},\"button\":{\"text\":\"LIVE DEMO\",\"href\":\"#\"},\"image\":\"tab-2.png\"},{\"data_id\":3,\"text\":{\"text_1\":\"Dashboard\",\"text_2\":\"Main Page\"},\"button\":{\"text\":\"LIVE DEMO\",\"href\":\"#\"},\"image\":\"tab-3.png\"},{\"data_id\":4,\"text\":{\"text_1\":\"Dashboard\",\"text_2\":\"Main Page\"},\"button\":{\"text\":\"LIVE DEMO\",\"href\":\"#\"},\"image\":\"tab-1.png\"},{\"data_id\":5,\"text\":{\"text_1\":\"Dashboard\",\"text_2\":\"Main Page\"},\"button\":{\"text\":\"LIVE DEMO\",\"href\":\"#\"},\"image\":\"tab-2.png\"}]},{\"id\":2,\"name\":\"Functions\",\"data\":[{\"data_id\":1,\"text\":{\"text_1\":\"Dashboard\",\"text_2\":\"Main Page\"},\"button\":{\"text\":\"LIVE DEMO\",\"href\":\"#\"},\"image\":\"tab-1.png\"},{\"data_id\":2,\"text\":{\"text_1\":\"Dashboard\",\"text_2\":\"Main Page\"},\"button\":{\"text\":\"LIVE DEMO\",\"href\":\"#\"},\"image\":\"tab-2.png\"},{\"data_id\":3,\"text\":{\"text_1\":\"Dashboard\",\"text_2\":\"Main Page\"},\"button\":{\"text\":\"LIVE DEMO\",\"href\":\"#\"},\"image\":\"tab-3.png\"}]},{\"id\":3,\"name\":\"Reports\",\"data\":[{\"data_id\":1,\"text\":{\"text_1\":\"Dashboard\",\"text_2\":\"Main Page\"},\"button\":{\"text\":\"LIVE DEMO\",\"href\":\"#\"},\"image\":\"tab-1.png\"},{\"data_id\":2,\"text\":{\"text_1\":\"Dashboard\",\"text_2\":\"Main Page\"},\"button\":{\"text\":\"LIVE DEMO\",\"href\":\"#\"},\"image\":\"tab-2.png\"}]},{\"id\":4,\"name\":\"Tables\",\"data\":[{\"data_id\":1,\"text\":{\"text_1\":\"Dashboard\",\"text_2\":\"Main Page\"},\"button\":{\"text\":\"LIVE DEMO\",\"href\":\"#\"},\"image\":\"tab-1.png\"},{\"data_id\":2,\"text\":{\"text_1\":\"Dashboard\",\"text_2\":\"Main Page\"},\"button\":{\"text\":\"LIVE DEMO\",\"href\":\"#\"},\"image\":\"tab-2.png\"},{\"data_id\":3,\"text\":{\"text_1\":\"Dashboard\",\"text_2\":\"Main Page\"},\"button\":{\"text\":\"LIVE DEMO\",\"href\":\"#\"},\"image\":\"tab-3.png\"},{\"data_id\":4,\"text\":{\"text_1\":\"Dashboard\",\"text_2\":\"Main Page\"},\"button\":{\"text\":\"LIVE DEMO\",\"href\":\"#\"},\"image\":\"tab-1.png\"}]},{\"id\":5,\"name\":\"Settings\",\"data\":[{\"data_id\":1,\"text\":{\"text_1\":\"Dashboard\",\"text_2\":\"Main Page\"},\"button\":{\"text\":\"LIVE DEMO\",\"href\":\"#\"},\"image\":\"tab-1.png\"},{\"data_id\":2,\"text\":{\"text_1\":\"Dashboard\",\"text_2\":\"Main Page\"},\"button\":{\"text\":\"LIVE DEMO\",\"href\":\"#\"},\"image\":\"tab-2.png\"}]},{\"id\":6,\"name\":\"Contact\",\"data\":[{\"data_id\":1,\"text\":{\"text_1\":\"Dashboard\",\"text_2\":\"Main Page\"},\"button\":{\"text\":\"LIVE DEMO\",\"href\":\"#\"},\"image\":\"tab-1.png\"}]}],\"custom_class_name\":\"\"}', 'section-6', '{\"system\":[{\"id\":1,\"name\":\"Dashboard\",\"data\":[{\"data_id\":1,\"text\":{\"text_1\":\"Dashboard\",\"text_2\":\"Main Page\"},\"button\":{\"text\":\"LIVE DEMO\",\"href\":\"#\"},\"image\":\"tab-1.png\"},{\"data_id\":2,\"text\":{\"text_1\":\"Dashboard\",\"text_2\":\"Main Page\"},\"button\":{\"text\":\"LIVE DEMO\",\"href\":\"#\"},\"image\":\"tab-2.png\"},{\"data_id\":3,\"text\":{\"text_1\":\"Dashboard\",\"text_2\":\"Main Page\"},\"button\":{\"text\":\"LIVE DEMO\",\"href\":\"#\"},\"image\":\"tab-3.png\"},{\"data_id\":4,\"text\":{\"text_1\":\"Dashboard\",\"text_2\":\"Main Page\"},\"button\":{\"text\":\"LIVE DEMO\",\"href\":\"#\"},\"image\":\"tab-1.png\"},{\"data_id\":5,\"text\":{\"text_1\":\"Dashboard\",\"text_2\":\"Main Page\"},\"button\":{\"text\":\"LIVE DEMO\",\"href\":\"#\"},\"image\":\"tab-2.png\"}]},{\"id\":2,\"name\":\"Functions\",\"data\":[{\"data_id\":1,\"text\":{\"text_1\":\"Dashboard\",\"text_2\":\"Main Page\"},\"button\":{\"text\":\"LIVE DEMO\",\"href\":\"#\"},\"image\":\"tab-1.png\"},{\"data_id\":2,\"text\":{\"text_1\":\"Dashboard\",\"text_2\":\"Main Page\"},\"button\":{\"text\":\"LIVE DEMO\",\"href\":\"#\"},\"image\":\"tab-2.png\"},{\"data_id\":3,\"text\":{\"text_1\":\"Dashboard\",\"text_2\":\"Main Page\"},\"button\":{\"text\":\"LIVE DEMO\",\"href\":\"#\"},\"image\":\"tab-3.png\"}]},{\"id\":3,\"name\":\"Reports\",\"data\":[{\"data_id\":1,\"text\":{\"text_1\":\"Dashboard\",\"text_2\":\"Main Page\"},\"button\":{\"text\":\"LIVE DEMO\",\"href\":\"#\"},\"image\":\"tab-1.png\"},{\"data_id\":2,\"text\":{\"text_1\":\"Dashboard\",\"text_2\":\"Main Page\"},\"button\":{\"text\":\"LIVE DEMO\",\"href\":\"#\"},\"image\":\"tab-2.png\"}]},{\"id\":4,\"name\":\"Tables\",\"data\":[{\"data_id\":1,\"text\":{\"text_1\":\"Dashboard\",\"text_2\":\"Main Page\"},\"button\":{\"text\":\"LIVE DEMO\",\"href\":\"#\"},\"image\":\"tab-1.png\"},{\"data_id\":2,\"text\":{\"text_1\":\"Dashboard\",\"text_2\":\"Main Page\"},\"button\":{\"text\":\"LIVE DEMO\",\"href\":\"#\"},\"image\":\"tab-2.png\"},{\"data_id\":3,\"text\":{\"text_1\":\"Dashboard\",\"text_2\":\"Main Page\"},\"button\":{\"text\":\"LIVE DEMO\",\"href\":\"#\"},\"image\":\"tab-3.png\"},{\"data_id\":4,\"text\":{\"text_1\":\"Dashboard\",\"text_2\":\"Main Page\"},\"button\":{\"text\":\"LIVE DEMO\",\"href\":\"#\"},\"image\":\"tab-1.png\"}]},{\"id\":5,\"name\":\"Settings\",\"data\":[{\"data_id\":1,\"text\":{\"text_1\":\"Dashboard\",\"text_2\":\"Main Page\"},\"button\":{\"text\":\"LIVE DEMO\",\"href\":\"#\"},\"image\":\"tab-1.png\"},{\"data_id\":2,\"text\":{\"text_1\":\"Dashboard\",\"text_2\":\"Main Page\"},\"button\":{\"text\":\"LIVE DEMO\",\"href\":\"#\"},\"image\":\"tab-2.png\"}]},{\"id\":6,\"name\":\"Contact\",\"data\":[{\"data_id\":1,\"text\":{\"text_1\":\"Dashboard\",\"text_2\":\"Main Page\"},\"button\":{\"text\":\"LIVE DEMO\",\"href\":\"#\"},\"image\":\"tab-1.png\"}]}],\"custom_class_name\":\"\"}', 'container-our-system-div.png', 'custome-container-our-system-div', '2022-01-28 16:57:04', '2022-01-28 16:57:04'),
(7, 'section-7', 7, NULL, 'section-7', '{\"testimonials\":[{\"id\":1,\"text\":{\"text_1\":\"We have been building AI projects for a long time and we decided it was time to build a platform that can streamline the broken process that we had to put up with. Here are some of the key things we wish we had when we were building projects before.\",\"text_2\":\"Lorem Ipsum\",\"text_3\":\"Founder and CEO at Rajodiya Infotech\"},\"image\":\"testimonials-img.png\"},{\"id\":2,\"text\":{\"text_1\":\"We have been building AI projects for a long time and we decided it was time to build a platform that can streamline the broken process that we had to put up with. Here are some of the key things we wish we had when we were building projects before.\",\"text_2\":\"Lorem Ipsum\",\"text_3\":\"Founder and CEO at Rajodiya Infotech\"},\"image\":\"testimonials-img.png\"},{\"id\":3,\"text\":{\"text_1\":\"We have been building AI projects for a long time and we decided it was time to build a platform that can streamline the broken process that we had to put up with. Here are some of the key things we wish we had when we were building projects before.\",\"text_2\":\"Lorem Ipsum\",\"text_3\":\"Founder and CEO at Rajodiya Infotech\"},\"image\":\"testimonials-img.png\"},{\"id\":4,\"text\":{\"text_1\":\"We have been building AI projects for a long time and we decided it was time to build a platform that can streamline the broken process that we had to put up with. Here are some of the key things we wish we had when we were building projects before.\",\"text_2\":\"Lorem Ipsum\",\"text_3\":\"Founder and CEO at Rajodiya Infotech\"},\"image\":\"testimonials-img.png\"},{\"id\":5,\"text\":{\"text_1\":\"We have been building AI projects for a long time and we decided it was time to build a platform that can streamline the broken process that we had to put up with. Here are some of the key things we wish we had when we were building projects before.\",\"text_2\":\"Lorem Ipsum\",\"text_3\":\"Founder and CEO at Rajodiya Infotech\"},\"image\":\"testimonials-img.png\"}],\"custom_class_name\":\"\"}', 'testimonials-section.png', 'custome-testimonials-section', '2022-01-28 16:57:04', '2022-01-28 16:57:04'),
(8, 'section-8', 9, '{\"button\":{\"text\":\"Subscribe\"},\"text\":{\"text-1\":\"Try for free\",\"text-2\":\"Lorem Ipsum is simply dummy text\",\"text-3\":\"of the printing and typesetting industry\",\"text-4\":\"Type your email address and click the button\"},\"custom_class_name\":\"\"}', 'section-8', '{\"button\":{\"text\":\"Subscribe\"},\"text\":{\"text-1\":\"Try for free\",\"text-2\":\"Lorem Ipsum is simply dummy text\",\"text-3\":\"of the printing and typesetting industry\",\"text-4\":\"Type your email address and click the button\"},\"custom_class_name\":\"\"}', 'subscribe-part.png', 'custome-subscribe-part', '2022-01-28 16:57:04', '2022-01-28 16:57:04'),
(9, 'section-9', 10, '{\"menu\":[{\"menu\":\"Facebook\",\"href\":\"#\"},{\"menu\":\"LinkedIn\",\"href\":\"#\"},{\"menu\":\"Twitter\",\"href\":\"#\"},{\"menu\":\"Discord\",\"href\":\"#\"}],\"custom_class_name\":\"\"}', 'section-9', '{\"menu\":[{\"menu\":\"Facebook\",\"href\":\"#\"},{\"menu\":\"LinkedIn\",\"href\":\"#\"},{\"menu\":\"Twitter\",\"href\":\"#\"},{\"menu\":\"Discord\",\"href\":\"#\"}],\"custom_class_name\":\"\"}', 'social-links.png', 'custome-social-links', '2022-01-28 16:57:04', '2022-01-28 16:57:04'),
(10, 'section-10', 11, '{\"footer\":{\"logo\":{\"logo\":\"landing_logo.png\"},\"footer_menu\":[{\"id\":1,\"menu\":\"FIO Protocol\",\"data\":[{\"menu_name\":\"Feature\",\"menu_href\":\"#\"},{\"menu_name\":\"Download\",\"menu_href\":\"#\"},{\"menu_name\":\"Integration\",\"menu_href\":\"#\"},{\"menu_name\":\"Extras\",\"menu_href\":\"#\"}]},{\"id\":2,\"menu\":\"Learn\",\"data\":[{\"menu_name\":\"Feature\",\"menu_href\":\"#\"},{\"menu_name\":\"Download\",\"menu_href\":\"#\"},{\"menu_name\":\"Integration\",\"menu_href\":\"#\"},{\"menu_name\":\"Extras\",\"menu_href\":\"#\"}]},{\"id\":3,\"menu\":\"Foundation\",\"data\":[{\"menu_name\":\"About Us\",\"menu_href\":\"#\"},{\"menu_name\":\"Customers\",\"menu_href\":\"#\"},{\"menu_name\":\"Resources\",\"menu_href\":\"#\"},{\"menu_name\":\"Blog\",\"menu_href\":\"#\"}]}],\"contact_app\":[{\"menu\":\"Contact\",\"data\":[{\"id\":1,\"image\":\"app-store.png\",\"image_href\":\"#\"},{\"id\":2,\"image\":\"google-pay.png\",\"image_href\":\"#\"}]}],\"bottom_menu\":{\"text\":\"All rights reserved.\",\"data\":[{\"menu_name\":\"Privacy Policy\",\"menu_href\":\"#\"},{\"menu_name\":\"Github\",\"menu_href\":\"#\"},{\"menu_name\":\"Press Kit\",\"menu_href\":\"#\"},{\"menu_name\":\"Contact\",\"menu_href\":\"#\"}]}},\"custom_class_name\":\"\"}', 'section-10', '{\"footer\":{\"logo\":{\"logo\":\"landing_logo.png\"},\"footer_menu\":[{\"id\":1,\"menu\":\"FIO Protocol\",\"data\":[{\"menu_name\":\"Feature\",\"menu_href\":\"#\"},{\"menu_name\":\"Download\",\"menu_href\":\"#\"},{\"menu_name\":\"Integration\",\"menu_href\":\"#\"},{\"menu_name\":\"Extras\",\"menu_href\":\"#\"}]},{\"id\":2,\"menu\":\"Learn\",\"data\":[{\"menu_name\":\"Feature\",\"menu_href\":\"#\"},{\"menu_name\":\"Download\",\"menu_href\":\"#\"},{\"menu_name\":\"Integration\",\"menu_href\":\"#\"},{\"menu_name\":\"Extras\",\"menu_href\":\"#\"}]},{\"id\":3,\"menu\":\"Foundation\",\"data\":[{\"menu_name\":\"About Us\",\"menu_href\":\"#\"},{\"menu_name\":\"Customers\",\"menu_href\":\"#\"},{\"menu_name\":\"Resources\",\"menu_href\":\"#\"},{\"menu_name\":\"Blog\",\"menu_href\":\"#\"}]}],\"contact_app\":[{\"menu\":\"Contact\",\"data\":[{\"id\":1,\"image\":\"app-store.png\",\"image_href\":\"#\"},{\"id\":2,\"image\":\"google-pay.png\",\"image_href\":\"#\"}]}],\"bottom_menu\":{\"text\":\"All rights reserved.\",\"data\":[{\"menu_name\":\"Privacy Policy\",\"menu_href\":\"#\"},{\"menu_name\":\"Github\",\"menu_href\":\"#\"},{\"menu_name\":\"Press Kit\",\"menu_href\":\"#\"},{\"menu_name\":\"Contact\",\"menu_href\":\"#\"}]}},\"custom_class_name\":\"\"}', 'footer-section.png', 'custome-footer-section', '2022-01-28 16:57:04', '2022-01-28 16:57:04');

-- --------------------------------------------------------

--
-- Table structure for table `leaves`
--

DROP TABLE IF EXISTS `leaves`;
CREATE TABLE IF NOT EXISTS `leaves` (
  `id` bigint(20) UNSIGNED NOT NULL AUTO_INCREMENT,
  `employee_id` int(11) NOT NULL,
  `leave_type_id` int(11) NOT NULL,
  `applied_on` date NOT NULL,
  `start_date` date NOT NULL,
  `end_date` date NOT NULL,
  `total_leave_days` varchar(255) COLLATE utf8mb4_unicode_ci NOT NULL,
  `leave_reason` varchar(255) COLLATE utf8mb4_unicode_ci NOT NULL,
  `remark` varchar(255) COLLATE utf8mb4_unicode_ci DEFAULT NULL,
  `status` varchar(255) COLLATE utf8mb4_unicode_ci NOT NULL,
  `created_by` int(11) NOT NULL,
  `created_at` timestamp NULL DEFAULT NULL,
  `updated_at` timestamp NULL DEFAULT NULL,
  PRIMARY KEY (`id`)
) ENGINE=InnoDB AUTO_INCREMENT=17 DEFAULT CHARSET=utf8mb4 COLLATE=utf8mb4_unicode_ci ROW_FORMAT=DYNAMIC;

--
-- Dumping data for table `leaves`
--

INSERT INTO `leaves` (`id`, `employee_id`, `leave_type_id`, `applied_on`, `start_date`, `end_date`, `total_leave_days`, `leave_reason`, `remark`, `status`, `created_by`, `created_at`, `updated_at`) VALUES
(8, 43, 3, '2022-04-23', '2022-04-01', '2022-04-30', '0', 'MEDICAL problem', 'ok', 'Approve', 1, '2022-04-23 02:15:37', '2022-04-23 23:42:54'),
(10, 44, 3, '2022-04-23', '2022-04-01', '2022-04-30', '0', 'medical Problem', 'ok', 'Approve', 1, '2022-04-23 02:18:32', '2022-04-24 01:36:03'),
(12, 46, 3, '2022-04-23', '2022-04-01', '2022-04-30', '0', 'medical problem', 'ok', 'Approve', 1, '2022-04-23 04:18:58', '2022-04-23 23:41:30'),
(14, 45, 2, '2022-04-25', '2022-04-25', '2022-04-25', '1', 'medical issue', 'ok', 'Approve', 1, '2022-04-25 00:24:54', '2022-04-25 00:49:44'),
(15, 53, 3, '2022-04-28', '2022-04-01', '2022-04-30', '0', 'problems', NULL, 'Pending', 1, '2022-04-28 09:07:33', '2022-04-28 09:07:33'),
(16, 20, 2, '2023-04-07', '2023-04-07', '2023-04-07', '0', 'Test', 'Test', 'Approve', 1, '2023-04-07 01:57:26', '2023-04-07 01:58:09');

-- --------------------------------------------------------

--
-- Table structure for table `leave_types`
--

DROP TABLE IF EXISTS `leave_types`;
CREATE TABLE IF NOT EXISTS `leave_types` (
  `id` bigint(20) UNSIGNED NOT NULL AUTO_INCREMENT,
  `title` varchar(255) COLLATE utf8mb4_unicode_ci NOT NULL,
  `days` int(11) NOT NULL,
  `created_by` int(11) NOT NULL,
  `created_at` timestamp NULL DEFAULT NULL,
  `updated_at` timestamp NULL DEFAULT NULL,
  PRIMARY KEY (`id`)
) ENGINE=InnoDB AUTO_INCREMENT=5 DEFAULT CHARSET=utf8mb4 COLLATE=utf8mb4_unicode_ci ROW_FORMAT=DYNAMIC;

--
-- Dumping data for table `leave_types`
--

INSERT INTO `leave_types` (`id`, `title`, `days`, `created_by`, `created_at`, `updated_at`) VALUES
(2, 'Casual Leave', 14, 1, '2022-02-16 22:45:04', '2022-02-16 22:45:04'),
(3, 'Earned Leave', 31, 1, '2022-02-16 22:46:52', '2022-02-16 22:46:52'),
(4, 'Sick Leave', 3, 1, '2022-02-16 22:47:33', '2023-04-07 02:23:32');

-- --------------------------------------------------------

--
-- Table structure for table `loans`
--

DROP TABLE IF EXISTS `loans`;
CREATE TABLE IF NOT EXISTS `loans` (
  `id` bigint(20) UNSIGNED NOT NULL AUTO_INCREMENT,
  `employee_id` int(11) NOT NULL,
  `loan_option` int(11) NOT NULL,
  `title` varchar(255) COLLATE utf8mb4_unicode_ci NOT NULL,
  `amount` int(11) NOT NULL,
  `start_date` date NOT NULL,
  `end_date` date NOT NULL,
  `reason` varchar(255) COLLATE utf8mb4_unicode_ci NOT NULL,
  `created_by` int(11) NOT NULL,
  `created_at` timestamp NULL DEFAULT NULL,
  `updated_at` timestamp NULL DEFAULT NULL,
  PRIMARY KEY (`id`)
) ENGINE=InnoDB DEFAULT CHARSET=utf8mb4 COLLATE=utf8mb4_unicode_ci ROW_FORMAT=DYNAMIC;

-- --------------------------------------------------------

--
-- Table structure for table `loan_options`
--

DROP TABLE IF EXISTS `loan_options`;
CREATE TABLE IF NOT EXISTS `loan_options` (
  `id` bigint(20) UNSIGNED NOT NULL AUTO_INCREMENT,
  `name` varchar(255) COLLATE utf8mb4_unicode_ci NOT NULL,
  `created_by` int(11) NOT NULL,
  `created_at` timestamp NULL DEFAULT NULL,
  `updated_at` timestamp NULL DEFAULT NULL,
  PRIMARY KEY (`id`)
) ENGINE=InnoDB AUTO_INCREMENT=4 DEFAULT CHARSET=utf8mb4 COLLATE=utf8mb4_unicode_ci ROW_FORMAT=DYNAMIC;

--
-- Dumping data for table `loan_options`
--

INSERT INTO `loan_options` (`id`, `name`, `created_by`, `created_at`, `updated_at`) VALUES
(1, 'Vehicle Loan', 1, '2022-02-27 20:02:44', '2022-02-27 20:02:44'),
(2, 'Bank Loan Advance', 1, '2022-02-27 20:03:18', '2022-02-27 20:03:18'),
(3, 'Emergency Loan', 1, '2022-02-27 20:03:36', '2022-02-27 20:03:36');

-- --------------------------------------------------------

--
-- Table structure for table `meetings`
--

DROP TABLE IF EXISTS `meetings`;
CREATE TABLE IF NOT EXISTS `meetings` (
  `id` bigint(20) UNSIGNED NOT NULL AUTO_INCREMENT,
  `branch_id` int(11) NOT NULL,
  `department_id` longtext COLLATE utf8mb4_unicode_ci NOT NULL,
  `employee_id` longtext COLLATE utf8mb4_unicode_ci NOT NULL,
  `title` varchar(255) COLLATE utf8mb4_unicode_ci NOT NULL,
  `date` date NOT NULL,
  `time` time NOT NULL,
  `note` text COLLATE utf8mb4_unicode_ci,
  `created_by` int(11) NOT NULL,
  `created_at` timestamp NULL DEFAULT NULL,
  `updated_at` timestamp NULL DEFAULT NULL,
  PRIMARY KEY (`id`)
) ENGINE=InnoDB AUTO_INCREMENT=4 DEFAULT CHARSET=utf8mb4 COLLATE=utf8mb4_unicode_ci ROW_FORMAT=DYNAMIC;

--
-- Dumping data for table `meetings`
--

INSERT INTO `meetings` (`id`, `branch_id`, `department_id`, `employee_id`, `title`, `date`, `time`, `note`, `created_by`, `created_at`, `updated_at`) VALUES
(2, 6, '[\"8\"]', '[\"8\"]', 'project', '2022-02-18', '16:30:00', 'discussion about  Hrms', 1, '2022-02-17 22:24:28', '2022-02-17 22:24:28'),
(3, 0, '[\"44\"]', '[\"20\"]', 'Please Join', '2023-04-07', '13:15:00', 'https://meet.google.com/ebx-zwrh-yoc', 1, '2023-04-07 02:15:29', '2023-04-07 02:15:29');

-- --------------------------------------------------------

--
-- Table structure for table `meeting_employees`
--

DROP TABLE IF EXISTS `meeting_employees`;
CREATE TABLE IF NOT EXISTS `meeting_employees` (
  `id` bigint(20) UNSIGNED NOT NULL AUTO_INCREMENT,
  `meeting_id` int(11) NOT NULL,
  `employee_id` int(11) NOT NULL,
  `created_by` int(11) NOT NULL,
  `created_at` timestamp NULL DEFAULT NULL,
  `updated_at` timestamp NULL DEFAULT NULL,
  PRIMARY KEY (`id`)
) ENGINE=InnoDB AUTO_INCREMENT=4 DEFAULT CHARSET=utf8mb4 COLLATE=utf8mb4_unicode_ci ROW_FORMAT=DYNAMIC;

--
-- Dumping data for table `meeting_employees`
--

INSERT INTO `meeting_employees` (`id`, `meeting_id`, `employee_id`, `created_by`, `created_at`, `updated_at`) VALUES
(1, 2, 8, 1, '2022-02-17 22:24:28', '2022-02-17 22:24:28'),
(2, 3, 7, 1, '2022-02-17 22:26:36', '2022-02-17 22:26:36'),
(3, 3, 20, 1, '2023-04-07 02:15:29', '2023-04-07 02:15:29');

-- --------------------------------------------------------

--
-- Table structure for table `migrations`
--

DROP TABLE IF EXISTS `migrations`;
CREATE TABLE IF NOT EXISTS `migrations` (
  `id` int(10) UNSIGNED NOT NULL AUTO_INCREMENT,
  `migration` varchar(255) COLLATE utf8mb4_unicode_ci NOT NULL,
  `batch` int(11) NOT NULL,
  PRIMARY KEY (`id`)
) ENGINE=InnoDB AUTO_INCREMENT=90 DEFAULT CHARSET=utf8mb4 COLLATE=utf8mb4_unicode_ci ROW_FORMAT=DYNAMIC;

--
-- Dumping data for table `migrations`
--

INSERT INTO `migrations` (`id`, `migration`, `batch`) VALUES
(1, '2014_10_12_000000_create_users_table', 1),
(2, '2014_10_12_100000_create_password_resets_table', 1),
(3, '2019_08_19_000000_create_failed_jobs_table', 1),
(4, '2019_09_22_192348_create_messages_table', 1),
(5, '2019_09_28_102009_create_settings_table', 1),
(6, '2019_10_16_211433_create_favorites_table', 1),
(7, '2019_10_18_223259_add_avatar_to_users', 1),
(8, '2019_10_20_211056_add_messenger_color_to_users', 1),
(9, '2019_10_22_000539_add_dark_mode_to_users', 1),
(10, '2019_10_25_214038_add_active_status_to_users', 1),
(11, '2019_12_26_101754_create_departments_table', 1),
(12, '2019_12_26_101814_create_designations_table', 1),
(13, '2019_12_26_105721_create_documents_table', 1),
(14, '2019_12_27_083751_create_branches_table', 1),
(15, '2019_12_27_090831_create_employees_table', 1),
(16, '2019_12_27_112922_create_employee_documents_table', 1),
(17, '2019_12_28_050508_create_awards_table', 1),
(18, '2019_12_28_050919_create_award_types_table', 1),
(19, '2019_12_31_060916_create_termination_types_table', 1),
(20, '2019_12_31_062259_create_terminations_table', 1),
(21, '2019_12_31_070521_create_resignations_table', 1),
(22, '2019_12_31_072252_create_travels_table', 1),
(23, '2019_12_31_090637_create_promotions_table', 1),
(24, '2019_12_31_092838_create_transfers_table', 1),
(25, '2019_12_31_100319_create_warnings_table', 1),
(26, '2019_12_31_103019_create_complaints_table', 1),
(27, '2020_01_02_090837_create_payslip_types_table', 1),
(28, '2020_01_02_093331_create_allowance_options_table', 1),
(29, '2020_01_02_102558_create_loan_options_table', 1),
(30, '2020_01_02_103822_create_deduction_options_table', 1),
(31, '2020_01_02_110828_create_genrate_payslip_options_table', 1),
(32, '2020_01_02_111807_create_set_salaries_table', 1),
(33, '2020_01_03_084302_create_allowances_table', 1),
(34, '2020_01_03_101735_create_commissions_table', 1),
(35, '2020_01_03_105019_create_loans_table', 1),
(36, '2020_01_03_105046_create_saturation_deductions_table', 1),
(37, '2020_01_03_105100_create_other_payments_table', 1),
(38, '2020_01_03_105111_create_overtimes_table', 1),
(39, '2020_01_04_072527_create_pay_slips_table', 1),
(40, '2020_01_06_045425_create_account_lists_table', 1),
(41, '2020_01_06_062213_create_payees_table', 1),
(42, '2020_01_06_070037_create_payers_table', 1),
(43, '2020_01_06_072939_create_income_types_table', 1),
(44, '2020_01_06_073055_create_expense_types_table', 1),
(45, '2020_01_06_085218_create_deposits_table', 1),
(46, '2020_01_06_090709_create_payment_types_table', 1),
(47, '2020_01_06_121442_create_expenses_table', 1),
(48, '2020_01_06_124036_create_transfer_balances_table', 1),
(49, '2020_01_13_084720_create_events_table', 1),
(50, '2020_01_16_041720_create_announcements_table', 1),
(51, '2020_01_16_090747_create_leave_types_table', 1),
(52, '2020_01_16_093256_create_leaves_table', 1),
(53, '2020_01_16_110357_create_meetings_table', 1),
(54, '2020_01_17_051906_create_tickets_table', 1),
(55, '2020_01_17_112647_create_ticket_replies_table', 1),
(56, '2020_01_23_101613_create_meeting_employees_table', 1),
(57, '2020_01_23_123844_create_event_employees_table', 1),
(58, '2020_01_24_062752_create_announcement_employees_table', 1),
(59, '2020_01_27_052503_create_attendance_employees_table', 1),
(60, '2020_02_28_051636_create_time_sheets_table', 1),
(61, '2020_04_21_115823_create_assets_table', 1),
(62, '2020_05_01_122144_create_ducument_uploads_table', 1),
(63, '2020_05_04_070452_create_indicators_table', 1),
(64, '2020_05_05_023742_create_appraisals_table', 1),
(65, '2020_05_05_061241_create_goal_types_table', 1),
(66, '2020_05_05_095926_create_goal_trackings_table', 1),
(67, '2020_05_07_093520_create_company_policies_table', 1),
(68, '2020_05_07_131311_create_training_types_table', 1),
(69, '2020_05_08_023838_create_trainers_table', 1),
(70, '2020_05_08_043039_create_trainings_table', 1),
(71, '2020_05_21_065337_create_permission_tables', 1),
(72, '2020_07_18_065859_create_messageses_table', 1),
(73, '2020_07_22_131715_change_amount_type_size', 1),
(74, '2020_10_07_034726_create_holidays_table', 1),
(75, '2021_02_19_085311_add_ticket_created__in_tickets', 1),
(76, '2021_03_13_093312_create_ip_restricts_table', 1),
(77, '2021_03_13_114832_create_job_categories_table', 1),
(78, '2021_03_13_123125_create_job_stages_table', 1),
(79, '2021_03_15_094707_create_jobs_table', 1),
(80, '2021_03_15_153745_create_job_applications_table', 1),
(81, '2021_03_16_115140_create_job_application_notes_table', 1),
(82, '2021_03_17_163107_create_custom_questions_table', 1),
(83, '2021_03_18_140630_create_interview_schedules_table', 1),
(84, '2021_03_22_122532_create_job_on_boards_table', 1),
(85, '2021_06_22_114423_create_landing_page_sections_table', 1),
(86, '2021_08_20_084119_create_competencies_table', 1),
(87, '2021_08_21_044211_add_rating_in_competencies', 1),
(88, '2021_11_22_043537_create_performance__types_table', 1),
(89, '2021_12_24_064955_create_zoom_meetings_table', 1);

-- --------------------------------------------------------

--
-- Table structure for table `model_has_permissions`
--

DROP TABLE IF EXISTS `model_has_permissions`;
CREATE TABLE IF NOT EXISTS `model_has_permissions` (
  `permission_id` bigint(20) UNSIGNED NOT NULL,
  `model_type` varchar(255) COLLATE utf8mb4_unicode_ci NOT NULL,
  `model_id` bigint(20) UNSIGNED NOT NULL,
  PRIMARY KEY (`permission_id`,`model_id`,`model_type`),
  KEY `model_has_permissions_model_id_model_type_index` (`model_id`,`model_type`)
) ENGINE=InnoDB DEFAULT CHARSET=utf8mb4 COLLATE=utf8mb4_unicode_ci ROW_FORMAT=DYNAMIC;

-- --------------------------------------------------------

--
-- Table structure for table `model_has_roles`
--

DROP TABLE IF EXISTS `model_has_roles`;
CREATE TABLE IF NOT EXISTS `model_has_roles` (
  `role_id` bigint(20) UNSIGNED NOT NULL,
  `model_type` varchar(255) COLLATE utf8mb4_unicode_ci NOT NULL,
  `model_id` bigint(20) UNSIGNED NOT NULL,
  PRIMARY KEY (`role_id`,`model_id`,`model_type`),
  KEY `model_has_roles_model_id_model_type_index` (`model_id`,`model_type`)
) ENGINE=InnoDB DEFAULT CHARSET=utf8mb4 COLLATE=utf8mb4_unicode_ci ROW_FORMAT=DYNAMIC;

--
-- Dumping data for table `model_has_roles`
--

INSERT INTO `model_has_roles` (`role_id`, `model_type`, `model_id`) VALUES
(1, 'App\\Models\\User', 1),
(6, 'App\\Models\\User', 22),
(3, 'App\\Models\\User', 23),
(3, 'App\\Models\\User', 24),
(3, 'App\\Models\\User', 25),
(3, 'App\\Models\\User', 28),
(3, 'App\\Models\\User', 30),
(18, 'App\\Models\\User', 32),
(3, 'App\\Models\\User', 33),
(3, 'App\\Models\\User', 34),
(3, 'App\\Models\\User', 45),
(5, 'App\\Models\\User', 45),
(3, 'App\\Models\\User', 46),
(9, 'App\\Models\\User', 46),
(3, 'App\\Models\\User', 47),
(3, 'App\\Models\\User', 48),
(3, 'App\\Models\\User', 49),
(3, 'App\\Models\\User', 50),
(3, 'App\\Models\\User', 51),
(3, 'App\\Models\\User', 52),
(3, 'App\\Models\\User', 53),
(3, 'App\\Models\\User', 54),
(7, 'App\\Models\\User', 59),
(7, 'App\\Models\\User', 60),
(3, 'App\\Models\\User', 61),
(18, 'App\\Models\\User', 61),
(9, 'App\\Models\\User', 62);

-- --------------------------------------------------------

--
-- Table structure for table `other_payments`
--

DROP TABLE IF EXISTS `other_payments`;
CREATE TABLE IF NOT EXISTS `other_payments` (
  `id` bigint(20) UNSIGNED NOT NULL AUTO_INCREMENT,
  `employee_id` int(11) NOT NULL,
  `title` varchar(255) COLLATE utf8mb4_unicode_ci NOT NULL,
  `amount` int(11) NOT NULL,
  `created_by` int(11) NOT NULL,
  `created_at` timestamp NULL DEFAULT NULL,
  `updated_at` timestamp NULL DEFAULT NULL,
  PRIMARY KEY (`id`)
) ENGINE=InnoDB AUTO_INCREMENT=5 DEFAULT CHARSET=utf8mb4 COLLATE=utf8mb4_unicode_ci ROW_FORMAT=DYNAMIC;

--
-- Dumping data for table `other_payments`
--

INSERT INTO `other_payments` (`id`, `employee_id`, `title`, `amount`, `created_by`, `created_at`, `updated_at`) VALUES
(4, 53, 'abcd', 3000, 1, '2022-04-28 08:50:40', '2022-04-28 08:50:40');

-- --------------------------------------------------------

--
-- Table structure for table `overtimes`
--

DROP TABLE IF EXISTS `overtimes`;
CREATE TABLE IF NOT EXISTS `overtimes` (
  `id` bigint(20) UNSIGNED NOT NULL AUTO_INCREMENT,
  `employee_id` int(11) NOT NULL,
  `title` varchar(255) COLLATE utf8mb4_unicode_ci NOT NULL,
  `number_of_days` int(11) NOT NULL,
  `hours` int(11) NOT NULL,
  `rate` int(11) NOT NULL,
  `created_by` int(11) NOT NULL,
  `created_at` timestamp NULL DEFAULT NULL,
  `updated_at` timestamp NULL DEFAULT NULL,
  PRIMARY KEY (`id`)
) ENGINE=InnoDB DEFAULT CHARSET=utf8mb4 COLLATE=utf8mb4_unicode_ci ROW_FORMAT=DYNAMIC;

-- --------------------------------------------------------

--
-- Table structure for table `password_resets`
--

DROP TABLE IF EXISTS `password_resets`;
CREATE TABLE IF NOT EXISTS `password_resets` (
  `email` varchar(255) COLLATE utf8mb4_unicode_ci NOT NULL,
  `token` varchar(255) COLLATE utf8mb4_unicode_ci NOT NULL,
  `created_at` timestamp NULL DEFAULT NULL,
  KEY `password_resets_email_index` (`email`)
) ENGINE=InnoDB DEFAULT CHARSET=utf8mb4 COLLATE=utf8mb4_unicode_ci ROW_FORMAT=DYNAMIC;

--
-- Dumping data for table `password_resets`
--

INSERT INTO `password_resets` (`email`, `token`, `created_at`) VALUES
('admin@hrms.com', '$2y$10$.tp2m3GdwoHtoUvwvb/nXeteQgTSk.FEUPA6zHOTgx6QHBt1VERsu', '2022-02-04 07:26:50');

-- --------------------------------------------------------

--
-- Table structure for table `payees`
--

DROP TABLE IF EXISTS `payees`;
CREATE TABLE IF NOT EXISTS `payees` (
  `id` bigint(20) UNSIGNED NOT NULL AUTO_INCREMENT,
  `payee_name` varchar(255) COLLATE utf8mb4_unicode_ci NOT NULL,
  `contact_number` varchar(255) COLLATE utf8mb4_unicode_ci NOT NULL,
  `created_by` int(11) NOT NULL,
  `created_at` timestamp NULL DEFAULT NULL,
  `updated_at` timestamp NULL DEFAULT NULL,
  PRIMARY KEY (`id`)
) ENGINE=InnoDB DEFAULT CHARSET=utf8mb4 COLLATE=utf8mb4_unicode_ci ROW_FORMAT=DYNAMIC;

-- --------------------------------------------------------

--
-- Table structure for table `payers`
--

DROP TABLE IF EXISTS `payers`;
CREATE TABLE IF NOT EXISTS `payers` (
  `id` bigint(20) UNSIGNED NOT NULL AUTO_INCREMENT,
  `payer_name` varchar(255) COLLATE utf8mb4_unicode_ci NOT NULL,
  `contact_number` varchar(255) COLLATE utf8mb4_unicode_ci NOT NULL,
  `created_by` int(11) NOT NULL,
  `created_at` timestamp NULL DEFAULT NULL,
  `updated_at` timestamp NULL DEFAULT NULL,
  PRIMARY KEY (`id`)
) ENGINE=InnoDB DEFAULT CHARSET=utf8mb4 COLLATE=utf8mb4_unicode_ci ROW_FORMAT=DYNAMIC;

-- --------------------------------------------------------

--
-- Table structure for table `payment_types`
--

DROP TABLE IF EXISTS `payment_types`;
CREATE TABLE IF NOT EXISTS `payment_types` (
  `id` bigint(20) UNSIGNED NOT NULL AUTO_INCREMENT,
  `name` varchar(255) COLLATE utf8mb4_unicode_ci NOT NULL,
  `created_by` int(11) NOT NULL,
  `created_at` timestamp NULL DEFAULT NULL,
  `updated_at` timestamp NULL DEFAULT NULL,
  PRIMARY KEY (`id`)
) ENGINE=InnoDB DEFAULT CHARSET=utf8mb4 COLLATE=utf8mb4_unicode_ci ROW_FORMAT=DYNAMIC;

-- --------------------------------------------------------

--
-- Table structure for table `payslip_types`
--

DROP TABLE IF EXISTS `payslip_types`;
CREATE TABLE IF NOT EXISTS `payslip_types` (
  `id` bigint(20) UNSIGNED NOT NULL AUTO_INCREMENT,
  `name` varchar(255) COLLATE utf8mb4_unicode_ci NOT NULL,
  `created_by` int(11) NOT NULL,
  `created_at` timestamp NULL DEFAULT NULL,
  `updated_at` timestamp NULL DEFAULT NULL,
  PRIMARY KEY (`id`)
) ENGINE=InnoDB AUTO_INCREMENT=5 DEFAULT CHARSET=utf8mb4 COLLATE=utf8mb4_unicode_ci ROW_FORMAT=DYNAMIC;

--
-- Dumping data for table `payslip_types`
--

INSERT INTO `payslip_types` (`id`, `name`, `created_by`, `created_at`, `updated_at`) VALUES
(1, 'Basic Pay', 1, '2022-02-06 05:29:49', '2022-02-27 19:37:50'),
(2, 'Per. Pay', 1, '2022-02-16 22:52:54', '2022-02-17 18:44:28'),
(3, 'Spec. Pay', 1, '2022-02-16 22:53:30', '2022-02-17 18:44:00'),
(4, 'Basic  Salary', 1, '2022-02-27 19:38:03', '2022-02-27 19:38:03');

-- --------------------------------------------------------

--
-- Table structure for table `pay_slips`
--

DROP TABLE IF EXISTS `pay_slips`;
CREATE TABLE IF NOT EXISTS `pay_slips` (
  `id` bigint(20) UNSIGNED NOT NULL AUTO_INCREMENT,
  `employee_id` int(11) NOT NULL,
  `net_payble` int(11) NOT NULL,
  `salary_month` varchar(255) COLLATE utf8mb4_unicode_ci NOT NULL,
  `status` int(11) NOT NULL,
  `basic_salary` int(11) NOT NULL,
  `allowance` text COLLATE utf8mb4_unicode_ci NOT NULL,
  `commission` text COLLATE utf8mb4_unicode_ci NOT NULL,
  `loan` text COLLATE utf8mb4_unicode_ci NOT NULL,
  `saturation_deduction` text COLLATE utf8mb4_unicode_ci NOT NULL,
  `other_payment` text COLLATE utf8mb4_unicode_ci NOT NULL,
  `overtime` text COLLATE utf8mb4_unicode_ci NOT NULL,
  `created_by` int(11) NOT NULL,
  `created_at` timestamp NULL DEFAULT NULL,
  `updated_at` timestamp NULL DEFAULT NULL,
  PRIMARY KEY (`id`)
) ENGINE=InnoDB AUTO_INCREMENT=68 DEFAULT CHARSET=utf8mb4 COLLATE=utf8mb4_unicode_ci ROW_FORMAT=DYNAMIC;

--
-- Dumping data for table `pay_slips`
--

INSERT INTO `pay_slips` (`id`, `employee_id`, `net_payble`, `salary_month`, `status`, `basic_salary`, `allowance`, `commission`, `loan`, `saturation_deduction`, `other_payment`, `overtime`, `created_by`, `created_at`, `updated_at`) VALUES
(1, 20, 39406, '2022-01', 0, 31100, '[{\"id\":6,\"employee_id\":20,\"allowance_option\":13,\"title\":\"deafult\",\"amount\":8707,\"created_by\":1,\"created_at\":\"2022-03-22T14:40:13.000000Z\",\"updated_at\":\"2022-03-24T07:25:23.000000Z\"},{\"id\":7,\"employee_id\":20,\"allowance_option\":4,\"title\":\"done\",\"amount\":2320,\"created_by\":1,\"created_at\":\"2022-03-22T14:40:58.000000Z\",\"updated_at\":\"2022-03-22T14:40:58.000000Z\"},{\"id\":21,\"employee_id\":20,\"allowance_option\":1,\"title\":\"deafult\",\"amount\":3560,\"created_by\":1,\"created_at\":\"2022-04-06T06:47:51.000000Z\",\"updated_at\":\"2022-04-06T06:47:51.000000Z\"}]', '[]', '[]', '[{\"id\":11,\"employee_id\":20,\"deduction_option\":25,\"title\":\"deafult\",\"amount\":3981,\"created_by\":1,\"created_at\":\"2022-03-22T14:42:35.000000Z\",\"updated_at\":\"2022-03-24T04:01:30.000000Z\"},{\"id\":27,\"employee_id\":20,\"deduction_option\":1,\"title\":\"deafult\",\"amount\":2300,\"created_by\":1,\"created_at\":\"2022-04-06T06:48:30.000000Z\",\"updated_at\":\"2022-04-06T06:48:30.000000Z\"}]', '[]', '[]', 1, '2022-04-23 01:48:25', '2022-04-23 01:48:25'),
(2, 21, 35378, '2022-01', 0, 28800, '[{\"id\":11,\"employee_id\":21,\"allowance_option\":13,\"title\":\"deafult\",\"amount\":8064,\"created_by\":1,\"created_at\":\"2022-03-24T04:06:07.000000Z\",\"updated_at\":\"2022-03-24T04:06:07.000000Z\"},{\"id\":12,\"employee_id\":21,\"allowance_option\":4,\"title\":\"deafult\",\"amount\":2200,\"created_by\":1,\"created_at\":\"2022-03-24T04:06:18.000000Z\",\"updated_at\":\"2022-03-24T04:06:18.000000Z\"}]', '[]', '[]', '[{\"id\":15,\"employee_id\":21,\"deduction_option\":25,\"title\":\"deafult\",\"amount\":3686,\"created_by\":1,\"created_at\":\"2022-03-24T04:06:42.000000Z\",\"updated_at\":\"2022-03-24T04:06:42.000000Z\"}]', '[]', '[]', 1, '2022-04-23 01:48:25', '2022-04-23 01:48:25'),
(3, 22, 28969, '2022-01', 0, 34000, '[{\"id\":9,\"employee_id\":22,\"allowance_option\":13,\"title\":\"deafult\",\"amount\":9520,\"created_by\":1,\"created_at\":\"2022-03-24T04:02:45.000000Z\",\"updated_at\":\"2022-03-24T04:02:45.000000Z\"},{\"id\":10,\"employee_id\":22,\"allowance_option\":4,\"title\":\"deafult\",\"amount\":2320,\"created_by\":1,\"created_at\":\"2022-03-24T04:03:01.000000Z\",\"updated_at\":\"2022-03-24T04:03:01.000000Z\"}]', '[]', '[]', '[{\"id\":12,\"employee_id\":22,\"deduction_option\":18,\"title\":\"deafult\",\"amount\":4080,\"created_by\":1,\"created_at\":\"2022-03-24T04:03:59.000000Z\",\"updated_at\":\"2022-03-24T04:03:59.000000Z\"},{\"id\":13,\"employee_id\":22,\"deduction_option\":21,\"title\":\"deafult\",\"amount\":5291,\"created_by\":1,\"created_at\":\"2022-03-24T04:04:18.000000Z\",\"updated_at\":\"2022-03-24T04:04:18.000000Z\"},{\"id\":14,\"employee_id\":22,\"deduction_option\":14,\"title\":\"deafult\",\"amount\":7500,\"created_by\":1,\"created_at\":\"2022-03-24T04:05:07.000000Z\",\"updated_at\":\"2022-03-24T04:05:07.000000Z\"}]', '[]', '[]', 1, '2022-04-23 01:48:25', '2022-04-23 01:48:25'),
(4, 23, 35378, '2022-01', 0, 28800, '[{\"id\":15,\"employee_id\":23,\"allowance_option\":13,\"title\":\"deafult\",\"amount\":8064,\"created_by\":1,\"created_at\":\"2022-03-24T04:15:40.000000Z\",\"updated_at\":\"2022-03-24T04:15:40.000000Z\"},{\"id\":16,\"employee_id\":23,\"allowance_option\":4,\"title\":\"deafult\",\"amount\":2200,\"created_by\":1,\"created_at\":\"2022-03-24T04:15:53.000000Z\",\"updated_at\":\"2022-03-24T04:15:53.000000Z\"}]', '[]', '[]', '[{\"id\":24,\"employee_id\":23,\"deduction_option\":25,\"title\":\"deafult\",\"amount\":3686,\"created_by\":1,\"created_at\":\"2022-03-24T04:16:06.000000Z\",\"updated_at\":\"2022-03-24T04:16:06.000000Z\"}]', '[]', '[]', 1, '2022-04-23 01:48:25', '2022-04-23 01:48:25'),
(5, 29, 49000, '2022-01', 0, 45000, '[{\"id\":19,\"employee_id\":29,\"allowance_option\":3,\"title\":\"deafult\",\"amount\":3000,\"created_by\":1,\"created_at\":\"2022-04-01T11:11:33.000000Z\",\"updated_at\":\"2022-04-01T11:11:33.000000Z\"},{\"id\":20,\"employee_id\":29,\"allowance_option\":4,\"title\":\"deafult\",\"amount\":3000,\"created_by\":1,\"created_at\":\"2022-04-01T11:11:48.000000Z\",\"updated_at\":\"2022-04-01T11:11:48.000000Z\"}]', '[]', '[]', '[{\"id\":26,\"employee_id\":29,\"deduction_option\":1,\"title\":\"deafult\",\"amount\":2000,\"created_by\":1,\"created_at\":\"2022-04-01T11:12:05.000000Z\",\"updated_at\":\"2022-04-01T11:12:05.000000Z\"}]', '[]', '[]', 1, '2022-04-23 01:48:25', '2022-04-23 01:48:25'),
(6, 37, 105687, '2022-01', 0, 83300, '[{\"id\":22,\"employee_id\":37,\"allowance_option\":4,\"title\":\"deafult\",\"amount\":7560,\"created_by\":1,\"created_at\":\"2022-04-22T10:28:00.000000Z\",\"updated_at\":\"2022-04-22T10:28:00.000000Z\"},{\"id\":23,\"employee_id\":37,\"allowance_option\":13,\"title\":\"deafult\",\"amount\":25823,\"created_by\":1,\"created_at\":\"2022-04-22T10:28:30.000000Z\",\"updated_at\":\"2022-04-22T10:28:30.000000Z\"}]', '[]', '[]', '[{\"id\":31,\"employee_id\":37,\"deduction_option\":17,\"title\":\"deafult\",\"amount\":9996,\"created_by\":1,\"created_at\":\"2022-04-22T11:50:14.000000Z\",\"updated_at\":\"2022-04-22T11:50:14.000000Z\"},{\"id\":32,\"employee_id\":37,\"deduction_option\":28,\"title\":\"deafult\",\"amount\":1000,\"created_by\":1,\"created_at\":\"2022-04-22T11:52:01.000000Z\",\"updated_at\":\"2022-04-22T11:52:01.000000Z\"}]', '[]', '[]', 1, '2022-04-23 01:48:25', '2022-04-23 01:48:25'),
(7, 38, 88920, '2022-01', 0, 70000, '[{\"id\":25,\"employee_id\":38,\"allowance_option\":4,\"title\":\"deafult\",\"amount\":5620,\"created_by\":1,\"created_at\":\"2022-04-22T11:53:40.000000Z\",\"updated_at\":\"2022-04-22T11:53:40.000000Z\"},{\"id\":26,\"employee_id\":38,\"allowance_option\":13,\"title\":\"deafult\",\"amount\":21700,\"created_by\":1,\"created_at\":\"2022-04-22T11:54:06.000000Z\",\"updated_at\":\"2022-04-22T11:54:06.000000Z\"}]', '[]', '[]', '[{\"id\":33,\"employee_id\":38,\"deduction_option\":17,\"title\":\"deafult\",\"amount\":8400,\"created_by\":1,\"created_at\":\"2022-04-22T11:54:37.000000Z\",\"updated_at\":\"2022-04-22T11:54:37.000000Z\"}]', '[]', '[]', 1, '2022-04-23 01:48:25', '2022-04-23 01:48:25'),
(8, 39, 84160, '2022-01', 0, 66000, '[{\"id\":27,\"employee_id\":39,\"allowance_option\":4,\"title\":\"deafult\",\"amount\":5620,\"created_by\":1,\"created_at\":\"2022-04-22T11:57:02.000000Z\",\"updated_at\":\"2022-04-22T11:57:02.000000Z\"},{\"id\":28,\"employee_id\":39,\"allowance_option\":13,\"title\":\"deafult\",\"amount\":20460,\"created_by\":1,\"created_at\":\"2022-04-22T11:57:21.000000Z\",\"updated_at\":\"2022-04-22T11:57:21.000000Z\"}]', '[]', '[]', '[{\"id\":34,\"employee_id\":39,\"deduction_option\":17,\"title\":\"deafult\",\"amount\":7920,\"created_by\":1,\"created_at\":\"2022-04-22T11:57:56.000000Z\",\"updated_at\":\"2022-04-22T11:57:56.000000Z\"}]', '[]', '[]', 1, '2022-04-23 01:48:25', '2022-04-23 01:48:25'),
(9, 40, 41038, '2022-01', 0, 52000, '[{\"id\":24,\"employee_id\":40,\"allowance_option\":13,\"title\":\"deafult\",\"amount\":16120,\"created_by\":1,\"created_at\":\"2022-04-22T10:33:00.000000Z\",\"updated_at\":\"2022-04-22T10:33:00.000000Z\"}]', '[]', '[]', '[{\"id\":28,\"employee_id\":40,\"deduction_option\":26,\"title\":\"deafult\",\"amount\":6812,\"created_by\":1,\"created_at\":\"2022-04-22T10:38:43.000000Z\",\"updated_at\":\"2022-04-22T10:38:43.000000Z\"},{\"id\":29,\"employee_id\":40,\"deduction_option\":23,\"title\":\"deafult\",\"amount\":696,\"created_by\":1,\"created_at\":\"2022-04-22T10:40:28.000000Z\",\"updated_at\":\"2022-04-22T10:40:28.000000Z\"},{\"id\":30,\"employee_id\":40,\"deduction_option\":1,\"title\":\"deafult\",\"amount\":19574,\"created_by\":1,\"created_at\":\"2022-04-22T11:14:49.000000Z\",\"updated_at\":\"2022-04-22T11:14:49.000000Z\"}]', '[]', '[]', 1, '2022-04-23 01:48:26', '2022-04-23 01:48:26'),
(10, 41, 66828, '2022-01', 0, 52000, '[{\"id\":29,\"employee_id\":41,\"allowance_option\":4,\"title\":\"deafult\",\"amount\":5520,\"created_by\":1,\"created_at\":\"2022-04-22T12:01:55.000000Z\",\"updated_at\":\"2022-04-22T12:01:55.000000Z\"},{\"id\":30,\"employee_id\":41,\"allowance_option\":13,\"title\":\"deafult\",\"amount\":16120,\"created_by\":1,\"created_at\":\"2022-04-22T12:02:37.000000Z\",\"updated_at\":\"2022-04-22T12:02:37.000000Z\"}]', '[]', '[]', '[{\"id\":35,\"employee_id\":41,\"deduction_option\":26,\"title\":\"deafult\",\"amount\":6812,\"created_by\":1,\"created_at\":\"2022-04-22T12:03:10.000000Z\",\"updated_at\":\"2022-04-22T12:03:10.000000Z\"}]', '[]', '[]', 1, '2022-04-23 01:48:26', '2022-04-23 01:48:26'),
(11, 42, 47254, '2022-01', 0, 52000, '[{\"id\":31,\"employee_id\":42,\"allowance_option\":4,\"title\":\"deafult\",\"amount\":5520,\"created_by\":1,\"created_at\":\"2022-04-22T12:04:39.000000Z\",\"updated_at\":\"2022-04-22T12:04:39.000000Z\"},{\"id\":32,\"employee_id\":42,\"allowance_option\":13,\"title\":\"deafult\",\"amount\":16120,\"created_by\":1,\"created_at\":\"2022-04-22T12:05:17.000000Z\",\"updated_at\":\"2022-04-22T12:05:17.000000Z\"}]', '[]', '[]', '[{\"id\":36,\"employee_id\":42,\"deduction_option\":26,\"title\":\"deafult\",\"amount\":6812,\"created_by\":1,\"created_at\":\"2022-04-22T12:06:29.000000Z\",\"updated_at\":\"2022-04-22T12:06:29.000000Z\"},{\"id\":37,\"employee_id\":42,\"deduction_option\":27,\"title\":\"deafult\",\"amount\":19574,\"created_by\":1,\"created_at\":\"2022-04-22T12:07:18.000000Z\",\"updated_at\":\"2022-04-22T12:07:18.000000Z\"}]', '[]', '[]', 1, '2022-04-23 01:48:26', '2022-04-23 01:48:26'),
(12, 43, 42810, '2022-01', 0, 49000, '[{\"id\":33,\"employee_id\":43,\"allowance_option\":4,\"title\":\"deafult\",\"amount\":4040,\"created_by\":1,\"created_at\":\"2022-04-22T12:10:01.000000Z\",\"updated_at\":\"2022-04-22T12:10:01.000000Z\"},{\"id\":34,\"employee_id\":43,\"allowance_option\":13,\"title\":\"deafult\",\"amount\":15190,\"created_by\":1,\"created_at\":\"2022-04-22T12:10:33.000000Z\",\"updated_at\":\"2022-04-22T12:10:33.000000Z\"}]', '[]', '[]', '[{\"id\":39,\"employee_id\":43,\"deduction_option\":26,\"title\":\"deafult\",\"amount\":6419,\"created_by\":1,\"created_at\":\"2022-04-22T12:11:03.000000Z\",\"updated_at\":\"2022-04-22T12:11:03.000000Z\"},{\"id\":40,\"employee_id\":43,\"deduction_option\":27,\"title\":\"deafult\",\"amount\":19001,\"created_by\":1,\"created_at\":\"2022-04-22T12:11:27.000000Z\",\"updated_at\":\"2022-04-22T12:11:27.000000Z\"}]', '[]', '[]', 1, '2022-04-23 01:48:26', '2022-04-23 01:48:26'),
(13, 44, 42810, '2022-01', 0, 49000, '[{\"id\":35,\"employee_id\":44,\"allowance_option\":4,\"title\":\"deafult\",\"amount\":4040,\"created_by\":1,\"created_at\":\"2022-04-22T12:14:04.000000Z\",\"updated_at\":\"2022-04-22T12:14:04.000000Z\"},{\"id\":36,\"employee_id\":44,\"allowance_option\":13,\"title\":\"deafult\",\"amount\":15190,\"created_by\":1,\"created_at\":\"2022-04-22T12:14:22.000000Z\",\"updated_at\":\"2022-04-22T12:14:22.000000Z\"}]', '[]', '[]', '[{\"id\":41,\"employee_id\":44,\"deduction_option\":26,\"title\":\"deafult\",\"amount\":6419,\"created_by\":1,\"created_at\":\"2022-04-22T12:14:40.000000Z\",\"updated_at\":\"2022-04-22T12:14:40.000000Z\"},{\"id\":42,\"employee_id\":44,\"deduction_option\":27,\"title\":\"deafult\",\"amount\":19001,\"created_by\":1,\"created_at\":\"2022-04-22T12:15:18.000000Z\",\"updated_at\":\"2022-04-22T12:15:18.000000Z\"}]', '[]', '[]', 1, '2022-04-23 01:48:26', '2022-04-23 01:48:26'),
(14, 45, 47254, '2022-01', 0, 52000, '[{\"id\":37,\"employee_id\":45,\"allowance_option\":17,\"title\":\"deafult\",\"amount\":5520,\"created_by\":1,\"created_at\":\"2022-04-22T12:16:13.000000Z\",\"updated_at\":\"2022-04-22T12:16:13.000000Z\"},{\"id\":38,\"employee_id\":45,\"allowance_option\":13,\"title\":\"deafult\",\"amount\":16120,\"created_by\":1,\"created_at\":\"2022-04-22T12:16:27.000000Z\",\"updated_at\":\"2022-04-22T12:16:27.000000Z\"}]', '[]', '[]', '[{\"id\":43,\"employee_id\":45,\"deduction_option\":26,\"title\":\"deafult\",\"amount\":6812,\"created_by\":1,\"created_at\":\"2022-04-22T12:16:52.000000Z\",\"updated_at\":\"2022-04-22T12:16:52.000000Z\"},{\"id\":44,\"employee_id\":45,\"deduction_option\":27,\"title\":\"deafult\",\"amount\":19574,\"created_by\":1,\"created_at\":\"2022-04-22T12:17:13.000000Z\",\"updated_at\":\"2022-04-22T12:17:13.000000Z\"}]', '[]', '[]', 1, '2022-04-23 01:48:26', '2022-04-23 01:48:26'),
(15, 46, 42810, '2022-01', 0, 49000, '[{\"id\":39,\"employee_id\":46,\"allowance_option\":4,\"title\":\"deafult\",\"amount\":4040,\"created_by\":1,\"created_at\":\"2022-04-22T12:24:08.000000Z\",\"updated_at\":\"2022-04-22T12:24:08.000000Z\"},{\"id\":40,\"employee_id\":46,\"allowance_option\":13,\"title\":\"deafult\",\"amount\":15190,\"created_by\":1,\"created_at\":\"2022-04-22T12:24:25.000000Z\",\"updated_at\":\"2022-04-22T12:24:25.000000Z\"}]', '[]', '[]', '[{\"id\":45,\"employee_id\":46,\"deduction_option\":26,\"title\":\"deafult\",\"amount\":6419,\"created_by\":1,\"created_at\":\"2022-04-22T12:25:05.000000Z\",\"updated_at\":\"2022-04-22T12:25:05.000000Z\"},{\"id\":46,\"employee_id\":46,\"deduction_option\":27,\"title\":\"deafult\",\"amount\":19001,\"created_by\":1,\"created_at\":\"2022-04-22T12:25:20.000000Z\",\"updated_at\":\"2022-04-22T12:25:20.000000Z\"}]', '[]', '[]', 1, '2022-04-23 01:48:26', '2022-04-23 01:48:26'),
(16, 50, 80626, '2022-01', 0, 73200, '[{\"id\":41,\"employee_id\":50,\"allowance_option\":13,\"title\":\"deafult\",\"amount\":20496,\"created_by\":1,\"created_at\":\"2022-04-23T06:39:46.000000Z\",\"updated_at\":\"2022-04-23T06:39:46.000000Z\"},{\"id\":42,\"employee_id\":50,\"allowance_option\":4,\"title\":\"deafult\",\"amount\":6300,\"created_by\":1,\"created_at\":\"2022-04-23T06:40:00.000000Z\",\"updated_at\":\"2022-04-23T06:40:00.000000Z\"}]', '[]', '[]', '[{\"id\":47,\"employee_id\":50,\"deduction_option\":1,\"title\":\"deafult\",\"amount\":10000,\"created_by\":1,\"created_at\":\"2022-04-23T06:40:14.000000Z\",\"updated_at\":\"2022-04-23T06:40:14.000000Z\"},{\"id\":48,\"employee_id\":50,\"deduction_option\":25,\"title\":\"deafult\",\"amount\":9370,\"created_by\":1,\"created_at\":\"2022-04-23T06:41:03.000000Z\",\"updated_at\":\"2022-04-23T06:41:03.000000Z\"}]', '[]', '[]', 1, '2022-04-23 01:48:26', '2022-04-23 01:48:26'),
(17, 51, 124364, '2022-01', 0, 112400, '[{\"id\":44,\"employee_id\":51,\"allowance_option\":13,\"title\":\"deafult\",\"amount\":31472,\"created_by\":1,\"created_at\":\"2022-04-23T07:15:49.000000Z\",\"updated_at\":\"2022-04-23T07:15:49.000000Z\"},{\"id\":45,\"employee_id\":51,\"allowance_option\":4,\"title\":\"deafult\",\"amount\":8980,\"created_by\":1,\"created_at\":\"2022-04-23T07:16:08.000000Z\",\"updated_at\":\"2022-04-23T07:16:08.000000Z\"}]', '[]', '[]', '[{\"id\":54,\"employee_id\":51,\"deduction_option\":1,\"title\":\"deafult\",\"amount\":15000,\"created_by\":1,\"created_at\":\"2022-04-23T07:16:28.000000Z\",\"updated_at\":\"2022-04-23T07:16:28.000000Z\"},{\"id\":55,\"employee_id\":51,\"deduction_option\":14,\"title\":\"deafult\",\"amount\":13488,\"created_by\":1,\"created_at\":\"2022-04-23T07:17:29.000000Z\",\"updated_at\":\"2022-04-23T07:17:29.000000Z\"}]', '[]', '[]', 1, '2022-04-23 01:48:26', '2022-04-23 01:48:26'),
(18, 20, 39406, '2022-03', 2, 31100, '[{\"id\":6,\"employee_id\":20,\"allowance_option\":13,\"title\":\"deafult\",\"amount\":8707,\"created_by\":1,\"created_at\":\"2022-03-22T14:40:13.000000Z\",\"updated_at\":\"2022-03-24T07:25:23.000000Z\"},{\"id\":7,\"employee_id\":20,\"allowance_option\":4,\"title\":\"done\",\"amount\":2320,\"created_by\":1,\"created_at\":\"2022-03-22T14:40:58.000000Z\",\"updated_at\":\"2022-03-22T14:40:58.000000Z\"},{\"id\":21,\"employee_id\":20,\"allowance_option\":1,\"title\":\"deafult\",\"amount\":3560,\"created_by\":1,\"created_at\":\"2022-04-06T06:47:51.000000Z\",\"updated_at\":\"2022-04-06T06:47:51.000000Z\"}]', '[]', '[]', '[{\"id\":11,\"employee_id\":20,\"deduction_option\":25,\"title\":\"deafult\",\"amount\":3981,\"created_by\":1,\"created_at\":\"2022-03-22T14:42:35.000000Z\",\"updated_at\":\"2022-03-24T04:01:30.000000Z\"},{\"id\":27,\"employee_id\":20,\"deduction_option\":1,\"title\":\"deafult\",\"amount\":2300,\"created_by\":1,\"created_at\":\"2022-04-06T06:48:30.000000Z\",\"updated_at\":\"2022-04-06T06:48:30.000000Z\"}]', '[]', '[]', 1, '2022-04-23 01:51:09', '2022-04-23 01:57:33'),
(19, 21, 35378, '2022-03', 2, 28800, '[{\"id\":11,\"employee_id\":21,\"allowance_option\":13,\"title\":\"deafult\",\"amount\":8064,\"created_by\":1,\"created_at\":\"2022-03-24T04:06:07.000000Z\",\"updated_at\":\"2022-03-24T04:06:07.000000Z\"},{\"id\":12,\"employee_id\":21,\"allowance_option\":4,\"title\":\"deafult\",\"amount\":2200,\"created_by\":1,\"created_at\":\"2022-03-24T04:06:18.000000Z\",\"updated_at\":\"2022-03-24T04:06:18.000000Z\"}]', '[]', '[]', '[{\"id\":15,\"employee_id\":21,\"deduction_option\":25,\"title\":\"deafult\",\"amount\":3686,\"created_by\":1,\"created_at\":\"2022-03-24T04:06:42.000000Z\",\"updated_at\":\"2022-03-24T04:06:42.000000Z\"}]', '[]', '[]', 1, '2022-04-23 01:51:09', '2022-04-23 01:57:45'),
(20, 22, 28969, '2022-03', 2, 34000, '[{\"id\":9,\"employee_id\":22,\"allowance_option\":13,\"title\":\"deafult\",\"amount\":9520,\"created_by\":1,\"created_at\":\"2022-03-24T04:02:45.000000Z\",\"updated_at\":\"2022-03-24T04:02:45.000000Z\"},{\"id\":10,\"employee_id\":22,\"allowance_option\":4,\"title\":\"deafult\",\"amount\":2320,\"created_by\":1,\"created_at\":\"2022-03-24T04:03:01.000000Z\",\"updated_at\":\"2022-03-24T04:03:01.000000Z\"}]', '[]', '[]', '[{\"id\":12,\"employee_id\":22,\"deduction_option\":18,\"title\":\"deafult\",\"amount\":4080,\"created_by\":1,\"created_at\":\"2022-03-24T04:03:59.000000Z\",\"updated_at\":\"2022-03-24T04:03:59.000000Z\"},{\"id\":13,\"employee_id\":22,\"deduction_option\":21,\"title\":\"deafult\",\"amount\":5291,\"created_by\":1,\"created_at\":\"2022-03-24T04:04:18.000000Z\",\"updated_at\":\"2022-03-24T04:04:18.000000Z\"},{\"id\":14,\"employee_id\":22,\"deduction_option\":14,\"title\":\"deafult\",\"amount\":7500,\"created_by\":1,\"created_at\":\"2022-03-24T04:05:07.000000Z\",\"updated_at\":\"2022-03-24T04:05:07.000000Z\"}]', '[]', '[]', 1, '2022-04-23 01:51:09', '2022-04-23 01:59:05'),
(21, 23, 35378, '2022-03', 2, 28800, '[{\"id\":15,\"employee_id\":23,\"allowance_option\":13,\"title\":\"deafult\",\"amount\":8064,\"created_by\":1,\"created_at\":\"2022-03-24T04:15:40.000000Z\",\"updated_at\":\"2022-03-24T04:15:40.000000Z\"},{\"id\":16,\"employee_id\":23,\"allowance_option\":4,\"title\":\"deafult\",\"amount\":2200,\"created_by\":1,\"created_at\":\"2022-03-24T04:15:53.000000Z\",\"updated_at\":\"2022-03-24T04:15:53.000000Z\"}]', '[]', '[]', '[{\"id\":24,\"employee_id\":23,\"deduction_option\":25,\"title\":\"deafult\",\"amount\":3686,\"created_by\":1,\"created_at\":\"2022-03-24T04:16:06.000000Z\",\"updated_at\":\"2022-03-24T04:16:06.000000Z\"}]', '[]', '[]', 1, '2022-04-23 01:51:09', '2022-04-24 10:37:38'),
(22, 29, 49000, '2022-03', 0, 45000, '[{\"id\":19,\"employee_id\":29,\"allowance_option\":3,\"title\":\"deafult\",\"amount\":3000,\"created_by\":1,\"created_at\":\"2022-04-01T11:11:33.000000Z\",\"updated_at\":\"2022-04-01T11:11:33.000000Z\"},{\"id\":20,\"employee_id\":29,\"allowance_option\":4,\"title\":\"deafult\",\"amount\":3000,\"created_by\":1,\"created_at\":\"2022-04-01T11:11:48.000000Z\",\"updated_at\":\"2022-04-01T11:11:48.000000Z\"}]', '[]', '[]', '[{\"id\":26,\"employee_id\":29,\"deduction_option\":1,\"title\":\"deafult\",\"amount\":2000,\"created_by\":1,\"created_at\":\"2022-04-01T11:12:05.000000Z\",\"updated_at\":\"2022-04-01T11:12:05.000000Z\"}]', '[]', '[]', 1, '2022-04-23 01:51:09', '2022-04-23 01:51:09'),
(23, 37, 105687, '2022-03', 1, 83300, '[{\"id\":22,\"employee_id\":37,\"allowance_option\":4,\"title\":\"deafult\",\"amount\":7560,\"created_by\":1,\"created_at\":\"2022-04-22T10:28:00.000000Z\",\"updated_at\":\"2022-04-22T10:28:00.000000Z\"},{\"id\":23,\"employee_id\":37,\"allowance_option\":13,\"title\":\"deafult\",\"amount\":25823,\"created_by\":1,\"created_at\":\"2022-04-22T10:28:30.000000Z\",\"updated_at\":\"2022-04-22T10:28:30.000000Z\"}]', '[]', '[]', '[{\"id\":31,\"employee_id\":37,\"deduction_option\":17,\"title\":\"deafult\",\"amount\":9996,\"created_by\":1,\"created_at\":\"2022-04-22T11:50:14.000000Z\",\"updated_at\":\"2022-04-22T11:50:14.000000Z\"},{\"id\":32,\"employee_id\":37,\"deduction_option\":28,\"title\":\"deafult\",\"amount\":1000,\"created_by\":1,\"created_at\":\"2022-04-22T11:52:01.000000Z\",\"updated_at\":\"2022-04-22T11:52:01.000000Z\"}]', '[]', '[]', 1, '2022-04-23 01:51:10', '2022-04-24 10:36:34'),
(24, 38, 88920, '2022-03', 1, 70000, '[{\"id\":25,\"employee_id\":38,\"allowance_option\":4,\"title\":\"deafult\",\"amount\":5620,\"created_by\":1,\"created_at\":\"2022-04-22T11:53:40.000000Z\",\"updated_at\":\"2022-04-22T11:53:40.000000Z\"},{\"id\":26,\"employee_id\":38,\"allowance_option\":13,\"title\":\"deafult\",\"amount\":21700,\"created_by\":1,\"created_at\":\"2022-04-22T11:54:06.000000Z\",\"updated_at\":\"2022-04-22T11:54:06.000000Z\"}]', '[]', '[]', '[{\"id\":33,\"employee_id\":38,\"deduction_option\":17,\"title\":\"deafult\",\"amount\":8400,\"created_by\":1,\"created_at\":\"2022-04-22T11:54:37.000000Z\",\"updated_at\":\"2022-04-22T11:54:37.000000Z\"}]', '[]', '[]', 1, '2022-04-23 01:51:10', '2022-04-23 02:04:06'),
(25, 39, 84160, '2022-03', 1, 66000, '[{\"id\":27,\"employee_id\":39,\"allowance_option\":4,\"title\":\"deafult\",\"amount\":5620,\"created_by\":1,\"created_at\":\"2022-04-22T11:57:02.000000Z\",\"updated_at\":\"2022-04-22T11:57:02.000000Z\"},{\"id\":28,\"employee_id\":39,\"allowance_option\":13,\"title\":\"deafult\",\"amount\":20460,\"created_by\":1,\"created_at\":\"2022-04-22T11:57:21.000000Z\",\"updated_at\":\"2022-04-22T11:57:21.000000Z\"}]', '[]', '[]', '[{\"id\":34,\"employee_id\":39,\"deduction_option\":17,\"title\":\"deafult\",\"amount\":7920,\"created_by\":1,\"created_at\":\"2022-04-22T11:57:56.000000Z\",\"updated_at\":\"2022-04-22T11:57:56.000000Z\"}]', '[]', '[]', 1, '2022-04-23 01:51:10', '2022-04-24 10:39:07'),
(26, 40, 41038, '2022-03', 1, 52000, '[{\"id\":24,\"employee_id\":40,\"allowance_option\":13,\"title\":\"deafult\",\"amount\":16120,\"created_by\":1,\"created_at\":\"2022-04-22T10:33:00.000000Z\",\"updated_at\":\"2022-04-22T10:33:00.000000Z\"}]', '[]', '[]', '[{\"id\":28,\"employee_id\":40,\"deduction_option\":26,\"title\":\"deafult\",\"amount\":6812,\"created_by\":1,\"created_at\":\"2022-04-22T10:38:43.000000Z\",\"updated_at\":\"2022-04-22T10:38:43.000000Z\"},{\"id\":29,\"employee_id\":40,\"deduction_option\":23,\"title\":\"deafult\",\"amount\":696,\"created_by\":1,\"created_at\":\"2022-04-22T10:40:28.000000Z\",\"updated_at\":\"2022-04-22T10:40:28.000000Z\"},{\"id\":30,\"employee_id\":40,\"deduction_option\":1,\"title\":\"deafult\",\"amount\":19574,\"created_by\":1,\"created_at\":\"2022-04-22T11:14:49.000000Z\",\"updated_at\":\"2022-04-22T11:14:49.000000Z\"}]', '[]', '[]', 1, '2022-04-23 01:51:10', '2022-04-24 10:39:15'),
(27, 41, 66828, '2022-03', 1, 52000, '[{\"id\":29,\"employee_id\":41,\"allowance_option\":4,\"title\":\"deafult\",\"amount\":5520,\"created_by\":1,\"created_at\":\"2022-04-22T12:01:55.000000Z\",\"updated_at\":\"2022-04-22T12:01:55.000000Z\"},{\"id\":30,\"employee_id\":41,\"allowance_option\":13,\"title\":\"deafult\",\"amount\":16120,\"created_by\":1,\"created_at\":\"2022-04-22T12:02:37.000000Z\",\"updated_at\":\"2022-04-22T12:02:37.000000Z\"}]', '[]', '[]', '[{\"id\":35,\"employee_id\":41,\"deduction_option\":26,\"title\":\"deafult\",\"amount\":6812,\"created_by\":1,\"created_at\":\"2022-04-22T12:03:10.000000Z\",\"updated_at\":\"2022-04-22T12:03:10.000000Z\"}]', '[]', '[]', 1, '2022-04-23 01:51:10', '2022-04-23 02:04:18'),
(28, 42, 47254, '2022-03', 1, 52000, '[{\"id\":31,\"employee_id\":42,\"allowance_option\":4,\"title\":\"deafult\",\"amount\":5520,\"created_by\":1,\"created_at\":\"2022-04-22T12:04:39.000000Z\",\"updated_at\":\"2022-04-22T12:04:39.000000Z\"},{\"id\":32,\"employee_id\":42,\"allowance_option\":13,\"title\":\"deafult\",\"amount\":16120,\"created_by\":1,\"created_at\":\"2022-04-22T12:05:17.000000Z\",\"updated_at\":\"2022-04-22T12:05:17.000000Z\"}]', '[]', '[]', '[{\"id\":36,\"employee_id\":42,\"deduction_option\":26,\"title\":\"deafult\",\"amount\":6812,\"created_by\":1,\"created_at\":\"2022-04-22T12:06:29.000000Z\",\"updated_at\":\"2022-04-22T12:06:29.000000Z\"},{\"id\":37,\"employee_id\":42,\"deduction_option\":27,\"title\":\"deafult\",\"amount\":19574,\"created_by\":1,\"created_at\":\"2022-04-22T12:07:18.000000Z\",\"updated_at\":\"2022-04-22T12:07:18.000000Z\"}]', '[]', '[]', 1, '2022-04-23 01:51:10', '2022-04-23 02:04:43'),
(29, 43, 42810, '2022-03', 1, 49000, '[{\"id\":33,\"employee_id\":43,\"allowance_option\":4,\"title\":\"deafult\",\"amount\":4040,\"created_by\":1,\"created_at\":\"2022-04-22T12:10:01.000000Z\",\"updated_at\":\"2022-04-22T12:10:01.000000Z\"},{\"id\":34,\"employee_id\":43,\"allowance_option\":13,\"title\":\"deafult\",\"amount\":15190,\"created_by\":1,\"created_at\":\"2022-04-22T12:10:33.000000Z\",\"updated_at\":\"2022-04-22T12:10:33.000000Z\"}]', '[]', '[]', '[{\"id\":39,\"employee_id\":43,\"deduction_option\":26,\"title\":\"deafult\",\"amount\":6419,\"created_by\":1,\"created_at\":\"2022-04-22T12:11:03.000000Z\",\"updated_at\":\"2022-04-22T12:11:03.000000Z\"},{\"id\":40,\"employee_id\":43,\"deduction_option\":27,\"title\":\"deafult\",\"amount\":19001,\"created_by\":1,\"created_at\":\"2022-04-22T12:11:27.000000Z\",\"updated_at\":\"2022-04-22T12:11:27.000000Z\"}]', '[]', '[]', 1, '2022-04-23 01:51:10', '2022-04-24 10:36:44'),
(30, 44, 42810, '2022-03', 1, 49000, '[{\"id\":35,\"employee_id\":44,\"allowance_option\":4,\"title\":\"deafult\",\"amount\":4040,\"created_by\":1,\"created_at\":\"2022-04-22T12:14:04.000000Z\",\"updated_at\":\"2022-04-22T12:14:04.000000Z\"},{\"id\":36,\"employee_id\":44,\"allowance_option\":13,\"title\":\"deafult\",\"amount\":15190,\"created_by\":1,\"created_at\":\"2022-04-22T12:14:22.000000Z\",\"updated_at\":\"2022-04-22T12:14:22.000000Z\"}]', '[]', '[]', '[{\"id\":41,\"employee_id\":44,\"deduction_option\":26,\"title\":\"deafult\",\"amount\":6419,\"created_by\":1,\"created_at\":\"2022-04-22T12:14:40.000000Z\",\"updated_at\":\"2022-04-22T12:14:40.000000Z\"},{\"id\":42,\"employee_id\":44,\"deduction_option\":27,\"title\":\"deafult\",\"amount\":19001,\"created_by\":1,\"created_at\":\"2022-04-22T12:15:18.000000Z\",\"updated_at\":\"2022-04-22T12:15:18.000000Z\"}]', '[]', '[]', 1, '2022-04-23 01:51:10', '2022-04-24 10:36:56'),
(31, 45, 47254, '2022-03', 1, 52000, '[{\"id\":37,\"employee_id\":45,\"allowance_option\":17,\"title\":\"deafult\",\"amount\":5520,\"created_by\":1,\"created_at\":\"2022-04-22T12:16:13.000000Z\",\"updated_at\":\"2022-04-22T12:16:13.000000Z\"},{\"id\":38,\"employee_id\":45,\"allowance_option\":13,\"title\":\"deafult\",\"amount\":16120,\"created_by\":1,\"created_at\":\"2022-04-22T12:16:27.000000Z\",\"updated_at\":\"2022-04-22T12:16:27.000000Z\"}]', '[]', '[]', '[{\"id\":43,\"employee_id\":45,\"deduction_option\":26,\"title\":\"deafult\",\"amount\":6812,\"created_by\":1,\"created_at\":\"2022-04-22T12:16:52.000000Z\",\"updated_at\":\"2022-04-22T12:16:52.000000Z\"},{\"id\":44,\"employee_id\":45,\"deduction_option\":27,\"title\":\"deafult\",\"amount\":19574,\"created_by\":1,\"created_at\":\"2022-04-22T12:17:13.000000Z\",\"updated_at\":\"2022-04-22T12:17:13.000000Z\"}]', '[]', '[]', 1, '2022-04-23 01:51:10', '2022-04-23 02:04:35'),
(32, 46, 42810, '2022-03', 1, 49000, '[{\"id\":39,\"employee_id\":46,\"allowance_option\":4,\"title\":\"deafult\",\"amount\":4040,\"created_by\":1,\"created_at\":\"2022-04-22T12:24:08.000000Z\",\"updated_at\":\"2022-04-22T12:24:08.000000Z\"},{\"id\":40,\"employee_id\":46,\"allowance_option\":13,\"title\":\"deafult\",\"amount\":15190,\"created_by\":1,\"created_at\":\"2022-04-22T12:24:25.000000Z\",\"updated_at\":\"2022-04-22T12:24:25.000000Z\"}]', '[]', '[]', '[{\"id\":45,\"employee_id\":46,\"deduction_option\":26,\"title\":\"deafult\",\"amount\":6419,\"created_by\":1,\"created_at\":\"2022-04-22T12:25:05.000000Z\",\"updated_at\":\"2022-04-22T12:25:05.000000Z\"},{\"id\":46,\"employee_id\":46,\"deduction_option\":27,\"title\":\"deafult\",\"amount\":19001,\"created_by\":1,\"created_at\":\"2022-04-22T12:25:20.000000Z\",\"updated_at\":\"2022-04-22T12:25:20.000000Z\"}]', '[]', '[]', 1, '2022-04-23 01:51:10', '2022-04-23 02:04:26'),
(33, 50, 80626, '2022-03', 0, 73200, '[{\"id\":41,\"employee_id\":50,\"allowance_option\":13,\"title\":\"deafult\",\"amount\":20496,\"created_by\":1,\"created_at\":\"2022-04-23T06:39:46.000000Z\",\"updated_at\":\"2022-04-23T06:39:46.000000Z\"},{\"id\":42,\"employee_id\":50,\"allowance_option\":4,\"title\":\"deafult\",\"amount\":6300,\"created_by\":1,\"created_at\":\"2022-04-23T06:40:00.000000Z\",\"updated_at\":\"2022-04-23T06:40:00.000000Z\"}]', '[]', '[]', '[{\"id\":47,\"employee_id\":50,\"deduction_option\":1,\"title\":\"deafult\",\"amount\":10000,\"created_by\":1,\"created_at\":\"2022-04-23T06:40:14.000000Z\",\"updated_at\":\"2022-04-23T06:40:14.000000Z\"},{\"id\":48,\"employee_id\":50,\"deduction_option\":25,\"title\":\"deafult\",\"amount\":9370,\"created_by\":1,\"created_at\":\"2022-04-23T06:41:03.000000Z\",\"updated_at\":\"2022-04-23T06:41:03.000000Z\"}]', '[]', '[]', 1, '2022-04-23 01:51:10', '2022-04-23 01:51:10'),
(34, 51, 124364, '2022-03', 0, 112400, '[{\"id\":44,\"employee_id\":51,\"allowance_option\":13,\"title\":\"deafult\",\"amount\":31472,\"created_by\":1,\"created_at\":\"2022-04-23T07:15:49.000000Z\",\"updated_at\":\"2022-04-23T07:15:49.000000Z\"},{\"id\":45,\"employee_id\":51,\"allowance_option\":4,\"title\":\"deafult\",\"amount\":8980,\"created_by\":1,\"created_at\":\"2022-04-23T07:16:08.000000Z\",\"updated_at\":\"2022-04-23T07:16:08.000000Z\"}]', '[]', '[]', '[{\"id\":54,\"employee_id\":51,\"deduction_option\":1,\"title\":\"deafult\",\"amount\":15000,\"created_by\":1,\"created_at\":\"2022-04-23T07:16:28.000000Z\",\"updated_at\":\"2022-04-23T07:16:28.000000Z\"},{\"id\":55,\"employee_id\":51,\"deduction_option\":14,\"title\":\"deafult\",\"amount\":13488,\"created_by\":1,\"created_at\":\"2022-04-23T07:17:29.000000Z\",\"updated_at\":\"2022-04-23T07:17:29.000000Z\"}]', '[]', '[]', 1, '2022-04-23 01:51:10', '2022-04-23 01:51:10'),
(35, 20, 39406, '2022-02', 0, 31100, '[{\"id\":6,\"employee_id\":20,\"allowance_option\":13,\"title\":\"deafult\",\"amount\":8707,\"created_by\":1,\"created_at\":\"2022-03-22T14:40:13.000000Z\",\"updated_at\":\"2022-03-24T07:25:23.000000Z\"},{\"id\":7,\"employee_id\":20,\"allowance_option\":4,\"title\":\"done\",\"amount\":2320,\"created_by\":1,\"created_at\":\"2022-03-22T14:40:58.000000Z\",\"updated_at\":\"2022-03-22T14:40:58.000000Z\"},{\"id\":21,\"employee_id\":20,\"allowance_option\":1,\"title\":\"deafult\",\"amount\":3560,\"created_by\":1,\"created_at\":\"2022-04-06T06:47:51.000000Z\",\"updated_at\":\"2022-04-06T06:47:51.000000Z\"}]', '[]', '[]', '[{\"id\":11,\"employee_id\":20,\"deduction_option\":25,\"title\":\"deafult\",\"amount\":3981,\"created_by\":1,\"created_at\":\"2022-03-22T14:42:35.000000Z\",\"updated_at\":\"2022-03-24T04:01:30.000000Z\"},{\"id\":27,\"employee_id\":20,\"deduction_option\":1,\"title\":\"deafult\",\"amount\":2300,\"created_by\":1,\"created_at\":\"2022-04-06T06:48:30.000000Z\",\"updated_at\":\"2022-04-06T06:48:30.000000Z\"}]', '[]', '[]', 1, '2022-04-28 08:51:09', '2022-04-28 08:51:09'),
(36, 21, 35378, '2022-02', 0, 28800, '[{\"id\":11,\"employee_id\":21,\"allowance_option\":13,\"title\":\"deafult\",\"amount\":8064,\"created_by\":1,\"created_at\":\"2022-03-24T04:06:07.000000Z\",\"updated_at\":\"2022-03-24T04:06:07.000000Z\"},{\"id\":12,\"employee_id\":21,\"allowance_option\":4,\"title\":\"deafult\",\"amount\":2200,\"created_by\":1,\"created_at\":\"2022-03-24T04:06:18.000000Z\",\"updated_at\":\"2022-03-24T04:06:18.000000Z\"}]', '[]', '[]', '[{\"id\":15,\"employee_id\":21,\"deduction_option\":25,\"title\":\"deafult\",\"amount\":3686,\"created_by\":1,\"created_at\":\"2022-03-24T04:06:42.000000Z\",\"updated_at\":\"2022-03-24T04:06:42.000000Z\"}]', '[]', '[]', 1, '2022-04-28 08:51:09', '2022-04-28 08:51:09'),
(37, 22, 28969, '2022-02', 0, 34000, '[{\"id\":9,\"employee_id\":22,\"allowance_option\":13,\"title\":\"deafult\",\"amount\":9520,\"created_by\":1,\"created_at\":\"2022-03-24T04:02:45.000000Z\",\"updated_at\":\"2022-03-24T04:02:45.000000Z\"},{\"id\":10,\"employee_id\":22,\"allowance_option\":4,\"title\":\"deafult\",\"amount\":2320,\"created_by\":1,\"created_at\":\"2022-03-24T04:03:01.000000Z\",\"updated_at\":\"2022-03-24T04:03:01.000000Z\"}]', '[]', '[]', '[{\"id\":12,\"employee_id\":22,\"deduction_option\":18,\"title\":\"deafult\",\"amount\":4080,\"created_by\":1,\"created_at\":\"2022-03-24T04:03:59.000000Z\",\"updated_at\":\"2022-03-24T04:03:59.000000Z\"},{\"id\":13,\"employee_id\":22,\"deduction_option\":21,\"title\":\"deafult\",\"amount\":5291,\"created_by\":1,\"created_at\":\"2022-03-24T04:04:18.000000Z\",\"updated_at\":\"2022-03-24T04:04:18.000000Z\"},{\"id\":14,\"employee_id\":22,\"deduction_option\":14,\"title\":\"deafult\",\"amount\":7500,\"created_by\":1,\"created_at\":\"2022-03-24T04:05:07.000000Z\",\"updated_at\":\"2022-03-24T04:05:07.000000Z\"}]', '[]', '[]', 1, '2022-04-28 08:51:10', '2022-04-28 08:51:10'),
(38, 23, 35378, '2022-02', 0, 28800, '[{\"id\":15,\"employee_id\":23,\"allowance_option\":13,\"title\":\"deafult\",\"amount\":8064,\"created_by\":1,\"created_at\":\"2022-03-24T04:15:40.000000Z\",\"updated_at\":\"2022-03-24T04:15:40.000000Z\"},{\"id\":16,\"employee_id\":23,\"allowance_option\":4,\"title\":\"deafult\",\"amount\":2200,\"created_by\":1,\"created_at\":\"2022-03-24T04:15:53.000000Z\",\"updated_at\":\"2022-03-24T04:15:53.000000Z\"}]', '[]', '[]', '[{\"id\":24,\"employee_id\":23,\"deduction_option\":25,\"title\":\"deafult\",\"amount\":3686,\"created_by\":1,\"created_at\":\"2022-03-24T04:16:06.000000Z\",\"updated_at\":\"2022-03-24T04:16:06.000000Z\"}]', '[]', '[]', 1, '2022-04-28 08:51:10', '2022-04-28 08:51:10'),
(39, 37, 105687, '2022-02', 0, 83300, '[{\"id\":22,\"employee_id\":37,\"allowance_option\":4,\"title\":\"deafult\",\"amount\":7560,\"created_by\":1,\"created_at\":\"2022-04-22T10:28:00.000000Z\",\"updated_at\":\"2022-04-22T10:28:00.000000Z\"},{\"id\":23,\"employee_id\":37,\"allowance_option\":13,\"title\":\"deafult\",\"amount\":25823,\"created_by\":1,\"created_at\":\"2022-04-22T10:28:30.000000Z\",\"updated_at\":\"2022-04-22T10:28:30.000000Z\"}]', '[]', '[]', '[{\"id\":31,\"employee_id\":37,\"deduction_option\":17,\"title\":\"deafult\",\"amount\":9996,\"created_by\":1,\"created_at\":\"2022-04-22T11:50:14.000000Z\",\"updated_at\":\"2022-04-22T11:50:14.000000Z\"},{\"id\":32,\"employee_id\":37,\"deduction_option\":28,\"title\":\"deafult\",\"amount\":1000,\"created_by\":1,\"created_at\":\"2022-04-22T11:52:01.000000Z\",\"updated_at\":\"2022-04-22T11:52:01.000000Z\"}]', '[]', '[]', 1, '2022-04-28 08:51:10', '2022-04-28 08:51:10'),
(40, 38, 88920, '2022-02', 0, 70000, '[{\"id\":25,\"employee_id\":38,\"allowance_option\":4,\"title\":\"deafult\",\"amount\":5620,\"created_by\":1,\"created_at\":\"2022-04-22T11:53:40.000000Z\",\"updated_at\":\"2022-04-22T11:53:40.000000Z\"},{\"id\":26,\"employee_id\":38,\"allowance_option\":13,\"title\":\"deafult\",\"amount\":21700,\"created_by\":1,\"created_at\":\"2022-04-22T11:54:06.000000Z\",\"updated_at\":\"2022-04-22T11:54:06.000000Z\"}]', '[]', '[]', '[{\"id\":33,\"employee_id\":38,\"deduction_option\":17,\"title\":\"deafult\",\"amount\":8400,\"created_by\":1,\"created_at\":\"2022-04-22T11:54:37.000000Z\",\"updated_at\":\"2022-04-22T11:54:37.000000Z\"}]', '[]', '[]', 1, '2022-04-28 08:51:10', '2022-04-28 08:51:10'),
(41, 39, 84160, '2022-02', 0, 66000, '[{\"id\":27,\"employee_id\":39,\"allowance_option\":4,\"title\":\"deafult\",\"amount\":5620,\"created_by\":1,\"created_at\":\"2022-04-22T11:57:02.000000Z\",\"updated_at\":\"2022-04-22T11:57:02.000000Z\"},{\"id\":28,\"employee_id\":39,\"allowance_option\":13,\"title\":\"deafult\",\"amount\":20460,\"created_by\":1,\"created_at\":\"2022-04-22T11:57:21.000000Z\",\"updated_at\":\"2022-04-22T11:57:21.000000Z\"}]', '[]', '[]', '[{\"id\":34,\"employee_id\":39,\"deduction_option\":17,\"title\":\"deafult\",\"amount\":7920,\"created_by\":1,\"created_at\":\"2022-04-22T11:57:56.000000Z\",\"updated_at\":\"2022-04-22T11:57:56.000000Z\"}]', '[]', '[]', 1, '2022-04-28 08:51:10', '2022-04-28 08:51:10'),
(42, 40, 41038, '2022-02', 0, 52000, '[{\"id\":24,\"employee_id\":40,\"allowance_option\":13,\"title\":\"deafult\",\"amount\":16120,\"created_by\":1,\"created_at\":\"2022-04-22T10:33:00.000000Z\",\"updated_at\":\"2022-04-22T10:33:00.000000Z\"}]', '[]', '[]', '[{\"id\":28,\"employee_id\":40,\"deduction_option\":26,\"title\":\"deafult\",\"amount\":6812,\"created_by\":1,\"created_at\":\"2022-04-22T10:38:43.000000Z\",\"updated_at\":\"2022-04-22T10:38:43.000000Z\"},{\"id\":29,\"employee_id\":40,\"deduction_option\":23,\"title\":\"deafult\",\"amount\":696,\"created_by\":1,\"created_at\":\"2022-04-22T10:40:28.000000Z\",\"updated_at\":\"2022-04-22T10:40:28.000000Z\"},{\"id\":30,\"employee_id\":40,\"deduction_option\":1,\"title\":\"deafult\",\"amount\":19574,\"created_by\":1,\"created_at\":\"2022-04-22T11:14:49.000000Z\",\"updated_at\":\"2022-04-22T11:14:49.000000Z\"}]', '[]', '[]', 1, '2022-04-28 08:51:10', '2022-04-28 08:51:10'),
(43, 41, 66828, '2022-02', 0, 52000, '[{\"id\":29,\"employee_id\":41,\"allowance_option\":4,\"title\":\"deafult\",\"amount\":5520,\"created_by\":1,\"created_at\":\"2022-04-22T12:01:55.000000Z\",\"updated_at\":\"2022-04-22T12:01:55.000000Z\"},{\"id\":30,\"employee_id\":41,\"allowance_option\":13,\"title\":\"deafult\",\"amount\":16120,\"created_by\":1,\"created_at\":\"2022-04-22T12:02:37.000000Z\",\"updated_at\":\"2022-04-22T12:02:37.000000Z\"}]', '[]', '[]', '[{\"id\":35,\"employee_id\":41,\"deduction_option\":26,\"title\":\"deafult\",\"amount\":6812,\"created_by\":1,\"created_at\":\"2022-04-22T12:03:10.000000Z\",\"updated_at\":\"2022-04-22T12:03:10.000000Z\"}]', '[]', '[]', 1, '2022-04-28 08:51:10', '2022-04-28 08:51:10'),
(44, 42, 47254, '2022-02', 0, 52000, '[{\"id\":31,\"employee_id\":42,\"allowance_option\":4,\"title\":\"deafult\",\"amount\":5520,\"created_by\":1,\"created_at\":\"2022-04-22T12:04:39.000000Z\",\"updated_at\":\"2022-04-22T12:04:39.000000Z\"},{\"id\":32,\"employee_id\":42,\"allowance_option\":13,\"title\":\"deafult\",\"amount\":16120,\"created_by\":1,\"created_at\":\"2022-04-22T12:05:17.000000Z\",\"updated_at\":\"2022-04-22T12:05:17.000000Z\"}]', '[]', '[]', '[{\"id\":36,\"employee_id\":42,\"deduction_option\":26,\"title\":\"deafult\",\"amount\":6812,\"created_by\":1,\"created_at\":\"2022-04-22T12:06:29.000000Z\",\"updated_at\":\"2022-04-22T12:06:29.000000Z\"},{\"id\":37,\"employee_id\":42,\"deduction_option\":27,\"title\":\"deafult\",\"amount\":19574,\"created_by\":1,\"created_at\":\"2022-04-22T12:07:18.000000Z\",\"updated_at\":\"2022-04-22T12:07:18.000000Z\"}]', '[]', '[]', 1, '2022-04-28 08:51:10', '2022-04-28 08:51:10'),
(45, 43, 42810, '2022-02', 0, 49000, '[{\"id\":33,\"employee_id\":43,\"allowance_option\":4,\"title\":\"deafult\",\"amount\":4040,\"created_by\":1,\"created_at\":\"2022-04-22T12:10:01.000000Z\",\"updated_at\":\"2022-04-22T12:10:01.000000Z\"},{\"id\":34,\"employee_id\":43,\"allowance_option\":13,\"title\":\"deafult\",\"amount\":15190,\"created_by\":1,\"created_at\":\"2022-04-22T12:10:33.000000Z\",\"updated_at\":\"2022-04-22T12:10:33.000000Z\"}]', '[]', '[]', '[{\"id\":39,\"employee_id\":43,\"deduction_option\":26,\"title\":\"deafult\",\"amount\":6419,\"created_by\":1,\"created_at\":\"2022-04-22T12:11:03.000000Z\",\"updated_at\":\"2022-04-22T12:11:03.000000Z\"},{\"id\":40,\"employee_id\":43,\"deduction_option\":27,\"title\":\"deafult\",\"amount\":19001,\"created_by\":1,\"created_at\":\"2022-04-22T12:11:27.000000Z\",\"updated_at\":\"2022-04-22T12:11:27.000000Z\"}]', '[]', '[]', 1, '2022-04-28 08:51:10', '2022-04-28 08:51:10'),
(46, 44, 42810, '2022-02', 0, 49000, '[{\"id\":35,\"employee_id\":44,\"allowance_option\":4,\"title\":\"deafult\",\"amount\":4040,\"created_by\":1,\"created_at\":\"2022-04-22T12:14:04.000000Z\",\"updated_at\":\"2022-04-22T12:14:04.000000Z\"},{\"id\":36,\"employee_id\":44,\"allowance_option\":13,\"title\":\"deafult\",\"amount\":15190,\"created_by\":1,\"created_at\":\"2022-04-22T12:14:22.000000Z\",\"updated_at\":\"2022-04-22T12:14:22.000000Z\"}]', '[]', '[]', '[{\"id\":41,\"employee_id\":44,\"deduction_option\":26,\"title\":\"deafult\",\"amount\":6419,\"created_by\":1,\"created_at\":\"2022-04-22T12:14:40.000000Z\",\"updated_at\":\"2022-04-22T12:14:40.000000Z\"},{\"id\":42,\"employee_id\":44,\"deduction_option\":27,\"title\":\"deafult\",\"amount\":19001,\"created_by\":1,\"created_at\":\"2022-04-22T12:15:18.000000Z\",\"updated_at\":\"2022-04-22T12:15:18.000000Z\"}]', '[]', '[]', 1, '2022-04-28 08:51:10', '2022-04-28 08:51:10'),
(47, 45, 47254, '2022-02', 0, 52000, '[{\"id\":37,\"employee_id\":45,\"allowance_option\":17,\"title\":\"deafult\",\"amount\":5520,\"created_by\":1,\"created_at\":\"2022-04-22T12:16:13.000000Z\",\"updated_at\":\"2022-04-22T12:16:13.000000Z\"},{\"id\":38,\"employee_id\":45,\"allowance_option\":13,\"title\":\"deafult\",\"amount\":16120,\"created_by\":1,\"created_at\":\"2022-04-22T12:16:27.000000Z\",\"updated_at\":\"2022-04-22T12:16:27.000000Z\"}]', '[]', '[]', '[{\"id\":43,\"employee_id\":45,\"deduction_option\":26,\"title\":\"deafult\",\"amount\":6812,\"created_by\":1,\"created_at\":\"2022-04-22T12:16:52.000000Z\",\"updated_at\":\"2022-04-22T12:16:52.000000Z\"},{\"id\":44,\"employee_id\":45,\"deduction_option\":27,\"title\":\"deafult\",\"amount\":19574,\"created_by\":1,\"created_at\":\"2022-04-22T12:17:13.000000Z\",\"updated_at\":\"2022-04-22T12:17:13.000000Z\"}]', '[]', '[]', 1, '2022-04-28 08:51:10', '2022-04-28 08:51:10'),
(48, 46, 42810, '2022-02', 0, 49000, '[{\"id\":39,\"employee_id\":46,\"allowance_option\":4,\"title\":\"deafult\",\"amount\":4040,\"created_by\":1,\"created_at\":\"2022-04-22T12:24:08.000000Z\",\"updated_at\":\"2022-04-22T12:24:08.000000Z\"},{\"id\":40,\"employee_id\":46,\"allowance_option\":13,\"title\":\"deafult\",\"amount\":15190,\"created_by\":1,\"created_at\":\"2022-04-22T12:24:25.000000Z\",\"updated_at\":\"2022-04-22T12:24:25.000000Z\"}]', '[]', '[]', '[{\"id\":45,\"employee_id\":46,\"deduction_option\":26,\"title\":\"deafult\",\"amount\":6419,\"created_by\":1,\"created_at\":\"2022-04-22T12:25:05.000000Z\",\"updated_at\":\"2022-04-22T12:25:05.000000Z\"},{\"id\":46,\"employee_id\":46,\"deduction_option\":27,\"title\":\"deafult\",\"amount\":19001,\"created_by\":1,\"created_at\":\"2022-04-22T12:25:20.000000Z\",\"updated_at\":\"2022-04-22T12:25:20.000000Z\"}]', '[]', '[]', 1, '2022-04-28 08:51:10', '2022-04-28 08:51:10'),
(49, 51, 124364, '2022-02', 0, 112400, '[{\"id\":44,\"employee_id\":51,\"allowance_option\":13,\"title\":\"deafult\",\"amount\":31472,\"created_by\":1,\"created_at\":\"2022-04-23T07:15:49.000000Z\",\"updated_at\":\"2022-04-23T07:15:49.000000Z\"},{\"id\":45,\"employee_id\":51,\"allowance_option\":4,\"title\":\"deafult\",\"amount\":8980,\"created_by\":1,\"created_at\":\"2022-04-23T07:16:08.000000Z\",\"updated_at\":\"2022-04-23T07:16:08.000000Z\"}]', '[]', '[]', '[{\"id\":54,\"employee_id\":51,\"deduction_option\":1,\"title\":\"deafult\",\"amount\":15000,\"created_by\":1,\"created_at\":\"2022-04-23T07:16:28.000000Z\",\"updated_at\":\"2022-04-23T07:16:28.000000Z\"},{\"id\":55,\"employee_id\":51,\"deduction_option\":14,\"title\":\"deafult\",\"amount\":13488,\"created_by\":1,\"created_at\":\"2022-04-23T07:17:29.000000Z\",\"updated_at\":\"2022-04-23T07:17:29.000000Z\"}]', '[]', '[]', 1, '2022-04-28 08:51:10', '2022-04-28 08:51:10'),
(50, 53, 24632, '2022-02', 0, 10000, '[{\"id\":46,\"employee_id\":53,\"allowance_option\":4,\"title\":\"deafult\",\"amount\":12132,\"created_by\":1,\"created_at\":\"2022-04-28T14:19:30.000000Z\",\"updated_at\":\"2022-04-28T14:29:51.000000Z\"}]', '[]', '[]', '[{\"id\":56,\"employee_id\":53,\"deduction_option\":1,\"title\":\"deafult\",\"amount\":500,\"created_by\":1,\"created_at\":\"2022-04-28T14:19:47.000000Z\",\"updated_at\":\"2022-04-28T14:19:47.000000Z\"}]', '[{\"id\":4,\"employee_id\":53,\"title\":\"abcd\",\"amount\":3000,\"created_by\":1,\"created_at\":\"2022-04-28T14:20:40.000000Z\",\"updated_at\":\"2022-04-28T14:20:40.000000Z\"}]', '[]', 1, '2022-04-28 08:51:10', '2022-04-28 08:59:51'),
(51, 20, 39406, '2023-01', 1, 31100, '[{\"id\":6,\"employee_id\":20,\"allowance_option\":13,\"title\":\"deafult\",\"amount\":8707,\"created_by\":1,\"created_at\":\"2022-03-22T14:40:13.000000Z\",\"updated_at\":\"2022-03-24T07:25:23.000000Z\"},{\"id\":7,\"employee_id\":20,\"allowance_option\":4,\"title\":\"done\",\"amount\":2320,\"created_by\":1,\"created_at\":\"2022-03-22T14:40:58.000000Z\",\"updated_at\":\"2022-03-22T14:40:58.000000Z\"},{\"id\":21,\"employee_id\":20,\"allowance_option\":1,\"title\":\"deafult\",\"amount\":3560,\"created_by\":1,\"created_at\":\"2022-04-06T06:47:51.000000Z\",\"updated_at\":\"2022-04-06T06:47:51.000000Z\"}]', '[]', '[]', '[{\"id\":11,\"employee_id\":20,\"deduction_option\":25,\"title\":\"deafult\",\"amount\":3981,\"created_by\":1,\"created_at\":\"2022-03-22T14:42:35.000000Z\",\"updated_at\":\"2022-03-24T04:01:30.000000Z\"},{\"id\":27,\"employee_id\":20,\"deduction_option\":1,\"title\":\"deafult\",\"amount\":2300,\"created_by\":1,\"created_at\":\"2022-04-06T06:48:30.000000Z\",\"updated_at\":\"2022-04-06T06:48:30.000000Z\"}]', '[]', '[]', 1, '2023-04-07 01:47:20', '2023-04-07 01:51:54'),
(52, 21, 35378, '2023-01', 0, 28800, '[{\"id\":11,\"employee_id\":21,\"allowance_option\":13,\"title\":\"deafult\",\"amount\":8064,\"created_by\":1,\"created_at\":\"2022-03-24T04:06:07.000000Z\",\"updated_at\":\"2022-03-24T04:06:07.000000Z\"},{\"id\":12,\"employee_id\":21,\"allowance_option\":4,\"title\":\"deafult\",\"amount\":2200,\"created_by\":1,\"created_at\":\"2022-03-24T04:06:18.000000Z\",\"updated_at\":\"2022-03-24T04:06:18.000000Z\"}]', '[]', '[]', '[{\"id\":15,\"employee_id\":21,\"deduction_option\":25,\"title\":\"deafult\",\"amount\":3686,\"created_by\":1,\"created_at\":\"2022-03-24T04:06:42.000000Z\",\"updated_at\":\"2022-03-24T04:06:42.000000Z\"}]', '[]', '[]', 1, '2023-04-07 01:47:20', '2023-04-07 01:47:20'),
(53, 22, 28969, '2023-01', 0, 34000, '[{\"id\":9,\"employee_id\":22,\"allowance_option\":13,\"title\":\"deafult\",\"amount\":9520,\"created_by\":1,\"created_at\":\"2022-03-24T04:02:45.000000Z\",\"updated_at\":\"2022-03-24T04:02:45.000000Z\"},{\"id\":10,\"employee_id\":22,\"allowance_option\":4,\"title\":\"deafult\",\"amount\":2320,\"created_by\":1,\"created_at\":\"2022-03-24T04:03:01.000000Z\",\"updated_at\":\"2022-03-24T04:03:01.000000Z\"}]', '[]', '[]', '[{\"id\":12,\"employee_id\":22,\"deduction_option\":18,\"title\":\"deafult\",\"amount\":4080,\"created_by\":1,\"created_at\":\"2022-03-24T04:03:59.000000Z\",\"updated_at\":\"2022-03-24T04:03:59.000000Z\"},{\"id\":13,\"employee_id\":22,\"deduction_option\":21,\"title\":\"deafult\",\"amount\":5291,\"created_by\":1,\"created_at\":\"2022-03-24T04:04:18.000000Z\",\"updated_at\":\"2022-03-24T04:04:18.000000Z\"},{\"id\":14,\"employee_id\":22,\"deduction_option\":14,\"title\":\"deafult\",\"amount\":7500,\"created_by\":1,\"created_at\":\"2022-03-24T04:05:07.000000Z\",\"updated_at\":\"2022-03-24T04:05:07.000000Z\"}]', '[]', '[]', 1, '2023-04-07 01:47:20', '2023-04-07 01:47:20'),
(54, 23, 35378, '2023-01', 0, 28800, '[{\"id\":15,\"employee_id\":23,\"allowance_option\":13,\"title\":\"deafult\",\"amount\":8064,\"created_by\":1,\"created_at\":\"2022-03-24T04:15:40.000000Z\",\"updated_at\":\"2022-03-24T04:15:40.000000Z\"},{\"id\":16,\"employee_id\":23,\"allowance_option\":4,\"title\":\"deafult\",\"amount\":2200,\"created_by\":1,\"created_at\":\"2022-03-24T04:15:53.000000Z\",\"updated_at\":\"2022-03-24T04:15:53.000000Z\"}]', '[]', '[]', '[{\"id\":24,\"employee_id\":23,\"deduction_option\":25,\"title\":\"deafult\",\"amount\":3686,\"created_by\":1,\"created_at\":\"2022-03-24T04:16:06.000000Z\",\"updated_at\":\"2022-03-24T04:16:06.000000Z\"}]', '[]', '[]', 1, '2023-04-07 01:47:20', '2023-04-07 01:47:20'),
(55, 37, 105687, '2023-01', 0, 83300, '[{\"id\":22,\"employee_id\":37,\"allowance_option\":4,\"title\":\"deafult\",\"amount\":7560,\"created_by\":1,\"created_at\":\"2022-04-22T10:28:00.000000Z\",\"updated_at\":\"2022-04-22T10:28:00.000000Z\"},{\"id\":23,\"employee_id\":37,\"allowance_option\":13,\"title\":\"deafult\",\"amount\":25823,\"created_by\":1,\"created_at\":\"2022-04-22T10:28:30.000000Z\",\"updated_at\":\"2022-04-22T10:28:30.000000Z\"}]', '[]', '[]', '[{\"id\":31,\"employee_id\":37,\"deduction_option\":17,\"title\":\"deafult\",\"amount\":9996,\"created_by\":1,\"created_at\":\"2022-04-22T11:50:14.000000Z\",\"updated_at\":\"2022-04-22T11:50:14.000000Z\"},{\"id\":32,\"employee_id\":37,\"deduction_option\":28,\"title\":\"deafult\",\"amount\":1000,\"created_by\":1,\"created_at\":\"2022-04-22T11:52:01.000000Z\",\"updated_at\":\"2022-04-22T11:52:01.000000Z\"}]', '[]', '[]', 1, '2023-04-07 01:47:20', '2023-04-07 01:47:20'),
(56, 38, 88920, '2023-01', 0, 70000, '[{\"id\":25,\"employee_id\":38,\"allowance_option\":4,\"title\":\"deafult\",\"amount\":5620,\"created_by\":1,\"created_at\":\"2022-04-22T11:53:40.000000Z\",\"updated_at\":\"2022-04-22T11:53:40.000000Z\"},{\"id\":26,\"employee_id\":38,\"allowance_option\":13,\"title\":\"deafult\",\"amount\":21700,\"created_by\":1,\"created_at\":\"2022-04-22T11:54:06.000000Z\",\"updated_at\":\"2022-04-22T11:54:06.000000Z\"}]', '[]', '[]', '[{\"id\":33,\"employee_id\":38,\"deduction_option\":17,\"title\":\"deafult\",\"amount\":8400,\"created_by\":1,\"created_at\":\"2022-04-22T11:54:37.000000Z\",\"updated_at\":\"2022-04-22T11:54:37.000000Z\"}]', '[]', '[]', 1, '2023-04-07 01:47:20', '2023-04-07 01:47:20');
INSERT INTO `pay_slips` (`id`, `employee_id`, `net_payble`, `salary_month`, `status`, `basic_salary`, `allowance`, `commission`, `loan`, `saturation_deduction`, `other_payment`, `overtime`, `created_by`, `created_at`, `updated_at`) VALUES
(57, 39, 84160, '2023-01', 0, 66000, '[{\"id\":27,\"employee_id\":39,\"allowance_option\":4,\"title\":\"deafult\",\"amount\":5620,\"created_by\":1,\"created_at\":\"2022-04-22T11:57:02.000000Z\",\"updated_at\":\"2022-04-22T11:57:02.000000Z\"},{\"id\":28,\"employee_id\":39,\"allowance_option\":13,\"title\":\"deafult\",\"amount\":20460,\"created_by\":1,\"created_at\":\"2022-04-22T11:57:21.000000Z\",\"updated_at\":\"2022-04-22T11:57:21.000000Z\"}]', '[]', '[]', '[{\"id\":34,\"employee_id\":39,\"deduction_option\":17,\"title\":\"deafult\",\"amount\":7920,\"created_by\":1,\"created_at\":\"2022-04-22T11:57:56.000000Z\",\"updated_at\":\"2022-04-22T11:57:56.000000Z\"}]', '[]', '[]', 1, '2023-04-07 01:47:21', '2023-04-07 01:47:21'),
(58, 40, 41038, '2023-01', 0, 52000, '[{\"id\":24,\"employee_id\":40,\"allowance_option\":13,\"title\":\"deafult\",\"amount\":16120,\"created_by\":1,\"created_at\":\"2022-04-22T10:33:00.000000Z\",\"updated_at\":\"2022-04-22T10:33:00.000000Z\"}]', '[]', '[]', '[{\"id\":28,\"employee_id\":40,\"deduction_option\":26,\"title\":\"deafult\",\"amount\":6812,\"created_by\":1,\"created_at\":\"2022-04-22T10:38:43.000000Z\",\"updated_at\":\"2022-04-22T10:38:43.000000Z\"},{\"id\":29,\"employee_id\":40,\"deduction_option\":23,\"title\":\"deafult\",\"amount\":696,\"created_by\":1,\"created_at\":\"2022-04-22T10:40:28.000000Z\",\"updated_at\":\"2022-04-22T10:40:28.000000Z\"},{\"id\":30,\"employee_id\":40,\"deduction_option\":1,\"title\":\"deafult\",\"amount\":19574,\"created_by\":1,\"created_at\":\"2022-04-22T11:14:49.000000Z\",\"updated_at\":\"2022-04-22T11:14:49.000000Z\"}]', '[]', '[]', 1, '2023-04-07 01:47:21', '2023-04-07 01:47:21'),
(59, 41, 66828, '2023-01', 0, 52000, '[{\"id\":29,\"employee_id\":41,\"allowance_option\":4,\"title\":\"deafult\",\"amount\":5520,\"created_by\":1,\"created_at\":\"2022-04-22T12:01:55.000000Z\",\"updated_at\":\"2022-04-22T12:01:55.000000Z\"},{\"id\":30,\"employee_id\":41,\"allowance_option\":13,\"title\":\"deafult\",\"amount\":16120,\"created_by\":1,\"created_at\":\"2022-04-22T12:02:37.000000Z\",\"updated_at\":\"2022-04-22T12:02:37.000000Z\"}]', '[]', '[]', '[{\"id\":35,\"employee_id\":41,\"deduction_option\":26,\"title\":\"deafult\",\"amount\":6812,\"created_by\":1,\"created_at\":\"2022-04-22T12:03:10.000000Z\",\"updated_at\":\"2022-04-22T12:03:10.000000Z\"}]', '[]', '[]', 1, '2023-04-07 01:47:21', '2023-04-07 01:47:21'),
(60, 42, 47254, '2023-01', 0, 52000, '[{\"id\":31,\"employee_id\":42,\"allowance_option\":4,\"title\":\"deafult\",\"amount\":5520,\"created_by\":1,\"created_at\":\"2022-04-22T12:04:39.000000Z\",\"updated_at\":\"2022-04-22T12:04:39.000000Z\"},{\"id\":32,\"employee_id\":42,\"allowance_option\":13,\"title\":\"deafult\",\"amount\":16120,\"created_by\":1,\"created_at\":\"2022-04-22T12:05:17.000000Z\",\"updated_at\":\"2022-04-22T12:05:17.000000Z\"}]', '[]', '[]', '[{\"id\":36,\"employee_id\":42,\"deduction_option\":26,\"title\":\"deafult\",\"amount\":6812,\"created_by\":1,\"created_at\":\"2022-04-22T12:06:29.000000Z\",\"updated_at\":\"2022-04-22T12:06:29.000000Z\"},{\"id\":37,\"employee_id\":42,\"deduction_option\":27,\"title\":\"deafult\",\"amount\":19574,\"created_by\":1,\"created_at\":\"2022-04-22T12:07:18.000000Z\",\"updated_at\":\"2022-04-22T12:07:18.000000Z\"}]', '[]', '[]', 1, '2023-04-07 01:47:21', '2023-04-07 01:47:21'),
(61, 43, 42810, '2023-01', 0, 49000, '[{\"id\":33,\"employee_id\":43,\"allowance_option\":4,\"title\":\"deafult\",\"amount\":4040,\"created_by\":1,\"created_at\":\"2022-04-22T12:10:01.000000Z\",\"updated_at\":\"2022-04-22T12:10:01.000000Z\"},{\"id\":34,\"employee_id\":43,\"allowance_option\":13,\"title\":\"deafult\",\"amount\":15190,\"created_by\":1,\"created_at\":\"2022-04-22T12:10:33.000000Z\",\"updated_at\":\"2022-04-22T12:10:33.000000Z\"}]', '[]', '[]', '[{\"id\":39,\"employee_id\":43,\"deduction_option\":26,\"title\":\"deafult\",\"amount\":6419,\"created_by\":1,\"created_at\":\"2022-04-22T12:11:03.000000Z\",\"updated_at\":\"2022-04-22T12:11:03.000000Z\"},{\"id\":40,\"employee_id\":43,\"deduction_option\":27,\"title\":\"deafult\",\"amount\":19001,\"created_by\":1,\"created_at\":\"2022-04-22T12:11:27.000000Z\",\"updated_at\":\"2022-04-22T12:11:27.000000Z\"}]', '[]', '[]', 1, '2023-04-07 01:47:21', '2023-04-07 01:47:21'),
(62, 44, 42810, '2023-01', 0, 49000, '[{\"id\":35,\"employee_id\":44,\"allowance_option\":4,\"title\":\"deafult\",\"amount\":4040,\"created_by\":1,\"created_at\":\"2022-04-22T12:14:04.000000Z\",\"updated_at\":\"2022-04-22T12:14:04.000000Z\"},{\"id\":36,\"employee_id\":44,\"allowance_option\":13,\"title\":\"deafult\",\"amount\":15190,\"created_by\":1,\"created_at\":\"2022-04-22T12:14:22.000000Z\",\"updated_at\":\"2022-04-22T12:14:22.000000Z\"}]', '[]', '[]', '[{\"id\":41,\"employee_id\":44,\"deduction_option\":26,\"title\":\"deafult\",\"amount\":6419,\"created_by\":1,\"created_at\":\"2022-04-22T12:14:40.000000Z\",\"updated_at\":\"2022-04-22T12:14:40.000000Z\"},{\"id\":42,\"employee_id\":44,\"deduction_option\":27,\"title\":\"deafult\",\"amount\":19001,\"created_by\":1,\"created_at\":\"2022-04-22T12:15:18.000000Z\",\"updated_at\":\"2022-04-22T12:15:18.000000Z\"}]', '[]', '[]', 1, '2023-04-07 01:47:21', '2023-04-07 01:47:21'),
(63, 45, 47254, '2023-01', 0, 52000, '[{\"id\":37,\"employee_id\":45,\"allowance_option\":17,\"title\":\"deafult\",\"amount\":5520,\"created_by\":1,\"created_at\":\"2022-04-22T12:16:13.000000Z\",\"updated_at\":\"2022-04-22T12:16:13.000000Z\"},{\"id\":38,\"employee_id\":45,\"allowance_option\":13,\"title\":\"deafult\",\"amount\":16120,\"created_by\":1,\"created_at\":\"2022-04-22T12:16:27.000000Z\",\"updated_at\":\"2022-04-22T12:16:27.000000Z\"}]', '[]', '[]', '[{\"id\":43,\"employee_id\":45,\"deduction_option\":26,\"title\":\"deafult\",\"amount\":6812,\"created_by\":1,\"created_at\":\"2022-04-22T12:16:52.000000Z\",\"updated_at\":\"2022-04-22T12:16:52.000000Z\"},{\"id\":44,\"employee_id\":45,\"deduction_option\":27,\"title\":\"deafult\",\"amount\":19574,\"created_by\":1,\"created_at\":\"2022-04-22T12:17:13.000000Z\",\"updated_at\":\"2022-04-22T12:17:13.000000Z\"}]', '[]', '[]', 1, '2023-04-07 01:47:21', '2023-04-07 01:47:21'),
(64, 46, 42810, '2023-01', 0, 49000, '[{\"id\":39,\"employee_id\":46,\"allowance_option\":4,\"title\":\"deafult\",\"amount\":4040,\"created_by\":1,\"created_at\":\"2022-04-22T12:24:08.000000Z\",\"updated_at\":\"2022-04-22T12:24:08.000000Z\"},{\"id\":40,\"employee_id\":46,\"allowance_option\":13,\"title\":\"deafult\",\"amount\":15190,\"created_by\":1,\"created_at\":\"2022-04-22T12:24:25.000000Z\",\"updated_at\":\"2022-04-22T12:24:25.000000Z\"}]', '[]', '[]', '[{\"id\":45,\"employee_id\":46,\"deduction_option\":26,\"title\":\"deafult\",\"amount\":6419,\"created_by\":1,\"created_at\":\"2022-04-22T12:25:05.000000Z\",\"updated_at\":\"2022-04-22T12:25:05.000000Z\"},{\"id\":46,\"employee_id\":46,\"deduction_option\":27,\"title\":\"deafult\",\"amount\":19001,\"created_by\":1,\"created_at\":\"2022-04-22T12:25:20.000000Z\",\"updated_at\":\"2022-04-22T12:25:20.000000Z\"}]', '[]', '[]', 1, '2023-04-07 01:47:21', '2023-04-07 01:47:21'),
(65, 51, 124364, '2023-01', 0, 112400, '[{\"id\":44,\"employee_id\":51,\"allowance_option\":13,\"title\":\"deafult\",\"amount\":31472,\"created_by\":1,\"created_at\":\"2022-04-23T07:15:49.000000Z\",\"updated_at\":\"2022-04-23T07:15:49.000000Z\"},{\"id\":45,\"employee_id\":51,\"allowance_option\":4,\"title\":\"deafult\",\"amount\":8980,\"created_by\":1,\"created_at\":\"2022-04-23T07:16:08.000000Z\",\"updated_at\":\"2022-04-23T07:16:08.000000Z\"}]', '[]', '[]', '[{\"id\":54,\"employee_id\":51,\"deduction_option\":1,\"title\":\"deafult\",\"amount\":15000,\"created_by\":1,\"created_at\":\"2022-04-23T07:16:28.000000Z\",\"updated_at\":\"2022-04-23T07:16:28.000000Z\"},{\"id\":55,\"employee_id\":51,\"deduction_option\":14,\"title\":\"deafult\",\"amount\":13488,\"created_by\":1,\"created_at\":\"2022-04-23T07:17:29.000000Z\",\"updated_at\":\"2022-04-23T07:17:29.000000Z\"}]', '[]', '[]', 1, '2023-04-07 01:47:21', '2023-04-07 01:47:21'),
(66, 52, 144600, '2023-01', 0, 134500, '[{\"id\":43,\"employee_id\":52,\"allowance_option\":13,\"title\":\"deafult\",\"amount\":37660,\"created_by\":1,\"created_at\":\"2022-04-23T06:44:13.000000Z\",\"updated_at\":\"2022-04-23T06:44:13.000000Z\"}]', '[]', '[]', '[{\"id\":49,\"employee_id\":52,\"deduction_option\":14,\"title\":\"deafult\",\"amount\":16140,\"created_by\":1,\"created_at\":\"2022-04-23T06:45:01.000000Z\",\"updated_at\":\"2022-04-23T06:45:01.000000Z\"},{\"id\":50,\"employee_id\":52,\"deduction_option\":1,\"title\":\"deafult\",\"amount\":10000,\"created_by\":1,\"created_at\":\"2022-04-23T06:45:12.000000Z\",\"updated_at\":\"2022-04-23T06:45:12.000000Z\"},{\"id\":51,\"employee_id\":52,\"deduction_option\":3,\"title\":\"deafult\",\"amount\":420,\"created_by\":1,\"created_at\":\"2022-04-23T06:46:23.000000Z\",\"updated_at\":\"2022-04-23T06:46:23.000000Z\"},{\"id\":52,\"employee_id\":52,\"deduction_option\":6,\"title\":\"deafult\",\"amount\":1000,\"created_by\":1,\"created_at\":\"2022-04-23T06:46:39.000000Z\",\"updated_at\":\"2022-04-23T06:46:39.000000Z\"}]', '[]', '[]', 1, '2023-04-07 01:47:21', '2023-04-07 01:47:21'),
(67, 53, 24632, '2023-01', 0, 10000, '[{\"id\":46,\"employee_id\":53,\"allowance_option\":4,\"title\":\"deafult\",\"amount\":12132,\"created_by\":1,\"created_at\":\"2022-04-28T14:19:30.000000Z\",\"updated_at\":\"2022-04-28T14:29:51.000000Z\"}]', '[]', '[]', '[{\"id\":56,\"employee_id\":53,\"deduction_option\":1,\"title\":\"deafult\",\"amount\":500,\"created_by\":1,\"created_at\":\"2022-04-28T14:19:47.000000Z\",\"updated_at\":\"2022-04-28T14:19:47.000000Z\"}]', '[{\"id\":4,\"employee_id\":53,\"title\":\"abcd\",\"amount\":3000,\"created_by\":1,\"created_at\":\"2022-04-28T14:20:40.000000Z\",\"updated_at\":\"2022-04-28T14:20:40.000000Z\"}]', '[]', 1, '2023-04-07 01:47:21', '2023-04-07 01:47:21');

-- --------------------------------------------------------

--
-- Table structure for table `performance__types`
--

DROP TABLE IF EXISTS `performance__types`;
CREATE TABLE IF NOT EXISTS `performance__types` (
  `id` bigint(20) UNSIGNED NOT NULL AUTO_INCREMENT,
  `name` varchar(255) COLLATE utf8mb4_unicode_ci NOT NULL,
  `created_by` varchar(255) COLLATE utf8mb4_unicode_ci NOT NULL,
  `created_at` timestamp NULL DEFAULT NULL,
  `updated_at` timestamp NULL DEFAULT NULL,
  PRIMARY KEY (`id`)
) ENGINE=InnoDB DEFAULT CHARSET=utf8mb4 COLLATE=utf8mb4_unicode_ci ROW_FORMAT=DYNAMIC;

-- --------------------------------------------------------

--
-- Table structure for table `permissions`
--

DROP TABLE IF EXISTS `permissions`;
CREATE TABLE IF NOT EXISTS `permissions` (
  `id` bigint(20) UNSIGNED NOT NULL AUTO_INCREMENT,
  `name` varchar(255) COLLATE utf8mb4_unicode_ci NOT NULL,
  `guard_name` varchar(255) COLLATE utf8mb4_unicode_ci NOT NULL,
  `created_at` timestamp NULL DEFAULT NULL,
  `updated_at` timestamp NULL DEFAULT NULL,
  PRIMARY KEY (`id`)
) ENGINE=InnoDB AUTO_INCREMENT=302 DEFAULT CHARSET=utf8mb4 COLLATE=utf8mb4_unicode_ci ROW_FORMAT=DYNAMIC;

--
-- Dumping data for table `permissions`
--

INSERT INTO `permissions` (`id`, `name`, `guard_name`, `created_at`, `updated_at`) VALUES
(1, 'Manage User', 'web', '2022-01-28 16:56:54', '2022-01-28 16:56:54'),
(2, 'Create User', 'web', '2022-01-28 16:56:54', '2022-01-28 16:56:54'),
(3, 'Edit User', 'web', '2022-01-28 16:56:54', '2022-01-28 16:56:54'),
(4, 'Delete User', 'web', '2022-01-28 16:56:54', '2022-01-28 16:56:54'),
(5, 'Manage Role', 'web', '2022-01-28 16:56:54', '2022-01-28 16:56:54'),
(6, 'Create Role', 'web', '2022-01-28 16:56:54', '2022-01-28 16:56:54'),
(7, 'Delete Role', 'web', '2022-01-28 16:56:54', '2022-01-28 16:56:54'),
(8, 'Edit Role', 'web', '2022-01-28 16:56:54', '2022-01-28 16:56:54'),
(9, 'Manage Award', 'web', '2022-01-28 16:56:54', '2022-01-28 16:56:54'),
(10, 'Create Award', 'web', '2022-01-28 16:56:54', '2022-01-28 16:56:54'),
(11, 'Delete Award', 'web', '2022-01-28 16:56:54', '2022-01-28 16:56:54'),
(12, 'Edit Award', 'web', '2022-01-28 16:56:54', '2022-01-28 16:56:54'),
(13, 'Manage Transfer', 'web', '2022-01-28 16:56:54', '2022-01-28 16:56:54'),
(14, 'Create Transfer', 'web', '2022-01-28 16:56:54', '2022-01-28 16:56:54'),
(15, 'Delete Transfer', 'web', '2022-01-28 16:56:54', '2022-01-28 16:56:54'),
(16, 'Edit Transfer', 'web', '2022-01-28 16:56:54', '2022-01-28 16:56:54'),
(17, 'Manage Resignation', 'web', '2022-01-28 16:56:54', '2022-01-28 16:56:54'),
(18, 'Create Resignation', 'web', '2022-01-28 16:56:54', '2022-01-28 16:56:54'),
(19, 'Edit Resignation', 'web', '2022-01-28 16:56:54', '2022-01-28 16:56:54'),
(20, 'Delete Resignation', 'web', '2022-01-28 16:56:54', '2022-01-28 16:56:54'),
(21, 'Manage Travel', 'web', '2022-01-28 16:56:54', '2022-01-28 16:56:54'),
(22, 'Create Travel', 'web', '2022-01-28 16:56:54', '2022-01-28 16:56:54'),
(23, 'Edit Travel', 'web', '2022-01-28 16:56:54', '2022-01-28 16:56:54'),
(24, 'Delete Travel', 'web', '2022-01-28 16:56:54', '2022-01-28 16:56:54'),
(25, 'Manage Promotion', 'web', '2022-01-28 16:56:54', '2022-01-28 16:56:54'),
(26, 'Create Promotion', 'web', '2022-01-28 16:56:54', '2022-01-28 16:56:54'),
(27, 'Edit Promotion', 'web', '2022-01-28 16:56:54', '2022-01-28 16:56:54'),
(28, 'Delete Promotion', 'web', '2022-01-28 16:56:54', '2022-01-28 16:56:54'),
(29, 'Manage Complaint', 'web', '2022-01-28 16:56:54', '2022-01-28 16:56:54'),
(30, 'Create Complaint', 'web', '2022-01-28 16:56:54', '2022-01-28 16:56:54'),
(31, 'Edit Complaint', 'web', '2022-01-28 16:56:54', '2022-01-28 16:56:54'),
(32, 'Delete Complaint', 'web', '2022-01-28 16:56:54', '2022-01-28 16:56:54'),
(33, 'Manage Warning', 'web', '2022-01-28 16:56:54', '2022-01-28 16:56:54'),
(34, 'Create Warning', 'web', '2022-01-28 16:56:54', '2022-01-28 16:56:54'),
(35, 'Edit Warning', 'web', '2022-01-28 16:56:54', '2022-01-28 16:56:54'),
(36, 'Delete Warning', 'web', '2022-01-28 16:56:54', '2022-01-28 16:56:54'),
(37, 'Manage Termination', 'web', '2022-01-28 16:56:54', '2022-01-28 16:56:54'),
(38, 'Create Termination', 'web', '2022-01-28 16:56:54', '2022-01-28 16:56:54'),
(39, 'Edit Termination', 'web', '2022-01-28 16:56:54', '2022-01-28 16:56:54'),
(40, 'Delete Termination', 'web', '2022-01-28 16:56:54', '2022-01-28 16:56:54'),
(41, 'Manage Department', 'web', '2022-01-28 16:56:54', '2022-01-28 16:56:54'),
(42, 'Create Department', 'web', '2022-01-28 16:56:54', '2022-01-28 16:56:54'),
(43, 'Edit Department', 'web', '2022-01-28 16:56:54', '2022-01-28 16:56:54'),
(44, 'Delete Department', 'web', '2022-01-28 16:56:54', '2022-01-28 16:56:54'),
(45, 'Manage Designation', 'web', '2022-01-28 16:56:54', '2022-01-28 16:56:54'),
(46, 'Create Designation', 'web', '2022-01-28 16:56:54', '2022-01-28 16:56:54'),
(47, 'Edit Designation', 'web', '2022-01-28 16:56:54', '2022-01-28 16:56:54'),
(48, 'Delete Designation', 'web', '2022-01-28 16:56:54', '2022-01-28 16:56:54'),
(49, 'Manage Document Type', 'web', '2022-01-28 16:56:54', '2022-01-28 16:56:54'),
(50, 'Create Document Type', 'web', '2022-01-28 16:56:54', '2022-01-28 16:56:54'),
(51, 'Edit Document Type', 'web', '2022-01-28 16:56:54', '2022-01-28 16:56:54'),
(52, 'Delete Document Type', 'web', '2022-01-28 16:56:54', '2022-01-28 16:56:54'),
(53, 'Manage Branch', 'web', '2022-01-28 16:56:54', '2022-01-28 16:56:54'),
(54, 'Create Branch', 'web', '2022-01-28 16:56:54', '2022-01-28 16:56:54'),
(55, 'Edit Branch', 'web', '2022-01-28 16:56:54', '2022-01-28 16:56:54'),
(56, 'Delete Branch', 'web', '2022-01-28 16:56:54', '2022-01-28 16:56:54'),
(57, 'Manage Award Type', 'web', '2022-01-28 16:56:54', '2022-01-28 16:56:54'),
(58, 'Create Award Type', 'web', '2022-01-28 16:56:54', '2022-01-28 16:56:54'),
(59, 'Edit Award Type', 'web', '2022-01-28 16:56:54', '2022-01-28 16:56:54'),
(60, 'Delete Award Type', 'web', '2022-01-28 16:56:54', '2022-01-28 16:56:54'),
(61, 'Manage Termination Type', 'web', '2022-01-28 16:56:54', '2022-01-28 16:56:54'),
(62, 'Create Termination Type', 'web', '2022-01-28 16:56:54', '2022-01-28 16:56:54'),
(63, 'Edit Termination Type', 'web', '2022-01-28 16:56:54', '2022-01-28 16:56:54'),
(64, 'Delete Termination Type', 'web', '2022-01-28 16:56:54', '2022-01-28 16:56:54'),
(65, 'Manage Employee', 'web', '2022-01-28 16:56:54', '2022-01-28 16:56:54'),
(66, 'Create Employee', 'web', '2022-01-28 16:56:54', '2022-01-28 16:56:54'),
(67, 'Edit Employee', 'web', '2022-01-28 16:56:54', '2022-01-28 16:56:54'),
(68, 'Delete Employee', 'web', '2022-01-28 16:56:54', '2022-01-28 16:56:54'),
(69, 'Show Employee', 'web', '2022-01-28 16:56:54', '2022-01-28 16:56:54'),
(70, 'Manage Payslip Type', 'web', '2022-01-28 16:56:54', '2022-01-28 16:56:54'),
(71, 'Create Payslip Type', 'web', '2022-01-28 16:56:54', '2022-01-28 16:56:54'),
(72, 'Edit Payslip Type', 'web', '2022-01-28 16:56:54', '2022-01-28 16:56:54'),
(73, 'Delete Payslip Type', 'web', '2022-01-28 16:56:54', '2022-01-28 16:56:54'),
(74, 'Manage Allowance Option', 'web', '2022-01-28 16:56:54', '2022-01-28 16:56:54'),
(75, 'Create Allowance Option', 'web', '2022-01-28 16:56:54', '2022-01-28 16:56:54'),
(76, 'Edit Allowance Option', 'web', '2022-01-28 16:56:54', '2022-01-28 16:56:54'),
(77, 'Delete Allowance Option', 'web', '2022-01-28 16:56:54', '2022-01-28 16:56:54'),
(78, 'Manage Loan Option', 'web', '2022-01-28 16:56:54', '2022-01-28 16:56:54'),
(79, 'Create Loan Option', 'web', '2022-01-28 16:56:54', '2022-01-28 16:56:54'),
(80, 'Edit Loan Option', 'web', '2022-01-28 16:56:54', '2022-01-28 16:56:54'),
(81, 'Delete Loan Option', 'web', '2022-01-28 16:56:54', '2022-01-28 16:56:54'),
(82, 'Manage Deduction Option', 'web', '2022-01-28 16:56:54', '2022-01-28 16:56:54'),
(83, 'Create Deduction Option', 'web', '2022-01-28 16:56:54', '2022-01-28 16:56:54'),
(84, 'Edit Deduction Option', 'web', '2022-01-28 16:56:54', '2022-01-28 16:56:54'),
(85, 'Delete Deduction Option', 'web', '2022-01-28 16:56:54', '2022-01-28 16:56:54'),
(86, 'Manage Set Salary', 'web', '2022-01-28 16:56:54', '2022-01-28 16:56:54'),
(87, 'Create Set Salary', 'web', '2022-01-28 16:56:54', '2022-01-28 16:56:54'),
(88, 'Edit Set Salary', 'web', '2022-01-28 16:56:54', '2022-01-28 16:56:54'),
(89, 'Delete Set Salary', 'web', '2022-01-28 16:56:54', '2022-01-28 16:56:54'),
(90, 'Manage Allowance', 'web', '2022-01-28 16:56:54', '2022-01-28 16:56:54'),
(91, 'Create Allowance', 'web', '2022-01-28 16:56:54', '2022-01-28 16:56:54'),
(92, 'Edit Allowance', 'web', '2022-01-28 16:56:54', '2022-01-28 16:56:54'),
(93, 'Delete Allowance', 'web', '2022-01-28 16:56:54', '2022-01-28 16:56:54'),
(94, 'Create Commission', 'web', '2022-01-28 16:56:54', '2022-01-28 16:56:54'),
(95, 'Create Loan', 'web', '2022-01-28 16:56:54', '2022-01-28 16:56:54'),
(96, 'Create Saturation Deduction', 'web', '2022-01-28 16:56:54', '2022-01-28 16:56:54'),
(97, 'Create Other Payment', 'web', '2022-01-28 16:56:54', '2022-01-28 16:56:54'),
(98, 'Create Overtime', 'web', '2022-01-28 16:56:54', '2022-01-28 16:56:54'),
(99, 'Edit Commission', 'web', '2022-01-28 16:56:54', '2022-01-28 16:56:54'),
(100, 'Delete Commission', 'web', '2022-01-28 16:56:54', '2022-01-28 16:56:54'),
(101, 'Edit Loan', 'web', '2022-01-28 16:56:54', '2022-01-28 16:56:54'),
(102, 'Delete Loan', 'web', '2022-01-28 16:56:54', '2022-01-28 16:56:54'),
(103, 'Edit Saturation Deduction', 'web', '2022-01-28 16:56:54', '2022-01-28 16:56:54'),
(104, 'Delete Saturation Deduction', 'web', '2022-01-28 16:56:54', '2022-01-28 16:56:54'),
(105, 'Edit Other Payment', 'web', '2022-01-28 16:56:54', '2022-01-28 16:56:54'),
(106, 'Delete Other Payment', 'web', '2022-01-28 16:56:54', '2022-01-28 16:56:54'),
(107, 'Edit Overtime', 'web', '2022-01-28 16:56:54', '2022-01-28 16:56:54'),
(108, 'Delete Overtime', 'web', '2022-01-28 16:56:54', '2022-01-28 16:56:54'),
(109, 'Manage Pay Slip', 'web', '2022-01-28 16:56:54', '2022-01-28 16:56:54'),
(110, 'Create Pay Slip', 'web', '2022-01-28 16:56:54', '2022-01-28 16:56:54'),
(111, 'Edit Pay Slip', 'web', '2022-01-28 16:56:54', '2022-01-28 16:56:54'),
(112, 'Delete Pay Slip', 'web', '2022-01-28 16:56:54', '2022-01-28 16:56:54'),
(113, 'Manage Account List', 'web', '2022-01-28 16:56:54', '2022-01-28 16:56:54'),
(114, 'Create Account List', 'web', '2022-01-28 16:56:54', '2022-01-28 16:56:54'),
(115, 'Edit Account List', 'web', '2022-01-28 16:56:54', '2022-01-28 16:56:54'),
(116, 'Delete Account List', 'web', '2022-01-28 16:56:54', '2022-01-28 16:56:54'),
(117, 'View Balance Account List', 'web', '2022-01-28 16:56:54', '2022-01-28 16:56:54'),
(118, 'Manage Payee', 'web', '2022-01-28 16:56:54', '2022-01-28 16:56:54'),
(119, 'Create Payee', 'web', '2022-01-28 16:56:54', '2022-01-28 16:56:54'),
(120, 'Edit Payee', 'web', '2022-01-28 16:56:54', '2022-01-28 16:56:54'),
(121, 'Delete Payee', 'web', '2022-01-28 16:56:54', '2022-01-28 16:56:54'),
(122, 'Manage Payer', 'web', '2022-01-28 16:56:54', '2022-01-28 16:56:54'),
(123, 'Create Payer', 'web', '2022-01-28 16:56:54', '2022-01-28 16:56:54'),
(124, 'Edit Payer', 'web', '2022-01-28 16:56:54', '2022-01-28 16:56:54'),
(125, 'Delete Payer', 'web', '2022-01-28 16:56:54', '2022-01-28 16:56:54'),
(126, 'Manage Expense Type', 'web', '2022-01-28 16:56:54', '2022-01-28 16:56:54'),
(127, 'Create Expense Type', 'web', '2022-01-28 16:56:54', '2022-01-28 16:56:54'),
(128, 'Edit Expense Type', 'web', '2022-01-28 16:56:54', '2022-01-28 16:56:54'),
(129, 'Delete Expense Type', 'web', '2022-01-28 16:56:54', '2022-01-28 16:56:54'),
(130, 'Manage Income Type', 'web', '2022-01-28 16:56:54', '2022-01-28 16:56:54'),
(131, 'Edit Income Type', 'web', '2022-01-28 16:56:54', '2022-01-28 16:56:54'),
(132, 'Delete Income Type', 'web', '2022-01-28 16:56:54', '2022-01-28 16:56:54'),
(133, 'Create Income Type', 'web', '2022-01-28 16:56:54', '2022-01-28 16:56:54'),
(134, 'Manage Payment Type', 'web', '2022-01-28 16:56:54', '2022-01-28 16:56:54'),
(135, 'Create Payment Type', 'web', '2022-01-28 16:56:54', '2022-01-28 16:56:54'),
(136, 'Edit Payment Type', 'web', '2022-01-28 16:56:54', '2022-01-28 16:56:54'),
(137, 'Delete Payment Type', 'web', '2022-01-28 16:56:54', '2022-01-28 16:56:54'),
(138, 'Manage Deposit', 'web', '2022-01-28 16:56:54', '2022-01-28 16:56:54'),
(139, 'Create Deposit', 'web', '2022-01-28 16:56:54', '2022-01-28 16:56:54'),
(140, 'Edit Deposit', 'web', '2022-01-28 16:56:54', '2022-01-28 16:56:54'),
(141, 'Delete Deposit', 'web', '2022-01-28 16:56:54', '2022-01-28 16:56:54'),
(142, 'Manage Expense', 'web', '2022-01-28 16:56:54', '2022-01-28 16:56:54'),
(143, 'Create Expense', 'web', '2022-01-28 16:56:54', '2022-01-28 16:56:54'),
(144, 'Edit Expense', 'web', '2022-01-28 16:56:54', '2022-01-28 16:56:54'),
(145, 'Delete Expense', 'web', '2022-01-28 16:56:54', '2022-01-28 16:56:54'),
(146, 'Manage Transfer Balance', 'web', '2022-01-28 16:56:54', '2022-01-28 16:56:54'),
(147, 'Create Transfer Balance', 'web', '2022-01-28 16:56:54', '2022-01-28 16:56:54'),
(148, 'Edit Transfer Balance', 'web', '2022-01-28 16:56:54', '2022-01-28 16:56:54'),
(149, 'Delete Transfer Balance', 'web', '2022-01-28 16:56:54', '2022-01-28 16:56:54'),
(150, 'Manage Event', 'web', '2022-01-28 16:56:54', '2022-01-28 16:56:54'),
(151, 'Create Event', 'web', '2022-01-28 16:56:54', '2022-01-28 16:56:54'),
(152, 'Edit Event', 'web', '2022-01-28 16:56:54', '2022-01-28 16:56:54'),
(153, 'Delete Event', 'web', '2022-01-28 16:56:54', '2022-01-28 16:56:54'),
(154, 'Manage Announcement', 'web', '2022-01-28 16:56:54', '2022-01-28 16:56:54'),
(155, 'Create Announcement', 'web', '2022-01-28 16:56:54', '2022-01-28 16:56:54'),
(156, 'Edit Announcement', 'web', '2022-01-28 16:56:54', '2022-01-28 16:56:54'),
(157, 'Delete Announcement', 'web', '2022-01-28 16:56:54', '2022-01-28 16:56:54'),
(158, 'Manage Leave Type', 'web', '2022-01-28 16:56:54', '2022-01-28 16:56:54'),
(159, 'Create Leave Type', 'web', '2022-01-28 16:56:54', '2022-01-28 16:56:54'),
(160, 'Edit Leave Type', 'web', '2022-01-28 16:56:54', '2022-01-28 16:56:54'),
(161, 'Delete Leave Type', 'web', '2022-01-28 16:56:54', '2022-01-28 16:56:54'),
(162, 'Manage Leave', 'web', '2022-01-28 16:56:54', '2022-01-28 16:56:54'),
(163, 'Create Leave', 'web', '2022-01-28 16:56:54', '2022-01-28 16:56:54'),
(164, 'Edit Leave', 'web', '2022-01-28 16:56:54', '2022-01-28 16:56:54'),
(165, 'Delete Leave', 'web', '2022-01-28 16:56:54', '2022-01-28 16:56:54'),
(166, 'Manage Meeting', 'web', '2022-01-28 16:56:54', '2022-01-28 16:56:54'),
(167, 'Create Meeting', 'web', '2022-01-28 16:56:54', '2022-01-28 16:56:54'),
(168, 'Edit Meeting', 'web', '2022-01-28 16:56:54', '2022-01-28 16:56:54'),
(169, 'Delete Meeting', 'web', '2022-01-28 16:56:54', '2022-01-28 16:56:54'),
(170, 'Manage Ticket', 'web', '2022-01-28 16:56:54', '2022-01-28 16:56:54'),
(171, 'Create Ticket', 'web', '2022-01-28 16:56:54', '2022-01-28 16:56:54'),
(172, 'Edit Ticket', 'web', '2022-01-28 16:56:54', '2022-01-28 16:56:54'),
(173, 'Delete Ticket', 'web', '2022-01-28 16:56:54', '2022-01-28 16:56:54'),
(174, 'Manage Attendance', 'web', '2022-01-28 16:56:54', '2022-01-28 16:56:54'),
(175, 'Create Attendance', 'web', '2022-01-28 16:56:54', '2022-01-28 16:56:54'),
(176, 'Edit Attendance', 'web', '2022-01-28 16:56:54', '2022-01-28 16:56:54'),
(177, 'Delete Attendance', 'web', '2022-01-28 16:56:54', '2022-01-28 16:56:54'),
(178, 'Manage Language', 'web', '2022-01-28 16:56:54', '2022-01-28 16:56:54'),
(179, 'Create Language', 'web', '2022-01-28 16:56:54', '2022-01-28 16:56:54'),
(180, 'Manage Company Settings', 'web', '2022-01-28 16:56:54', '2022-01-28 16:56:54'),
(181, 'Manage TimeSheet', 'web', '2022-01-28 16:56:54', '2022-01-28 16:56:54'),
(182, 'Create TimeSheet', 'web', '2022-01-28 16:56:54', '2022-01-28 16:56:54'),
(183, 'Edit TimeSheet', 'web', '2022-01-28 16:56:54', '2022-01-28 16:56:54'),
(184, 'Delete TimeSheet', 'web', '2022-01-28 16:56:54', '2022-01-28 16:56:54'),
(185, 'Manage Assets', 'web', '2022-01-28 16:56:54', '2022-01-28 16:56:54'),
(186, 'Create Assets', 'web', '2022-01-28 16:56:54', '2022-01-28 16:56:54'),
(187, 'Edit Assets', 'web', '2022-01-28 16:56:54', '2022-01-28 16:56:54'),
(188, 'Delete Assets', 'web', '2022-01-28 16:56:54', '2022-01-28 16:56:54'),
(189, 'Manage Document', 'web', '2022-01-28 16:56:54', '2022-01-28 16:56:54'),
(190, 'Create Document', 'web', '2022-01-28 16:56:54', '2022-01-28 16:56:54'),
(191, 'Edit Document', 'web', '2022-01-28 16:56:54', '2022-01-28 16:56:54'),
(192, 'Delete Document', 'web', '2022-01-28 16:56:54', '2022-01-28 16:56:54'),
(193, 'Manage Employee Profile', 'web', '2022-01-28 16:56:54', '2022-01-28 16:56:54'),
(194, 'Show Employee Profile', 'web', '2022-01-28 16:56:54', '2022-01-28 16:56:54'),
(195, 'Manage Employee Last Login', 'web', '2022-01-28 16:56:54', '2022-01-28 16:56:54'),
(196, 'Manage Indicator', 'web', '2022-01-28 16:56:54', '2022-01-28 16:56:54'),
(197, 'Create Indicator', 'web', '2022-01-28 16:56:54', '2022-01-28 16:56:54'),
(198, 'Edit Indicator', 'web', '2022-01-28 16:56:54', '2022-01-28 16:56:54'),
(199, 'Delete Indicator', 'web', '2022-01-28 16:56:54', '2022-01-28 16:56:54'),
(200, 'Show Indicator', 'web', '2022-01-28 16:56:54', '2022-01-28 16:56:54'),
(201, 'Manage Appraisal', 'web', '2022-01-28 16:56:54', '2022-01-28 16:56:54'),
(202, 'Create Appraisal', 'web', '2022-01-28 16:56:54', '2022-01-28 16:56:54'),
(203, 'Edit Appraisal', 'web', '2022-01-28 16:56:54', '2022-01-28 16:56:54'),
(204, 'Delete Appraisal', 'web', '2022-01-28 16:56:54', '2022-01-28 16:56:54'),
(205, 'Show Appraisal', 'web', '2022-01-28 16:56:54', '2022-01-28 16:56:54'),
(206, 'Manage Goal Type', 'web', '2022-01-28 16:56:54', '2022-01-28 16:56:54'),
(207, 'Create Goal Type', 'web', '2022-01-28 16:56:54', '2022-01-28 16:56:54'),
(208, 'Edit Goal Type', 'web', '2022-01-28 16:56:54', '2022-01-28 16:56:54'),
(209, 'Delete Goal Type', 'web', '2022-01-28 16:56:54', '2022-01-28 16:56:54'),
(210, 'Manage Goal Tracking', 'web', '2022-01-28 16:56:54', '2022-01-28 16:56:54'),
(211, 'Create Goal Tracking', 'web', '2022-01-28 16:56:54', '2022-01-28 16:56:54'),
(212, 'Edit Goal Tracking', 'web', '2022-01-28 16:56:54', '2022-01-28 16:56:54'),
(213, 'Delete Goal Tracking', 'web', '2022-01-28 16:56:54', '2022-01-28 16:56:54'),
(214, 'Manage Company Policy', 'web', '2022-01-28 16:56:54', '2022-01-28 16:56:54'),
(215, 'Create Company Policy', 'web', '2022-01-28 16:56:54', '2022-01-28 16:56:54'),
(216, 'Edit Company Policy', 'web', '2022-01-28 16:56:54', '2022-01-28 16:56:54'),
(217, 'Delete Company Policy', 'web', '2022-01-28 16:56:54', '2022-01-28 16:56:54'),
(218, 'Manage Trainer', 'web', '2022-01-28 16:56:54', '2022-01-28 16:56:54'),
(219, 'Create Trainer', 'web', '2022-01-28 16:56:54', '2022-01-28 16:56:54'),
(220, 'Edit Trainer', 'web', '2022-01-28 16:56:54', '2022-01-28 16:56:54'),
(221, 'Delete Trainer', 'web', '2022-01-28 16:56:54', '2022-01-28 16:56:54'),
(222, 'Show Trainer', 'web', '2022-01-28 16:56:54', '2022-01-28 16:56:54'),
(223, 'Manage Training', 'web', '2022-01-28 16:56:54', '2022-01-28 16:56:54'),
(224, 'Create Training', 'web', '2022-01-28 16:56:54', '2022-01-28 16:56:54'),
(225, 'Edit Training', 'web', '2022-01-28 16:56:54', '2022-01-28 16:56:54'),
(226, 'Delete Training', 'web', '2022-01-28 16:56:54', '2022-01-28 16:56:54'),
(227, 'Show Training', 'web', '2022-01-28 16:56:54', '2022-01-28 16:56:54'),
(228, 'Manage Training Type', 'web', '2022-01-28 16:56:54', '2022-01-28 16:56:54'),
(229, 'Create Training Type', 'web', '2022-01-28 16:56:54', '2022-01-28 16:56:54'),
(230, 'Edit Training Type', 'web', '2022-01-28 16:56:54', '2022-01-28 16:56:54'),
(231, 'Delete Training Type', 'web', '2022-01-28 16:56:54', '2022-01-28 16:56:54'),
(232, 'Manage Report', 'web', '2022-01-28 16:56:54', '2022-01-28 16:56:54'),
(233, 'Manage Holiday', 'web', '2022-01-28 16:56:54', '2022-01-28 16:56:54'),
(234, 'Create Holiday', 'web', '2022-01-28 16:56:54', '2022-01-28 16:56:54'),
(235, 'Edit Holiday', 'web', '2022-01-28 16:56:54', '2022-01-28 16:56:54'),
(236, 'Delete Holiday', 'web', '2022-01-28 16:56:54', '2022-01-28 16:56:54'),
(237, 'Manage Job Category', 'web', '2022-01-28 16:56:54', '2022-01-28 16:56:54'),
(238, 'Create Job Category', 'web', '2022-01-28 16:56:54', '2022-01-28 16:56:54'),
(239, 'Edit Job Category', 'web', '2022-01-28 16:56:54', '2022-01-28 16:56:54'),
(240, 'Delete Job Category', 'web', '2022-01-28 16:56:54', '2022-01-28 16:56:54'),
(241, 'Manage Job Stage', 'web', '2022-01-28 16:56:54', '2022-01-28 16:56:54'),
(242, 'Create Job Stage', 'web', '2022-01-28 16:56:54', '2022-01-28 16:56:54'),
(243, 'Edit Job Stage', 'web', '2022-01-28 16:56:54', '2022-01-28 16:56:54'),
(244, 'Delete Job Stage', 'web', '2022-01-28 16:56:54', '2022-01-28 16:56:54'),
(245, 'Manage Job', 'web', '2022-01-28 16:56:54', '2022-01-28 16:56:54'),
(246, 'Create Job', 'web', '2022-01-28 16:56:54', '2022-01-28 16:56:54'),
(247, 'Edit Job', 'web', '2022-01-28 16:56:54', '2022-01-28 16:56:54'),
(248, 'Delete Job', 'web', '2022-01-28 16:56:54', '2022-01-28 16:56:54'),
(249, 'Show Job', 'web', '2022-01-28 16:56:54', '2022-01-28 16:56:54'),
(250, 'Manage Job Application', 'web', '2022-01-28 16:56:54', '2022-01-28 16:56:54'),
(251, 'Create Job Application', 'web', '2022-01-28 16:56:54', '2022-01-28 16:56:54'),
(252, 'Edit Job Application', 'web', '2022-01-28 16:56:54', '2022-01-28 16:56:54'),
(253, 'Delete Job Application', 'web', '2022-01-28 16:56:54', '2022-01-28 16:56:54'),
(254, 'Show Job Application', 'web', '2022-01-28 16:56:54', '2022-01-28 16:56:54'),
(255, 'Move Job Application', 'web', '2022-01-28 16:56:54', '2022-01-28 16:56:54'),
(256, 'Add Job Application Note', 'web', '2022-01-28 16:56:54', '2022-01-28 16:56:54'),
(257, 'Delete Job Application Note', 'web', '2022-01-28 16:56:54', '2022-01-28 16:56:54'),
(258, 'Add Job Application Skill', 'web', '2022-01-28 16:56:54', '2022-01-28 16:56:54'),
(259, 'Manage Job OnBoard', 'web', '2022-01-28 16:56:54', '2022-01-28 16:56:54'),
(260, 'Manage Custom Question', 'web', '2022-01-28 16:56:54', '2022-01-28 16:56:54'),
(261, 'Create Custom Question', 'web', '2022-01-28 16:56:54', '2022-01-28 16:56:54'),
(262, 'Edit Custom Question', 'web', '2022-01-28 16:56:54', '2022-01-28 16:56:54'),
(263, 'Delete Custom Question', 'web', '2022-01-28 16:56:54', '2022-01-28 16:56:54'),
(264, 'Manage Interview Schedule', 'web', '2022-01-28 16:56:54', '2022-01-28 16:56:54'),
(265, 'Create Interview Schedule', 'web', '2022-01-28 16:56:54', '2022-01-28 16:56:54'),
(266, 'Edit Interview Schedule', 'web', '2022-01-28 16:56:54', '2022-01-28 16:56:54'),
(267, 'Delete Interview Schedule', 'web', '2022-01-28 16:56:54', '2022-01-28 16:56:54'),
(268, 'Manage Career', 'web', '2022-01-28 16:56:54', '2022-01-28 16:56:54'),
(269, 'Manage Competencies', 'web', '2022-01-28 16:56:54', '2022-01-28 16:56:54'),
(270, 'Create Competencies', 'web', '2022-01-28 16:56:54', '2022-01-28 16:56:54'),
(271, 'Edit Competencies', 'web', '2022-01-28 16:56:54', '2022-01-28 16:56:54'),
(272, 'Delete Competencies', 'web', '2022-01-28 16:56:54', '2022-01-28 16:56:54'),
(273, 'Paid Pay Slip', 'web', '2022-03-22 05:41:11', '2022-03-22 05:41:11'),
(274, 'Varify Pay Slip', 'web', '2022-03-22 05:41:11', '2022-03-22 05:41:11'),
(275, 'Re-Varify Pay Slip', 'web', '2022-03-22 05:41:11', '2022-03-22 05:41:11'),
(276, 'Primary Approve Transfer', 'web', '2022-04-03 23:43:18', '2022-04-03 22:56:18'),
(277, 'Generate Transfer', 'web', '2022-04-04 00:57:11', '2022-04-04 02:43:24'),
(278, 'ReVerify Transfer', 'web', '2022-04-03 23:53:11', '2022-04-03 22:49:15'),
(279, 'Final Approve Transfer', 'web', '2022-04-04 00:37:20', '2022-04-04 01:47:09'),
(280, 'Reject Transfer', 'web', '2022-04-04 01:35:15', '2022-04-04 03:46:10'),
(281, 'Primary Approve Resignation', 'web', '2022-04-03 23:53:11', '2022-04-03 22:49:15'),
(282, 'Generate Resignation', 'web', '2022-04-04 00:57:11', '2022-04-04 02:43:24'),
(283, 'ReVerify Resignation', 'web', '2022-04-04 06:46:24', '2022-04-04 00:43:30'),
(284, 'Final Approve Resignation', 'web', '2022-04-04 00:57:12', '2022-04-04 04:47:20'),
(285, 'Reject Resignation', 'web', '2022-04-03 23:56:18', '2022-04-04 00:37:19'),
(286, 'Primary Approve Promotion', 'web', '2022-04-04 03:43:25', '2022-04-04 00:48:10'),
(287, 'Generate Promotion', 'web', '2022-04-04 01:38:21', '2022-04-04 05:45:20'),
(288, 'ReVerify Promotion', 'web', '2022-04-04 03:45:24', '2022-04-04 02:40:13'),
(289, 'Final Approve Promotion', 'web', '2022-04-04 07:48:13', '2022-04-04 00:51:13'),
(290, 'Reject Promotion', 'web', '2022-04-04 02:37:18', '2022-04-04 01:00:14'),
(291, 'Primary Approve Termination', 'web', '2022-04-04 01:03:14', '2022-04-04 05:50:19'),
(292, 'Generate Termination', 'web', '2022-04-04 05:48:29', '2022-04-03 23:41:33'),
(293, 'ReVerify Termination', 'web', '2022-04-04 01:38:19', '2022-04-04 06:50:18'),
(294, 'Final Approve Termination', 'web', '2022-04-04 04:43:24', '2022-04-04 05:39:23'),
(295, 'Reject Termination', 'web', '2022-04-03 23:54:12', '2022-04-04 01:38:20'),
(296, 'Document Clearance Transfer', 'web', '2022-04-08 01:42:29', '2022-04-08 00:38:20'),
(297, 'Document Clearance Resignation', 'web', '2022-04-08 02:44:25', '2022-04-08 03:43:26'),
(298, 'Document Clearance Retirement', 'web', '2022-04-08 03:42:39', '2022-04-08 09:58:22'),
(299, 'Document Clearance Promotion', 'web', '2022-04-08 02:03:20', '2022-04-08 04:50:35'),
(300, 'Document Clearance Termination', 'web', '2022-04-08 06:53:35', '2022-04-08 02:37:29'),
(301, 'Approve Travel', 'web', '2022-01-28 16:56:54', '2022-01-28 16:56:54');

-- --------------------------------------------------------

--
-- Table structure for table `permissions_local_bc`
--

DROP TABLE IF EXISTS `permissions_local_bc`;
CREATE TABLE IF NOT EXISTS `permissions_local_bc` (
  `id` bigint(20) UNSIGNED NOT NULL AUTO_INCREMENT,
  `name` varchar(255) COLLATE utf8mb4_unicode_ci NOT NULL,
  `guard_name` varchar(255) COLLATE utf8mb4_unicode_ci NOT NULL,
  `created_at` timestamp NULL DEFAULT NULL,
  `updated_at` timestamp NULL DEFAULT NULL,
  PRIMARY KEY (`id`)
) ENGINE=InnoDB AUTO_INCREMENT=320 DEFAULT CHARSET=utf8mb4 COLLATE=utf8mb4_unicode_ci ROW_FORMAT=DYNAMIC;

--
-- Dumping data for table `permissions_local_bc`
--

INSERT INTO `permissions_local_bc` (`id`, `name`, `guard_name`, `created_at`, `updated_at`) VALUES
(1, 'Manage User', 'web', '2022-01-28 11:26:54', '2022-01-28 11:26:54'),
(2, 'Create User', 'web', '2022-01-28 11:26:54', '2022-01-28 11:26:54'),
(3, 'Edit User', 'web', '2022-01-28 11:26:54', '2022-01-28 11:26:54'),
(4, 'Delete User', 'web', '2022-01-28 11:26:54', '2022-01-28 11:26:54'),
(5, 'Manage Role', 'web', '2022-01-28 11:26:54', '2022-01-28 11:26:54'),
(6, 'Create Role', 'web', '2022-01-28 11:26:54', '2022-01-28 11:26:54'),
(7, 'Delete Role', 'web', '2022-01-28 11:26:54', '2022-01-28 11:26:54'),
(8, 'Edit Role', 'web', '2022-01-28 11:26:54', '2022-01-28 11:26:54'),
(9, 'Manage Award', 'web', '2022-01-28 11:26:54', '2022-01-28 11:26:54'),
(10, 'Create Award', 'web', '2022-01-28 11:26:54', '2022-01-28 11:26:54'),
(11, 'Delete Award', 'web', '2022-01-28 11:26:54', '2022-01-28 11:26:54'),
(12, 'Edit Award', 'web', '2022-01-28 11:26:54', '2022-01-28 11:26:54'),
(13, 'Manage Transfer', 'web', '2022-01-28 11:26:54', '2022-01-28 11:26:54'),
(14, 'Create Transfer', 'web', '2022-01-28 11:26:54', '2022-01-28 11:26:54'),
(15, 'Delete Transfer', 'web', '2022-01-28 11:26:54', '2022-01-28 11:26:54'),
(16, 'Edit Transfer', 'web', '2022-01-28 11:26:54', '2022-01-28 11:26:54'),
(17, 'Manage Resignation', 'web', '2022-01-28 11:26:54', '2022-01-28 11:26:54'),
(18, 'Create Resignation', 'web', '2022-01-28 11:26:54', '2022-01-28 11:26:54'),
(19, 'Edit Resignation', 'web', '2022-01-28 11:26:54', '2022-01-28 11:26:54'),
(20, 'Delete Resignation', 'web', '2022-01-28 11:26:54', '2022-01-28 11:26:54'),
(21, 'Manage Travel', 'web', '2022-01-28 11:26:54', '2022-01-28 11:26:54'),
(22, 'Create Travel', 'web', '2022-01-28 11:26:54', '2022-01-28 11:26:54'),
(23, 'Edit Travel', 'web', '2022-01-28 11:26:54', '2022-01-28 11:26:54'),
(24, 'Delete Travel', 'web', '2022-01-28 11:26:54', '2022-01-28 11:26:54'),
(25, 'Manage Promotion', 'web', '2022-01-28 11:26:54', '2022-01-28 11:26:54'),
(26, 'Create Promotion', 'web', '2022-01-28 11:26:54', '2022-01-28 11:26:54'),
(27, 'Edit Promotion', 'web', '2022-01-28 11:26:54', '2022-01-28 11:26:54'),
(28, 'Delete Promotion', 'web', '2022-01-28 11:26:54', '2022-01-28 11:26:54'),
(29, 'Manage Complaint', 'web', '2022-01-28 11:26:54', '2022-01-28 11:26:54'),
(30, 'Create Complaint', 'web', '2022-01-28 11:26:54', '2022-01-28 11:26:54'),
(31, 'Edit Complaint', 'web', '2022-01-28 11:26:54', '2022-01-28 11:26:54'),
(32, 'Delete Complaint', 'web', '2022-01-28 11:26:54', '2022-01-28 11:26:54'),
(33, 'Manage Warning', 'web', '2022-01-28 11:26:54', '2022-01-28 11:26:54'),
(34, 'Create Warning', 'web', '2022-01-28 11:26:54', '2022-01-28 11:26:54'),
(35, 'Edit Warning', 'web', '2022-01-28 11:26:54', '2022-01-28 11:26:54'),
(36, 'Delete Warning', 'web', '2022-01-28 11:26:54', '2022-01-28 11:26:54'),
(37, 'Manage Termination', 'web', '2022-01-28 11:26:54', '2022-01-28 11:26:54'),
(38, 'Create Termination', 'web', '2022-01-28 11:26:54', '2022-01-28 11:26:54'),
(39, 'Edit Termination', 'web', '2022-01-28 11:26:54', '2022-01-28 11:26:54'),
(40, 'Delete Termination', 'web', '2022-01-28 11:26:54', '2022-01-28 11:26:54'),
(41, 'Manage Department', 'web', '2022-01-28 11:26:54', '2022-01-28 11:26:54'),
(42, 'Create Department', 'web', '2022-01-28 11:26:54', '2022-01-28 11:26:54'),
(43, 'Edit Department', 'web', '2022-01-28 11:26:54', '2022-01-28 11:26:54'),
(44, 'Delete Department', 'web', '2022-01-28 11:26:54', '2022-01-28 11:26:54'),
(45, 'Manage Designation', 'web', '2022-01-28 11:26:54', '2022-01-28 11:26:54'),
(46, 'Create Designation', 'web', '2022-01-28 11:26:54', '2022-01-28 11:26:54'),
(47, 'Edit Designation', 'web', '2022-01-28 11:26:54', '2022-01-28 11:26:54'),
(48, 'Delete Designation', 'web', '2022-01-28 11:26:54', '2022-01-28 11:26:54'),
(49, 'Manage Document Type', 'web', '2022-01-28 11:26:54', '2022-01-28 11:26:54'),
(50, 'Create Document Type', 'web', '2022-01-28 11:26:54', '2022-01-28 11:26:54'),
(51, 'Edit Document Type', 'web', '2022-01-28 11:26:54', '2022-01-28 11:26:54'),
(52, 'Delete Document Type', 'web', '2022-01-28 11:26:54', '2022-01-28 11:26:54'),
(53, 'Manage Branch', 'web', '2022-01-28 11:26:54', '2022-01-28 11:26:54'),
(54, 'Create Branch', 'web', '2022-01-28 11:26:54', '2022-01-28 11:26:54'),
(55, 'Edit Branch', 'web', '2022-01-28 11:26:54', '2022-01-28 11:26:54'),
(56, 'Delete Branch', 'web', '2022-01-28 11:26:54', '2022-01-28 11:26:54'),
(57, 'Manage Award Type', 'web', '2022-01-28 11:26:54', '2022-01-28 11:26:54'),
(58, 'Create Award Type', 'web', '2022-01-28 11:26:54', '2022-01-28 11:26:54'),
(59, 'Edit Award Type', 'web', '2022-01-28 11:26:54', '2022-01-28 11:26:54'),
(60, 'Delete Award Type', 'web', '2022-01-28 11:26:54', '2022-01-28 11:26:54'),
(61, 'Manage Termination Type', 'web', '2022-01-28 11:26:54', '2022-01-28 11:26:54'),
(62, 'Create Termination Type', 'web', '2022-01-28 11:26:54', '2022-01-28 11:26:54'),
(63, 'Edit Termination Type', 'web', '2022-01-28 11:26:54', '2022-01-28 11:26:54'),
(64, 'Delete Termination Type', 'web', '2022-01-28 11:26:54', '2022-01-28 11:26:54'),
(65, 'Manage Employee', 'web', '2022-01-28 11:26:54', '2022-01-28 11:26:54'),
(66, 'Create Employee', 'web', '2022-01-28 11:26:54', '2022-01-28 11:26:54'),
(67, 'Edit Employee', 'web', '2022-01-28 11:26:54', '2022-01-28 11:26:54'),
(68, 'Delete Employee', 'web', '2022-01-28 11:26:54', '2022-01-28 11:26:54'),
(69, 'Show Employee', 'web', '2022-01-28 11:26:54', '2022-01-28 11:26:54'),
(70, 'Manage Payslip Type', 'web', '2022-01-28 11:26:54', '2022-01-28 11:26:54'),
(71, 'Create Payslip Type', 'web', '2022-01-28 11:26:54', '2022-01-28 11:26:54'),
(72, 'Edit Payslip Type', 'web', '2022-01-28 11:26:54', '2022-01-28 11:26:54'),
(73, 'Delete Payslip Type', 'web', '2022-01-28 11:26:54', '2022-01-28 11:26:54'),
(74, 'Manage Allowance Option', 'web', '2022-01-28 11:26:54', '2022-01-28 11:26:54'),
(75, 'Create Allowance Option', 'web', '2022-01-28 11:26:54', '2022-01-28 11:26:54'),
(76, 'Edit Allowance Option', 'web', '2022-01-28 11:26:54', '2022-01-28 11:26:54'),
(77, 'Delete Allowance Option', 'web', '2022-01-28 11:26:54', '2022-01-28 11:26:54'),
(78, 'Manage Loan Option', 'web', '2022-01-28 11:26:54', '2022-01-28 11:26:54'),
(79, 'Create Loan Option', 'web', '2022-01-28 11:26:54', '2022-01-28 11:26:54'),
(80, 'Edit Loan Option', 'web', '2022-01-28 11:26:54', '2022-01-28 11:26:54'),
(81, 'Delete Loan Option', 'web', '2022-01-28 11:26:54', '2022-01-28 11:26:54'),
(82, 'Manage Deduction Option', 'web', '2022-01-28 11:26:54', '2022-01-28 11:26:54'),
(83, 'Create Deduction Option', 'web', '2022-01-28 11:26:54', '2022-01-28 11:26:54'),
(84, 'Edit Deduction Option', 'web', '2022-01-28 11:26:54', '2022-01-28 11:26:54'),
(85, 'Delete Deduction Option', 'web', '2022-01-28 11:26:54', '2022-01-28 11:26:54'),
(86, 'Manage Set Salary', 'web', '2022-01-28 11:26:54', '2022-01-28 11:26:54'),
(87, 'Create Set Salary', 'web', '2022-01-28 11:26:54', '2022-01-28 11:26:54'),
(88, 'Edit Set Salary', 'web', '2022-01-28 11:26:54', '2022-01-28 11:26:54'),
(89, 'Delete Set Salary', 'web', '2022-01-28 11:26:54', '2022-01-28 11:26:54'),
(90, 'Manage Allowance', 'web', '2022-01-28 11:26:54', '2022-01-28 11:26:54'),
(91, 'Create Allowance', 'web', '2022-01-28 11:26:54', '2022-01-28 11:26:54'),
(92, 'Edit Allowance', 'web', '2022-01-28 11:26:54', '2022-01-28 11:26:54'),
(93, 'Delete Allowance', 'web', '2022-01-28 11:26:54', '2022-01-28 11:26:54'),
(94, 'Create Commission', 'web', '2022-01-28 11:26:54', '2022-01-28 11:26:54'),
(95, 'Create Loan', 'web', '2022-01-28 11:26:54', '2022-01-28 11:26:54'),
(96, 'Create Saturation Deduction', 'web', '2022-01-28 11:26:54', '2022-01-28 11:26:54'),
(97, 'Create Other Payment', 'web', '2022-01-28 11:26:54', '2022-01-28 11:26:54'),
(98, 'Create Overtime', 'web', '2022-01-28 11:26:54', '2022-01-28 11:26:54'),
(99, 'Edit Commission', 'web', '2022-01-28 11:26:54', '2022-01-28 11:26:54'),
(100, 'Delete Commission', 'web', '2022-01-28 11:26:54', '2022-01-28 11:26:54'),
(101, 'Edit Loan', 'web', '2022-01-28 11:26:54', '2022-01-28 11:26:54'),
(102, 'Delete Loan', 'web', '2022-01-28 11:26:54', '2022-01-28 11:26:54'),
(103, 'Edit Saturation Deduction', 'web', '2022-01-28 11:26:54', '2022-01-28 11:26:54'),
(104, 'Delete Saturation Deduction', 'web', '2022-01-28 11:26:54', '2022-01-28 11:26:54'),
(105, 'Edit Other Payment', 'web', '2022-01-28 11:26:54', '2022-01-28 11:26:54'),
(106, 'Delete Other Payment', 'web', '2022-01-28 11:26:54', '2022-01-28 11:26:54'),
(107, 'Edit Overtime', 'web', '2022-01-28 11:26:54', '2022-01-28 11:26:54'),
(108, 'Delete Overtime', 'web', '2022-01-28 11:26:54', '2022-01-28 11:26:54'),
(109, 'Manage Pay Slip', 'web', '2022-01-28 11:26:54', '2022-01-28 11:26:54'),
(110, 'Create Pay Slip', 'web', '2022-01-28 11:26:54', '2022-01-28 11:26:54'),
(111, 'Edit Pay Slip', 'web', '2022-01-28 11:26:54', '2022-01-28 11:26:54'),
(112, 'Delete Pay Slip', 'web', '2022-01-28 11:26:54', '2022-01-28 11:26:54'),
(113, 'Manage Account List', 'web', '2022-01-28 11:26:54', '2022-01-28 11:26:54'),
(114, 'Create Account List', 'web', '2022-01-28 11:26:54', '2022-01-28 11:26:54'),
(115, 'Edit Account List', 'web', '2022-01-28 11:26:54', '2022-01-28 11:26:54'),
(116, 'Delete Account List', 'web', '2022-01-28 11:26:54', '2022-01-28 11:26:54'),
(117, 'View Balance Account List', 'web', '2022-01-28 11:26:54', '2022-01-28 11:26:54'),
(118, 'Manage Payee', 'web', '2022-01-28 11:26:54', '2022-01-28 11:26:54'),
(119, 'Create Payee', 'web', '2022-01-28 11:26:54', '2022-01-28 11:26:54'),
(120, 'Edit Payee', 'web', '2022-01-28 11:26:54', '2022-01-28 11:26:54'),
(121, 'Delete Payee', 'web', '2022-01-28 11:26:54', '2022-01-28 11:26:54'),
(122, 'Manage Payer', 'web', '2022-01-28 11:26:54', '2022-01-28 11:26:54'),
(123, 'Create Payer', 'web', '2022-01-28 11:26:54', '2022-01-28 11:26:54'),
(124, 'Edit Payer', 'web', '2022-01-28 11:26:54', '2022-01-28 11:26:54'),
(125, 'Delete Payer', 'web', '2022-01-28 11:26:54', '2022-01-28 11:26:54'),
(126, 'Manage Expense Type', 'web', '2022-01-28 11:26:54', '2022-01-28 11:26:54'),
(127, 'Create Expense Type', 'web', '2022-01-28 11:26:54', '2022-01-28 11:26:54'),
(128, 'Edit Expense Type', 'web', '2022-01-28 11:26:54', '2022-01-28 11:26:54'),
(129, 'Delete Expense Type', 'web', '2022-01-28 11:26:54', '2022-01-28 11:26:54'),
(130, 'Manage Income Type', 'web', '2022-01-28 11:26:54', '2022-01-28 11:26:54'),
(131, 'Edit Income Type', 'web', '2022-01-28 11:26:54', '2022-01-28 11:26:54'),
(132, 'Delete Income Type', 'web', '2022-01-28 11:26:54', '2022-01-28 11:26:54'),
(133, 'Create Income Type', 'web', '2022-01-28 11:26:54', '2022-01-28 11:26:54'),
(134, 'Manage Payment Type', 'web', '2022-01-28 11:26:54', '2022-01-28 11:26:54'),
(135, 'Create Payment Type', 'web', '2022-01-28 11:26:54', '2022-01-28 11:26:54'),
(136, 'Edit Payment Type', 'web', '2022-01-28 11:26:54', '2022-01-28 11:26:54'),
(137, 'Delete Payment Type', 'web', '2022-01-28 11:26:54', '2022-01-28 11:26:54'),
(138, 'Manage Deposit', 'web', '2022-01-28 11:26:54', '2022-01-28 11:26:54'),
(139, 'Create Deposit', 'web', '2022-01-28 11:26:54', '2022-01-28 11:26:54'),
(140, 'Edit Deposit', 'web', '2022-01-28 11:26:54', '2022-01-28 11:26:54'),
(141, 'Delete Deposit', 'web', '2022-01-28 11:26:54', '2022-01-28 11:26:54'),
(142, 'Manage Expense', 'web', '2022-01-28 11:26:54', '2022-01-28 11:26:54'),
(143, 'Create Expense', 'web', '2022-01-28 11:26:54', '2022-01-28 11:26:54'),
(144, 'Edit Expense', 'web', '2022-01-28 11:26:54', '2022-01-28 11:26:54'),
(145, 'Delete Expense', 'web', '2022-01-28 11:26:54', '2022-01-28 11:26:54'),
(146, 'Manage Transfer Balance', 'web', '2022-01-28 11:26:54', '2022-01-28 11:26:54'),
(147, 'Create Transfer Balance', 'web', '2022-01-28 11:26:54', '2022-01-28 11:26:54'),
(148, 'Edit Transfer Balance', 'web', '2022-01-28 11:26:54', '2022-01-28 11:26:54'),
(149, 'Delete Transfer Balance', 'web', '2022-01-28 11:26:54', '2022-01-28 11:26:54'),
(150, 'Manage Event', 'web', '2022-01-28 11:26:54', '2022-01-28 11:26:54'),
(151, 'Create Event', 'web', '2022-01-28 11:26:54', '2022-01-28 11:26:54'),
(152, 'Edit Event', 'web', '2022-01-28 11:26:54', '2022-01-28 11:26:54'),
(153, 'Delete Event', 'web', '2022-01-28 11:26:54', '2022-01-28 11:26:54'),
(154, 'Manage Announcement', 'web', '2022-01-28 11:26:54', '2022-01-28 11:26:54'),
(155, 'Create Announcement', 'web', '2022-01-28 11:26:54', '2022-01-28 11:26:54'),
(156, 'Edit Announcement', 'web', '2022-01-28 11:26:54', '2022-01-28 11:26:54'),
(157, 'Delete Announcement', 'web', '2022-01-28 11:26:54', '2022-01-28 11:26:54'),
(158, 'Manage Leave Type', 'web', '2022-01-28 11:26:54', '2022-01-28 11:26:54'),
(159, 'Create Leave Type', 'web', '2022-01-28 11:26:54', '2022-01-28 11:26:54'),
(160, 'Edit Leave Type', 'web', '2022-01-28 11:26:54', '2022-01-28 11:26:54'),
(161, 'Delete Leave Type', 'web', '2022-01-28 11:26:54', '2022-01-28 11:26:54'),
(162, 'Manage Leave', 'web', '2022-01-28 11:26:54', '2022-01-28 11:26:54'),
(163, 'Create Leave', 'web', '2022-01-28 11:26:54', '2022-01-28 11:26:54'),
(164, 'Edit Leave', 'web', '2022-01-28 11:26:54', '2022-01-28 11:26:54'),
(165, 'Delete Leave', 'web', '2022-01-28 11:26:54', '2022-01-28 11:26:54'),
(166, 'Manage Meeting', 'web', '2022-01-28 11:26:54', '2022-01-28 11:26:54'),
(167, 'Create Meeting', 'web', '2022-01-28 11:26:54', '2022-01-28 11:26:54'),
(168, 'Edit Meeting', 'web', '2022-01-28 11:26:54', '2022-01-28 11:26:54'),
(169, 'Delete Meeting', 'web', '2022-01-28 11:26:54', '2022-01-28 11:26:54'),
(170, 'Manage Ticket', 'web', '2022-01-28 11:26:54', '2022-01-28 11:26:54'),
(171, 'Create Ticket', 'web', '2022-01-28 11:26:54', '2022-01-28 11:26:54'),
(172, 'Edit Ticket', 'web', '2022-01-28 11:26:54', '2022-01-28 11:26:54'),
(173, 'Delete Ticket', 'web', '2022-01-28 11:26:54', '2022-01-28 11:26:54'),
(174, 'Manage Attendance', 'web', '2022-01-28 11:26:54', '2022-01-28 11:26:54'),
(175, 'Create Attendance', 'web', '2022-01-28 11:26:54', '2022-01-28 11:26:54'),
(176, 'Edit Attendance', 'web', '2022-01-28 11:26:54', '2022-01-28 11:26:54'),
(177, 'Delete Attendance', 'web', '2022-01-28 11:26:54', '2022-01-28 11:26:54'),
(178, 'Manage Language', 'web', '2022-01-28 11:26:54', '2022-01-28 11:26:54'),
(179, 'Create Language', 'web', '2022-01-28 11:26:54', '2022-01-28 11:26:54'),
(180, 'Manage Company Settings', 'web', '2022-01-28 11:26:54', '2022-01-28 11:26:54'),
(181, 'Manage TimeSheet', 'web', '2022-01-28 11:26:54', '2022-01-28 11:26:54'),
(182, 'Create TimeSheet', 'web', '2022-01-28 11:26:54', '2022-01-28 11:26:54'),
(183, 'Edit TimeSheet', 'web', '2022-01-28 11:26:54', '2022-01-28 11:26:54'),
(184, 'Delete TimeSheet', 'web', '2022-01-28 11:26:54', '2022-01-28 11:26:54'),
(185, 'Manage Assets', 'web', '2022-01-28 11:26:54', '2022-01-28 11:26:54'),
(186, 'Create Assets', 'web', '2022-01-28 11:26:54', '2022-01-28 11:26:54'),
(187, 'Edit Assets', 'web', '2022-01-28 11:26:54', '2022-01-28 11:26:54'),
(188, 'Delete Assets', 'web', '2022-01-28 11:26:54', '2022-01-28 11:26:54'),
(189, 'Manage Document', 'web', '2022-01-28 11:26:54', '2022-01-28 11:26:54'),
(190, 'Create Document', 'web', '2022-01-28 11:26:54', '2022-01-28 11:26:54'),
(191, 'Edit Document', 'web', '2022-01-28 11:26:54', '2022-01-28 11:26:54'),
(192, 'Delete Document', 'web', '2022-01-28 11:26:54', '2022-01-28 11:26:54'),
(193, 'Manage Employee Profile', 'web', '2022-01-28 11:26:54', '2022-01-28 11:26:54'),
(194, 'Show Employee Profile', 'web', '2022-01-28 11:26:54', '2022-01-28 11:26:54'),
(195, 'Manage Employee Last Login', 'web', '2022-01-28 11:26:54', '2022-01-28 11:26:54'),
(196, 'Manage Indicator', 'web', '2022-01-28 11:26:54', '2022-01-28 11:26:54'),
(197, 'Create Indicator', 'web', '2022-01-28 11:26:54', '2022-01-28 11:26:54'),
(198, 'Edit Indicator', 'web', '2022-01-28 11:26:54', '2022-01-28 11:26:54'),
(199, 'Delete Indicator', 'web', '2022-01-28 11:26:54', '2022-01-28 11:26:54'),
(200, 'Show Indicator', 'web', '2022-01-28 11:26:54', '2022-01-28 11:26:54'),
(201, 'Manage Appraisal', 'web', '2022-01-28 11:26:54', '2022-01-28 11:26:54'),
(202, 'Create Appraisal', 'web', '2022-01-28 11:26:54', '2022-01-28 11:26:54'),
(203, 'Edit Appraisal', 'web', '2022-01-28 11:26:54', '2022-01-28 11:26:54'),
(204, 'Delete Appraisal', 'web', '2022-01-28 11:26:54', '2022-01-28 11:26:54'),
(205, 'Show Appraisal', 'web', '2022-01-28 11:26:54', '2022-01-28 11:26:54'),
(206, 'Manage Goal Type', 'web', '2022-01-28 11:26:54', '2022-01-28 11:26:54'),
(207, 'Create Goal Type', 'web', '2022-01-28 11:26:54', '2022-01-28 11:26:54'),
(208, 'Edit Goal Type', 'web', '2022-01-28 11:26:54', '2022-01-28 11:26:54'),
(209, 'Delete Goal Type', 'web', '2022-01-28 11:26:54', '2022-01-28 11:26:54'),
(210, 'Manage Goal Tracking', 'web', '2022-01-28 11:26:54', '2022-01-28 11:26:54'),
(211, 'Create Goal Tracking', 'web', '2022-01-28 11:26:54', '2022-01-28 11:26:54'),
(212, 'Edit Goal Tracking', 'web', '2022-01-28 11:26:54', '2022-01-28 11:26:54'),
(213, 'Delete Goal Tracking', 'web', '2022-01-28 11:26:54', '2022-01-28 11:26:54'),
(214, 'Manage Company Policy', 'web', '2022-01-28 11:26:54', '2022-01-28 11:26:54'),
(215, 'Create Company Policy', 'web', '2022-01-28 11:26:54', '2022-01-28 11:26:54'),
(216, 'Edit Company Policy', 'web', '2022-01-28 11:26:54', '2022-01-28 11:26:54'),
(217, 'Delete Company Policy', 'web', '2022-01-28 11:26:54', '2022-01-28 11:26:54'),
(218, 'Manage Trainer', 'web', '2022-01-28 11:26:54', '2022-01-28 11:26:54'),
(219, 'Create Trainer', 'web', '2022-01-28 11:26:54', '2022-01-28 11:26:54'),
(220, 'Edit Trainer', 'web', '2022-01-28 11:26:54', '2022-01-28 11:26:54'),
(221, 'Delete Trainer', 'web', '2022-01-28 11:26:54', '2022-01-28 11:26:54'),
(222, 'Show Trainer', 'web', '2022-01-28 11:26:54', '2022-01-28 11:26:54'),
(223, 'Manage Training', 'web', '2022-01-28 11:26:54', '2022-01-28 11:26:54'),
(224, 'Create Training', 'web', '2022-01-28 11:26:54', '2022-01-28 11:26:54'),
(225, 'Edit Training', 'web', '2022-01-28 11:26:54', '2022-01-28 11:26:54'),
(226, 'Delete Training', 'web', '2022-01-28 11:26:54', '2022-01-28 11:26:54'),
(227, 'Show Training', 'web', '2022-01-28 11:26:54', '2022-01-28 11:26:54'),
(228, 'Manage Training Type', 'web', '2022-01-28 11:26:54', '2022-01-28 11:26:54'),
(229, 'Create Training Type', 'web', '2022-01-28 11:26:54', '2022-01-28 11:26:54'),
(230, 'Edit Training Type', 'web', '2022-01-28 11:26:54', '2022-01-28 11:26:54'),
(231, 'Delete Training Type', 'web', '2022-01-28 11:26:54', '2022-01-28 11:26:54'),
(232, 'Manage Report', 'web', '2022-01-28 11:26:54', '2022-01-28 11:26:54'),
(233, 'Manage Holiday', 'web', '2022-01-28 11:26:54', '2022-01-28 11:26:54'),
(234, 'Create Holiday', 'web', '2022-01-28 11:26:54', '2022-01-28 11:26:54'),
(235, 'Edit Holiday', 'web', '2022-01-28 11:26:54', '2022-01-28 11:26:54'),
(236, 'Delete Holiday', 'web', '2022-01-28 11:26:54', '2022-01-28 11:26:54'),
(237, 'Manage Job Category', 'web', '2022-01-28 11:26:54', '2022-01-28 11:26:54'),
(238, 'Create Job Category', 'web', '2022-01-28 11:26:54', '2022-01-28 11:26:54'),
(239, 'Edit Job Category', 'web', '2022-01-28 11:26:54', '2022-01-28 11:26:54'),
(240, 'Delete Job Category', 'web', '2022-01-28 11:26:54', '2022-01-28 11:26:54'),
(241, 'Manage Job Stage', 'web', '2022-01-28 11:26:54', '2022-01-28 11:26:54'),
(242, 'Create Job Stage', 'web', '2022-01-28 11:26:54', '2022-01-28 11:26:54'),
(243, 'Edit Job Stage', 'web', '2022-01-28 11:26:54', '2022-01-28 11:26:54'),
(244, 'Delete Job Stage', 'web', '2022-01-28 11:26:54', '2022-01-28 11:26:54'),
(245, 'Manage Job', 'web', '2022-01-28 11:26:54', '2022-01-28 11:26:54'),
(246, 'Create Job', 'web', '2022-01-28 11:26:54', '2022-01-28 11:26:54'),
(247, 'Edit Job', 'web', '2022-01-28 11:26:54', '2022-01-28 11:26:54'),
(248, 'Delete Job', 'web', '2022-01-28 11:26:54', '2022-01-28 11:26:54'),
(249, 'Show Job', 'web', '2022-01-28 11:26:54', '2022-01-28 11:26:54'),
(250, 'Manage Job Application', 'web', '2022-01-28 11:26:54', '2022-01-28 11:26:54'),
(251, 'Create Job Application', 'web', '2022-01-28 11:26:54', '2022-01-28 11:26:54'),
(252, 'Edit Job Application', 'web', '2022-01-28 11:26:54', '2022-01-28 11:26:54'),
(253, 'Delete Job Application', 'web', '2022-01-28 11:26:54', '2022-01-28 11:26:54'),
(254, 'Show Job Application', 'web', '2022-01-28 11:26:54', '2022-01-28 11:26:54'),
(255, 'Move Job Application', 'web', '2022-01-28 11:26:54', '2022-01-28 11:26:54'),
(256, 'Add Job Application Note', 'web', '2022-01-28 11:26:54', '2022-01-28 11:26:54'),
(257, 'Delete Job Application Note', 'web', '2022-01-28 11:26:54', '2022-01-28 11:26:54'),
(258, 'Add Job Application Skill', 'web', '2022-01-28 11:26:54', '2022-01-28 11:26:54'),
(259, 'Manage Job OnBoard', 'web', '2022-01-28 11:26:54', '2022-01-28 11:26:54'),
(260, 'Manage Custom Question', 'web', '2022-01-28 11:26:54', '2022-01-28 11:26:54'),
(261, 'Create Custom Question', 'web', '2022-01-28 11:26:54', '2022-01-28 11:26:54'),
(262, 'Edit Custom Question', 'web', '2022-01-28 11:26:54', '2022-01-28 11:26:54'),
(263, 'Delete Custom Question', 'web', '2022-01-28 11:26:54', '2022-01-28 11:26:54'),
(264, 'Manage Interview Schedule', 'web', '2022-01-28 11:26:54', '2022-01-28 11:26:54'),
(265, 'Create Interview Schedule', 'web', '2022-01-28 11:26:54', '2022-01-28 11:26:54'),
(266, 'Edit Interview Schedule', 'web', '2022-01-28 11:26:54', '2022-01-28 11:26:54'),
(267, 'Delete Interview Schedule', 'web', '2022-01-28 11:26:54', '2022-01-28 11:26:54'),
(268, 'Manage Career', 'web', '2022-01-28 11:26:54', '2022-01-28 11:26:54'),
(269, 'Manage Competencies', 'web', '2022-01-28 11:26:54', '2022-01-28 11:26:54'),
(270, 'Create Competencies', 'web', '2022-01-28 11:26:54', '2022-01-28 11:26:54'),
(271, 'Edit Competencies', 'web', '2022-01-28 11:26:54', '2022-01-28 11:26:54'),
(272, 'Delete Competencies', 'web', '2022-01-28 11:26:54', '2022-01-28 11:26:54'),
(273, 'Paid Pay Slip', 'web', '2022-03-22 00:11:11', '2022-03-22 00:11:11'),
(274, 'Varify Pay Slip', 'web', '2022-03-22 00:11:11', '2022-03-22 00:11:11'),
(275, 'Re-Varify Pay Slip', 'web', '2022-03-22 00:11:11', '2022-03-22 00:11:11'),
(298, 'Delete Termination', 'web', '2022-04-03 20:10:20', '2022-04-03 19:28:18'),
(299, 'Primary Approve Transfer', 'web', '2022-04-03 18:13:18', '2022-04-03 17:26:18'),
(300, 'Generate Transfer', 'web', '2022-04-03 19:27:11', '2022-04-03 21:13:24'),
(301, 'ReVerify Transfer', 'web', '2022-04-03 18:23:11', '2022-04-03 17:19:15'),
(302, 'Final Approve Transfer', 'web', '2022-04-03 19:07:20', '2022-04-03 20:17:09'),
(303, 'Reject Transfer', 'web', '2022-04-03 20:05:15', '2022-04-03 22:16:10'),
(304, 'Primary Approve Resignation', 'web', '2022-04-03 22:12:24', '2022-04-03 19:23:15'),
(305, 'Generate Resignation', 'web', NULL, NULL),
(306, 'ReVerify Resignation', 'web', '2022-04-04 01:16:24', '2022-04-03 19:13:30'),
(307, 'Final Approve Resignation', 'web', '2022-04-03 19:27:12', '2022-04-03 23:17:20'),
(308, 'Reject Resignation', 'web', '2022-04-03 18:26:18', '2022-04-03 19:07:19'),
(309, 'Primary Approve Promotion', 'web', '2022-04-03 22:13:25', '2022-04-03 19:18:10'),
(310, 'Generate Promotion', 'web', '2022-04-03 20:08:21', '2022-04-04 00:15:20'),
(312, 'ReVerify Promotion', 'web', '2022-04-03 22:15:24', '2022-04-03 21:10:13'),
(313, 'Final Approve Promotion', 'web', '2022-04-04 02:18:13', '2022-04-03 19:21:13'),
(314, 'Reject Promotion', 'web', '2022-04-03 21:07:18', '2022-04-03 19:30:14'),
(315, 'Primary Approve Termination', 'web', '2022-04-03 19:33:14', '2022-04-04 00:20:19'),
(316, 'Generate Termination', 'web', '2022-04-04 00:18:29', '2022-04-03 18:11:33'),
(317, 'ReVerify Termination', 'web', '2022-04-03 20:08:19', '2022-04-04 01:20:18'),
(318, 'Final Approve Termination', 'web', '2022-04-03 23:13:24', '2022-04-04 00:09:23'),
(319, 'Reject Termination', 'web', '2022-04-03 18:24:12', '2022-04-03 20:08:20');

-- --------------------------------------------------------

--
-- Table structure for table `promotions`
--

DROP TABLE IF EXISTS `promotions`;
CREATE TABLE IF NOT EXISTS `promotions` (
  `id` bigint(20) UNSIGNED NOT NULL AUTO_INCREMENT,
  `employee_id` int(11) NOT NULL,
  `designation_id` int(11) NOT NULL,
  `promotion_title` varchar(255) COLLATE utf8mb4_unicode_ci NOT NULL,
  `promotion_date` date NOT NULL,
  `description` varchar(255) COLLATE utf8mb4_unicode_ci NOT NULL,
  `status` smallint(6) DEFAULT '0',
  `created_by` varchar(255) COLLATE utf8mb4_unicode_ci NOT NULL,
  `created_at` timestamp NULL DEFAULT NULL,
  `updated_at` timestamp NULL DEFAULT NULL,
  PRIMARY KEY (`id`)
) ENGINE=InnoDB AUTO_INCREMENT=6 DEFAULT CHARSET=utf8mb4 COLLATE=utf8mb4_unicode_ci ROW_FORMAT=DYNAMIC;

--
-- Dumping data for table `promotions`
--

INSERT INTO `promotions` (`id`, `employee_id`, `designation_id`, `promotion_title`, `promotion_date`, `description`, `status`, `created_by`, `created_at`, `updated_at`) VALUES
(1, 20, 5, 'Clark', '2022-03-08', 'Ok', NULL, '1', '2022-03-07 03:37:34', '2022-03-08 03:24:28'),
(4, 23, 8, 'Senior Watchman', '2022-04-14', 'promotion initiated', 0, '1', '2022-04-14 02:06:34', '2022-04-14 02:06:34'),
(5, 21, 22, 'senior watchman', '2022-04-19', 'watch man to senior atchman', 0, '1', '2022-04-19 01:30:43', '2022-04-19 01:30:43');

-- --------------------------------------------------------

--
-- Table structure for table `resignations`
--

DROP TABLE IF EXISTS `resignations`;
CREATE TABLE IF NOT EXISTS `resignations` (
  `id` bigint(20) UNSIGNED NOT NULL AUTO_INCREMENT,
  `employee_id` int(11) NOT NULL,
  `notice_date` date NOT NULL,
  `resignation_date` date NOT NULL,
  `description` varchar(255) COLLATE utf8mb4_unicode_ci NOT NULL,
  `status` smallint(6) DEFAULT '0',
  `created_by` int(11) NOT NULL,
  `created_at` timestamp NULL DEFAULT NULL,
  `updated_at` timestamp NULL DEFAULT NULL,
  PRIMARY KEY (`id`)
) ENGINE=InnoDB AUTO_INCREMENT=4 DEFAULT CHARSET=utf8mb4 COLLATE=utf8mb4_unicode_ci ROW_FORMAT=DYNAMIC;

--
-- Dumping data for table `resignations`
--

INSERT INTO `resignations` (`id`, `employee_id`, `notice_date`, `resignation_date`, `description`, `status`, `created_by`, `created_at`, `updated_at`) VALUES
(2, 23, '2022-04-14', '2022-06-14', 'asdadasd', 1, 1, '2022-04-13 23:53:30', '2022-04-19 01:04:37'),
(3, 21, '2022-04-14', '2022-07-14', 'Approved with all verification.', 5, 1, '2022-04-14 01:14:39', '2022-04-14 01:23:41');

-- --------------------------------------------------------

--
-- Table structure for table `retirements`
--

DROP TABLE IF EXISTS `retirements`;
CREATE TABLE IF NOT EXISTS `retirements` (
  `id` bigint(20) NOT NULL AUTO_INCREMENT,
  `employee_id` int(11) NOT NULL,
  `notice_date` date NOT NULL,
  `retirement_date` date NOT NULL,
  `description` text NOT NULL,
  `status` tinyint(1) DEFAULT '0',
  `created_by` int(11) NOT NULL,
  `created_at` timestamp NULL DEFAULT NULL,
  `updated_at` timestamp NULL DEFAULT NULL,
  PRIMARY KEY (`id`)
) ENGINE=InnoDB AUTO_INCREMENT=9 DEFAULT CHARSET=latin1;

--
-- Dumping data for table `retirements`
--

INSERT INTO `retirements` (`id`, `employee_id`, `notice_date`, `retirement_date`, `description`, `status`, `created_by`, `created_at`, `updated_at`) VALUES
(4, 20, '2022-04-14', '2022-05-06', 'retiremnt initiation', 0, 1, '2022-04-13 13:03:09', '2022-04-13 13:03:09'),
(5, 22, '2022-04-14', '2022-04-30', 'retirement initiated', 0, 1, '2022-04-14 01:46:08', '2022-04-14 01:46:08'),
(6, 21, '2022-04-15', '2022-06-15', 'retirement   initiated', 0, 1, '2022-04-15 01:00:18', '2022-04-15 01:00:18'),
(7, 21, '2022-04-15', '2022-06-15', 'primary approve  done', 1, 1, '2022-04-15 01:00:23', '2022-04-15 01:05:53'),
(8, 44, '2022-04-26', '2022-04-30', 'ok testing', 0, 1, '2022-04-26 04:02:56', '2022-04-26 04:02:56');

-- --------------------------------------------------------

--
-- Table structure for table `roles`
--

DROP TABLE IF EXISTS `roles`;
CREATE TABLE IF NOT EXISTS `roles` (
  `id` bigint(20) UNSIGNED NOT NULL AUTO_INCREMENT,
  `name` varchar(255) COLLATE utf8mb4_unicode_ci NOT NULL,
  `guard_name` varchar(255) COLLATE utf8mb4_unicode_ci NOT NULL,
  `created_by` int(11) NOT NULL DEFAULT '0',
  `created_at` timestamp NULL DEFAULT NULL,
  `updated_at` timestamp NULL DEFAULT NULL,
  PRIMARY KEY (`id`)
) ENGINE=InnoDB AUTO_INCREMENT=19 DEFAULT CHARSET=utf8mb4 COLLATE=utf8mb4_unicode_ci ROW_FORMAT=DYNAMIC;

--
-- Dumping data for table `roles`
--

INSERT INTO `roles` (`id`, `name`, `guard_name`, `created_by`, `created_at`, `updated_at`) VALUES
(1, 'company', 'web', 0, '2022-01-28 16:56:54', '2022-01-28 16:56:54'),
(3, 'employee', 'web', 1, '2022-01-28 16:57:03', '2022-01-28 16:57:03'),
(5, 'HR', 'web', 1, '2022-02-17 00:01:18', '2022-04-26 01:38:40'),
(6, 'Head Clerk', 'web', 1, '2022-02-17 01:20:55', '2022-02-17 01:20:55'),
(7, 'Accounts Officer', 'web', 1, '2022-02-17 07:34:39', '2022-02-17 07:34:39'),
(8, 'Tax Officer', 'web', 1, '2022-02-17 23:47:23', '2022-02-17 23:47:23'),
(9, 'Supervisor', 'web', 1, '2022-02-21 16:39:29', '2022-02-21 16:39:29'),
(10, 'Cordinator', 'web', 1, '2022-02-21 16:42:28', '2022-02-21 16:42:28'),
(11, 'Head Account', 'web', 1, '2022-02-21 17:08:22', '2022-02-21 17:08:22'),
(12, 'Head Department', 'web', 1, '2022-02-21 17:11:38', '2022-02-21 17:11:38'),
(13, 'City Municipal Commissioner', 'web', 1, '2022-02-21 17:13:24', '2022-02-21 17:13:24'),
(16, 'employe_2', 'web', 1, '2022-03-03 06:01:42', '2022-03-03 06:01:42'),
(17, 'Nagar Nigam', 'web', 1, '2022-03-22 11:24:03', '2022-03-22 11:24:03'),
(18, 'Upper City\' Municipal Commissioner', 'web', 1, '2022-03-29 06:57:53', '2022-03-29 06:57:53');

-- --------------------------------------------------------

--
-- Table structure for table `role_has_permissions`
--

DROP TABLE IF EXISTS `role_has_permissions`;
CREATE TABLE IF NOT EXISTS `role_has_permissions` (
  `permission_id` bigint(20) UNSIGNED NOT NULL,
  `role_id` bigint(20) UNSIGNED NOT NULL,
  PRIMARY KEY (`permission_id`,`role_id`),
  KEY `role_has_permissions_role_id_foreign` (`role_id`)
) ENGINE=InnoDB DEFAULT CHARSET=utf8mb4 COLLATE=utf8mb4_unicode_ci ROW_FORMAT=DYNAMIC;

--
-- Dumping data for table `role_has_permissions`
--

INSERT INTO `role_has_permissions` (`permission_id`, `role_id`) VALUES
(1, 1),
(2, 1),
(3, 1),
(4, 1),
(5, 1),
(6, 1),
(7, 1),
(8, 1),
(9, 1),
(10, 1),
(11, 1),
(12, 1),
(13, 1),
(14, 1),
(15, 1),
(16, 1),
(17, 1),
(18, 1),
(19, 1),
(20, 1),
(21, 1),
(22, 1),
(23, 1),
(24, 1),
(25, 1),
(26, 1),
(27, 1),
(28, 1),
(29, 1),
(30, 1),
(31, 1),
(32, 1),
(33, 1),
(34, 1),
(35, 1),
(36, 1),
(37, 1),
(38, 1),
(39, 1),
(40, 1),
(41, 1),
(42, 1),
(43, 1),
(44, 1),
(45, 1),
(46, 1),
(47, 1),
(48, 1),
(49, 1),
(50, 1),
(51, 1),
(52, 1),
(53, 1),
(54, 1),
(55, 1),
(56, 1),
(57, 1),
(58, 1),
(59, 1),
(60, 1),
(61, 1),
(62, 1),
(63, 1),
(64, 1),
(65, 1),
(66, 1),
(67, 1),
(68, 1),
(69, 1),
(70, 1),
(71, 1),
(72, 1),
(73, 1),
(74, 1),
(75, 1),
(76, 1),
(77, 1),
(78, 1),
(79, 1),
(80, 1),
(81, 1),
(82, 1),
(83, 1),
(84, 1),
(85, 1),
(86, 1),
(87, 1),
(88, 1),
(89, 1),
(90, 1),
(91, 1),
(92, 1),
(93, 1),
(94, 1),
(95, 1),
(96, 1),
(97, 1),
(98, 1),
(99, 1),
(100, 1),
(101, 1),
(102, 1),
(103, 1),
(104, 1),
(105, 1),
(106, 1),
(107, 1),
(108, 1),
(109, 1),
(110, 1),
(111, 1),
(112, 1),
(113, 1),
(114, 1),
(115, 1),
(116, 1),
(117, 1),
(118, 1),
(119, 1),
(120, 1),
(121, 1),
(122, 1),
(123, 1),
(124, 1),
(125, 1),
(126, 1),
(127, 1),
(128, 1),
(129, 1),
(130, 1),
(131, 1),
(132, 1),
(133, 1),
(134, 1),
(135, 1),
(136, 1),
(137, 1),
(138, 1),
(139, 1),
(140, 1),
(141, 1),
(142, 1),
(143, 1),
(144, 1),
(145, 1),
(146, 1),
(147, 1),
(148, 1),
(149, 1),
(150, 1),
(151, 1),
(152, 1),
(153, 1),
(154, 1),
(155, 1),
(156, 1),
(157, 1),
(158, 1),
(159, 1),
(160, 1),
(161, 1),
(162, 1),
(163, 1),
(164, 1),
(165, 1),
(166, 1),
(167, 1),
(168, 1),
(169, 1),
(170, 1),
(171, 1),
(172, 1),
(173, 1),
(174, 1),
(175, 1),
(176, 1),
(177, 1),
(178, 1),
(179, 1),
(180, 1),
(181, 1),
(182, 1),
(183, 1),
(184, 1),
(185, 1),
(186, 1),
(187, 1),
(188, 1),
(189, 1),
(190, 1),
(191, 1),
(192, 1),
(193, 1),
(194, 1),
(195, 1),
(196, 1),
(197, 1),
(198, 1),
(199, 1),
(200, 1),
(201, 1),
(202, 1),
(203, 1),
(204, 1),
(205, 1),
(206, 1),
(207, 1),
(208, 1),
(209, 1),
(210, 1),
(211, 1),
(212, 1),
(213, 1),
(214, 1),
(215, 1),
(216, 1),
(217, 1),
(218, 1),
(219, 1),
(220, 1),
(221, 1),
(222, 1),
(223, 1),
(224, 1),
(225, 1),
(226, 1),
(227, 1),
(228, 1),
(229, 1),
(230, 1),
(231, 1),
(232, 1),
(233, 1),
(234, 1),
(235, 1),
(236, 1),
(237, 1),
(238, 1),
(239, 1),
(240, 1),
(241, 1),
(242, 1),
(243, 1),
(244, 1),
(245, 1),
(246, 1),
(247, 1),
(248, 1),
(249, 1),
(250, 1),
(251, 1),
(252, 1),
(253, 1),
(254, 1),
(255, 1),
(256, 1),
(257, 1),
(258, 1),
(259, 1),
(260, 1),
(261, 1),
(262, 1),
(263, 1),
(264, 1),
(265, 1),
(266, 1),
(267, 1),
(268, 1),
(269, 1),
(270, 1),
(271, 1),
(272, 1),
(30, 3),
(79, 3),
(80, 3),
(109, 3),
(194, 3),
(225, 3),
(227, 3),
(1, 5),
(2, 5),
(3, 5),
(4, 5),
(9, 5),
(10, 5),
(11, 5),
(12, 5),
(13, 5),
(14, 5),
(15, 5),
(16, 5),
(17, 5),
(18, 5),
(19, 5),
(20, 5),
(21, 5),
(22, 5),
(23, 5),
(24, 5),
(25, 5),
(26, 5),
(27, 5),
(28, 5),
(29, 5),
(30, 5),
(31, 5),
(32, 5),
(33, 5),
(34, 5),
(35, 5),
(36, 5),
(37, 5),
(38, 5),
(39, 5),
(40, 5),
(41, 5),
(42, 5),
(43, 5),
(44, 5),
(45, 5),
(46, 5),
(47, 5),
(48, 5),
(49, 5),
(50, 5),
(51, 5),
(52, 5),
(53, 5),
(54, 5),
(55, 5),
(56, 5),
(61, 5),
(62, 5),
(63, 5),
(64, 5),
(65, 5),
(66, 5),
(67, 5),
(68, 5),
(69, 5),
(70, 5),
(71, 5),
(72, 5),
(73, 5),
(74, 5),
(75, 5),
(76, 5),
(77, 5),
(78, 5),
(79, 5),
(80, 5),
(81, 5),
(82, 5),
(83, 5),
(84, 5),
(85, 5),
(86, 5),
(87, 5),
(88, 5),
(89, 5),
(90, 5),
(91, 5),
(92, 5),
(93, 5),
(94, 5),
(95, 5),
(96, 5),
(97, 5),
(99, 5),
(100, 5),
(101, 5),
(102, 5),
(103, 5),
(104, 5),
(105, 5),
(106, 5),
(109, 5),
(110, 5),
(111, 5),
(112, 5),
(113, 5),
(114, 5),
(115, 5),
(116, 5),
(118, 5),
(119, 5),
(120, 5),
(121, 5),
(122, 5),
(123, 5),
(124, 5),
(125, 5),
(126, 5),
(127, 5),
(128, 5),
(129, 5),
(130, 5),
(131, 5),
(132, 5),
(133, 5),
(134, 5),
(135, 5),
(136, 5),
(137, 5),
(146, 5),
(147, 5),
(148, 5),
(149, 5),
(150, 5),
(151, 5),
(152, 5),
(153, 5),
(154, 5),
(155, 5),
(156, 5),
(157, 5),
(158, 5),
(159, 5),
(160, 5),
(161, 5),
(162, 5),
(163, 5),
(164, 5),
(165, 5),
(166, 5),
(167, 5),
(168, 5),
(169, 5),
(174, 5),
(175, 5),
(176, 5),
(177, 5),
(190, 5),
(191, 5),
(192, 5),
(195, 5),
(218, 5),
(219, 5),
(220, 5),
(221, 5),
(222, 5),
(223, 5),
(224, 5),
(225, 5),
(226, 5),
(227, 5),
(228, 5),
(229, 5),
(230, 5),
(231, 5),
(233, 5),
(234, 5),
(235, 5),
(236, 5),
(273, 5),
(277, 5),
(282, 5),
(292, 5),
(17, 6),
(18, 6),
(19, 6),
(30, 6),
(79, 6),
(80, 6),
(171, 6),
(185, 6),
(186, 6),
(187, 6),
(188, 6),
(194, 6),
(226, 6),
(227, 6),
(233, 6),
(13, 7),
(16, 7),
(17, 7),
(19, 7),
(37, 7),
(39, 7),
(70, 7),
(71, 7),
(72, 7),
(73, 7),
(109, 7),
(111, 7),
(296, 7),
(297, 7),
(300, 7),
(17, 8),
(18, 8),
(19, 8),
(30, 8),
(79, 8),
(80, 8),
(162, 8),
(163, 8),
(171, 8),
(185, 8),
(186, 8),
(187, 8),
(188, 8),
(194, 8),
(227, 8),
(233, 8),
(17, 9),
(30, 9),
(79, 9),
(80, 9),
(109, 9),
(162, 9),
(163, 9),
(164, 9),
(165, 9),
(174, 9),
(175, 9),
(176, 9),
(177, 9),
(194, 9),
(221, 9),
(222, 9),
(274, 9),
(275, 9),
(17, 10),
(18, 10),
(19, 10),
(20, 10),
(30, 10),
(79, 10),
(80, 10),
(95, 10),
(101, 10),
(171, 10),
(185, 10),
(186, 10),
(187, 10),
(188, 10),
(194, 10),
(220, 10),
(222, 10),
(18, 11),
(19, 11),
(20, 11),
(168, 11),
(185, 11),
(186, 11),
(187, 11),
(188, 11),
(222, 11),
(227, 11),
(18, 12),
(19, 12),
(20, 12),
(79, 12),
(80, 12),
(81, 12),
(171, 12),
(186, 12),
(187, 12),
(188, 12),
(194, 12),
(222, 12),
(227, 12),
(18, 13),
(19, 13),
(20, 13),
(30, 13),
(79, 13),
(80, 13),
(81, 13),
(109, 13),
(171, 13),
(186, 13),
(187, 13),
(188, 13),
(194, 13),
(222, 13),
(227, 13),
(163, 16),
(164, 16),
(165, 16),
(109, 17),
(274, 17),
(275, 17),
(13, 18),
(16, 18),
(17, 18),
(19, 18),
(37, 18),
(39, 18),
(109, 18),
(274, 18),
(275, 18),
(276, 18),
(278, 18),
(279, 18),
(280, 18),
(281, 18),
(283, 18),
(284, 18),
(285, 18),
(291, 18),
(293, 18),
(294, 18);

-- --------------------------------------------------------

--
-- Table structure for table `saturation_deductions`
--

DROP TABLE IF EXISTS `saturation_deductions`;
CREATE TABLE IF NOT EXISTS `saturation_deductions` (
  `id` bigint(20) UNSIGNED NOT NULL AUTO_INCREMENT,
  `employee_id` int(11) NOT NULL,
  `deduction_option` int(11) NOT NULL,
  `title` varchar(255) COLLATE utf8mb4_unicode_ci NOT NULL,
  `amount` int(11) NOT NULL,
  `created_by` int(11) NOT NULL,
  `created_at` timestamp NULL DEFAULT NULL,
  `updated_at` timestamp NULL DEFAULT NULL,
  PRIMARY KEY (`id`)
) ENGINE=InnoDB AUTO_INCREMENT=57 DEFAULT CHARSET=utf8mb4 COLLATE=utf8mb4_unicode_ci ROW_FORMAT=DYNAMIC;

--
-- Dumping data for table `saturation_deductions`
--

INSERT INTO `saturation_deductions` (`id`, `employee_id`, `deduction_option`, `title`, `amount`, `created_by`, `created_at`, `updated_at`) VALUES
(1, 5, 1, 'tax count', 1000, 1, '2022-02-17 17:22:12', '2022-02-17 17:22:12'),
(3, 8, 7, 'other', 9000, 1, '2022-02-17 19:04:37', '2022-02-17 19:04:37'),
(8, 18, 1, 'text', 10000, 1, '2022-03-22 00:07:32', '2022-03-22 00:07:32'),
(10, 18, 25, 'done', 9370, 1, '2022-03-22 00:13:44', '2022-03-22 00:13:44'),
(11, 20, 25, 'deafult', 3981, 1, '2022-03-22 09:12:35', '2022-03-23 22:31:30'),
(12, 22, 18, 'deafult', 4080, 1, '2022-03-23 22:33:59', '2022-03-23 22:33:59'),
(13, 22, 21, 'deafult', 5291, 1, '2022-03-23 22:34:18', '2022-03-23 22:34:18'),
(14, 22, 14, 'deafult', 7500, 1, '2022-03-23 22:35:07', '2022-03-23 22:35:07'),
(15, 21, 25, 'deafult', 3686, 1, '2022-03-23 22:36:42', '2022-03-23 22:36:42'),
(16, 19, 14, 'deafult', 16140, 1, '2022-03-23 22:42:04', '2022-03-23 22:42:04'),
(17, 19, 1, 'deafult', 10000, 1, '2022-03-23 22:42:23', '2022-03-23 22:42:23'),
(18, 19, 3, 'deafult', 420, 1, '2022-03-23 22:42:40', '2022-03-23 22:42:40'),
(19, 19, 6, 'deafult', 1000, 1, '2022-03-23 22:42:53', '2022-03-23 22:42:53'),
(20, 24, 1, 'deafult', 2000, 1, '2022-03-23 22:43:57', '2022-03-23 22:43:57'),
(21, 24, 3, 'deafult', 330, 1, '2022-03-23 22:44:10', '2022-03-23 22:44:10'),
(22, 24, 6, 'deafult', 1000, 1, '2022-03-23 22:44:25', '2022-03-23 22:44:25'),
(23, 24, 25, 'deafult', 7398, 1, '2022-03-23 22:44:40', '2022-03-23 22:44:40'),
(24, 23, 25, 'deafult', 3686, 1, '2022-03-23 22:46:06', '2022-03-23 22:46:06'),
(25, 28, 4, 'deafult', 2000, 1, '2022-04-01 04:16:47', '2022-04-01 04:16:47'),
(26, 29, 1, 'deafult', 2000, 1, '2022-04-01 05:42:05', '2022-04-01 05:42:05'),
(27, 20, 1, 'deafult', 2300, 1, '2022-04-06 01:18:30', '2022-04-06 01:18:30'),
(28, 40, 26, 'deafult', 6812, 1, '2022-04-22 05:08:43', '2022-04-22 05:08:43'),
(29, 40, 23, 'deafult', 696, 1, '2022-04-22 05:10:28', '2022-04-22 05:10:28'),
(30, 40, 1, 'deafult', 19574, 1, '2022-04-22 05:44:49', '2022-04-22 05:44:49'),
(31, 37, 17, 'deafult', 9996, 1, '2022-04-22 06:20:14', '2022-04-22 06:20:14'),
(32, 37, 28, 'deafult', 1000, 1, '2022-04-22 06:22:01', '2022-04-22 06:22:01'),
(33, 38, 17, 'deafult', 8400, 1, '2022-04-22 06:24:37', '2022-04-22 06:24:37'),
(34, 39, 17, 'deafult', 7920, 1, '2022-04-22 06:27:56', '2022-04-22 06:27:56'),
(35, 41, 26, 'deafult', 6812, 1, '2022-04-22 06:33:10', '2022-04-22 06:33:10'),
(36, 42, 26, 'deafult', 6812, 1, '2022-04-22 06:36:29', '2022-04-22 06:36:29'),
(37, 42, 27, 'deafult', 19574, 1, '2022-04-22 06:37:18', '2022-04-22 06:37:18'),
(39, 43, 26, 'deafult', 6419, 1, '2022-04-22 06:41:03', '2022-04-22 06:41:03'),
(40, 43, 27, 'deafult', 19001, 1, '2022-04-22 06:41:27', '2022-04-22 06:41:27'),
(41, 44, 26, 'deafult', 6419, 1, '2022-04-22 06:44:40', '2022-04-22 06:44:40'),
(42, 44, 27, 'deafult', 19001, 1, '2022-04-22 06:45:18', '2022-04-22 06:45:18'),
(43, 45, 26, 'deafult', 6812, 1, '2022-04-22 06:46:52', '2022-04-22 06:46:52'),
(44, 45, 27, 'deafult', 19574, 1, '2022-04-22 06:47:13', '2022-04-22 06:47:13'),
(45, 46, 26, 'deafult', 6419, 1, '2022-04-22 06:55:05', '2022-04-22 06:55:05'),
(46, 46, 27, 'deafult', 19001, 1, '2022-04-22 06:55:20', '2022-04-22 06:55:20'),
(47, 50, 1, 'deafult', 10000, 1, '2022-04-23 01:10:14', '2022-04-23 01:10:14'),
(48, 50, 25, 'deafult', 9370, 1, '2022-04-23 01:11:03', '2022-04-23 01:11:03'),
(49, 52, 14, 'deafult', 16140, 1, '2022-04-23 01:15:01', '2022-04-23 01:15:01'),
(50, 52, 1, 'deafult', 10000, 1, '2022-04-23 01:15:12', '2022-04-23 01:15:12'),
(51, 52, 3, 'deafult', 420, 1, '2022-04-23 01:16:23', '2022-04-23 01:16:23'),
(52, 52, 6, 'deafult', 1000, 1, '2022-04-23 01:16:39', '2022-04-23 01:16:39'),
(54, 51, 1, 'deafult', 15000, 1, '2022-04-23 01:46:28', '2022-04-23 01:46:28'),
(55, 51, 14, 'deafult', 13488, 1, '2022-04-23 01:47:29', '2022-04-23 01:47:29'),
(56, 53, 1, 'deafult', 500, 1, '2022-04-28 08:49:47', '2022-04-28 08:49:47');

-- --------------------------------------------------------

--
-- Table structure for table `settings`
--

DROP TABLE IF EXISTS `settings`;
CREATE TABLE IF NOT EXISTS `settings` (
  `id` bigint(20) UNSIGNED NOT NULL AUTO_INCREMENT,
  `name` varchar(255) COLLATE utf8mb4_unicode_ci NOT NULL,
  `value` varchar(255) COLLATE utf8mb4_unicode_ci NOT NULL,
  `created_by` int(11) NOT NULL,
  `created_at` timestamp NULL DEFAULT NULL,
  `updated_at` timestamp NULL DEFAULT NULL,
  PRIMARY KEY (`id`),
  UNIQUE KEY `settings_name_created_by_unique` (`name`,`created_by`)
) ENGINE=InnoDB AUTO_INCREMENT=2 DEFAULT CHARSET=utf8mb4 COLLATE=utf8mb4_unicode_ci ROW_FORMAT=DYNAMIC;

--
-- Dumping data for table `settings`
--

INSERT INTO `settings` (`id`, `name`, `value`, `created_by`, `created_at`, `updated_at`) VALUES
(1, 'leave_status', '1', 1, '2023-04-07 02:26:02', '2023-04-07 02:26:02');

-- --------------------------------------------------------

--
-- Table structure for table `set_salaries`
--

DROP TABLE IF EXISTS `set_salaries`;
CREATE TABLE IF NOT EXISTS `set_salaries` (
  `id` bigint(20) UNSIGNED NOT NULL AUTO_INCREMENT,
  `created_at` timestamp NULL DEFAULT NULL,
  `updated_at` timestamp NULL DEFAULT NULL,
  PRIMARY KEY (`id`)
) ENGINE=InnoDB DEFAULT CHARSET=utf8mb4 COLLATE=utf8mb4_unicode_ci ROW_FORMAT=DYNAMIC;

-- --------------------------------------------------------

--
-- Table structure for table `terminations`
--

DROP TABLE IF EXISTS `terminations`;
CREATE TABLE IF NOT EXISTS `terminations` (
  `id` bigint(20) UNSIGNED NOT NULL AUTO_INCREMENT,
  `employee_id` int(11) NOT NULL,
  `notice_date` date NOT NULL,
  `termination_date` date NOT NULL,
  `termination_type` varchar(255) COLLATE utf8mb4_unicode_ci NOT NULL,
  `description` varchar(255) COLLATE utf8mb4_unicode_ci NOT NULL,
  `status` smallint(6) DEFAULT '0',
  `created_by` int(11) NOT NULL,
  `created_at` timestamp NULL DEFAULT NULL,
  `updated_at` timestamp NULL DEFAULT NULL,
  PRIMARY KEY (`id`)
) ENGINE=InnoDB AUTO_INCREMENT=2 DEFAULT CHARSET=utf8mb4 COLLATE=utf8mb4_unicode_ci ROW_FORMAT=DYNAMIC;

--
-- Dumping data for table `terminations`
--

INSERT INTO `terminations` (`id`, `employee_id`, `notice_date`, `termination_date`, `termination_type`, `description`, `status`, `created_by`, `created_at`, `updated_at`) VALUES
(1, 22, '2022-04-14', '2022-04-30', '1', 'Finance case lodged', 0, 1, '2022-04-14 01:55:50', '2022-04-14 01:55:50');

-- --------------------------------------------------------

--
-- Table structure for table `termination_types`
--

DROP TABLE IF EXISTS `termination_types`;
CREATE TABLE IF NOT EXISTS `termination_types` (
  `id` bigint(20) UNSIGNED NOT NULL AUTO_INCREMENT,
  `name` varchar(255) COLLATE utf8mb4_unicode_ci NOT NULL,
  `created_by` int(11) NOT NULL,
  `created_at` timestamp NULL DEFAULT NULL,
  `updated_at` timestamp NULL DEFAULT NULL,
  PRIMARY KEY (`id`)
) ENGINE=InnoDB AUTO_INCREMENT=3 DEFAULT CHARSET=utf8mb4 COLLATE=utf8mb4_unicode_ci ROW_FORMAT=DYNAMIC;

--
-- Dumping data for table `termination_types`
--

INSERT INTO `termination_types` (`id`, `name`, `created_by`, `created_at`, `updated_at`) VALUES
(1, 'Finance', 1, '2022-04-14 01:53:49', '2022-04-14 01:53:49'),
(2, 'Harashment', 1, '2022-04-14 01:54:23', '2022-04-14 01:54:23');

-- --------------------------------------------------------

--
-- Table structure for table `tickets`
--

DROP TABLE IF EXISTS `tickets`;
CREATE TABLE IF NOT EXISTS `tickets` (
  `id` bigint(20) UNSIGNED NOT NULL AUTO_INCREMENT,
  `title` varchar(255) COLLATE utf8mb4_unicode_ci NOT NULL,
  `employee_id` int(11) NOT NULL,
  `priority` varchar(255) COLLATE utf8mb4_unicode_ci NOT NULL,
  `end_date` date NOT NULL,
  `description` text COLLATE utf8mb4_unicode_ci,
  `ticket_code` varchar(255) COLLATE utf8mb4_unicode_ci NOT NULL,
  `ticket_created` int(11) NOT NULL DEFAULT '0',
  `created_by` int(11) NOT NULL,
  `status` varchar(255) COLLATE utf8mb4_unicode_ci NOT NULL,
  `created_at` timestamp NULL DEFAULT NULL,
  `updated_at` timestamp NULL DEFAULT NULL,
  PRIMARY KEY (`id`)
) ENGINE=InnoDB DEFAULT CHARSET=utf8mb4 COLLATE=utf8mb4_unicode_ci ROW_FORMAT=DYNAMIC;

-- --------------------------------------------------------

--
-- Table structure for table `ticket_replies`
--

DROP TABLE IF EXISTS `ticket_replies`;
CREATE TABLE IF NOT EXISTS `ticket_replies` (
  `id` bigint(20) UNSIGNED NOT NULL AUTO_INCREMENT,
  `ticket_id` int(11) NOT NULL,
  `employee_id` int(11) NOT NULL,
  `description` varchar(255) COLLATE utf8mb4_unicode_ci NOT NULL,
  `created_by` int(11) NOT NULL,
  `is_read` int(11) NOT NULL DEFAULT '0',
  `created_at` timestamp NULL DEFAULT NULL,
  `updated_at` timestamp NULL DEFAULT NULL,
  PRIMARY KEY (`id`)
) ENGINE=InnoDB DEFAULT CHARSET=utf8mb4 COLLATE=utf8mb4_unicode_ci ROW_FORMAT=DYNAMIC;

-- --------------------------------------------------------

--
-- Table structure for table `time_sheets`
--

DROP TABLE IF EXISTS `time_sheets`;
CREATE TABLE IF NOT EXISTS `time_sheets` (
  `id` bigint(20) UNSIGNED NOT NULL AUTO_INCREMENT,
  `employee_id` int(11) NOT NULL DEFAULT '0',
  `date` date NOT NULL,
  `hours` double(8,2) NOT NULL DEFAULT '0.00',
  `remark` text COLLATE utf8mb4_unicode_ci,
  `created_by` int(11) NOT NULL DEFAULT '0',
  `created_at` timestamp NULL DEFAULT NULL,
  `updated_at` timestamp NULL DEFAULT NULL,
  PRIMARY KEY (`id`)
) ENGINE=InnoDB DEFAULT CHARSET=utf8mb4 COLLATE=utf8mb4_unicode_ci ROW_FORMAT=DYNAMIC;

-- --------------------------------------------------------

--
-- Table structure for table `trainers`
--

DROP TABLE IF EXISTS `trainers`;
CREATE TABLE IF NOT EXISTS `trainers` (
  `id` bigint(20) UNSIGNED NOT NULL AUTO_INCREMENT,
  `branch` varchar(255) COLLATE utf8mb4_unicode_ci NOT NULL,
  `firstname` varchar(255) COLLATE utf8mb4_unicode_ci NOT NULL,
  `lastname` varchar(255) COLLATE utf8mb4_unicode_ci NOT NULL,
  `contact` varchar(255) COLLATE utf8mb4_unicode_ci NOT NULL,
  `email` varchar(255) COLLATE utf8mb4_unicode_ci NOT NULL,
  `address` text COLLATE utf8mb4_unicode_ci,
  `expertise` text COLLATE utf8mb4_unicode_ci,
  `created_by` int(11) NOT NULL,
  `created_at` timestamp NULL DEFAULT NULL,
  `updated_at` timestamp NULL DEFAULT NULL,
  PRIMARY KEY (`id`)
) ENGINE=InnoDB DEFAULT CHARSET=utf8mb4 COLLATE=utf8mb4_unicode_ci ROW_FORMAT=DYNAMIC;

-- --------------------------------------------------------

--
-- Table structure for table `trainings`
--

DROP TABLE IF EXISTS `trainings`;
CREATE TABLE IF NOT EXISTS `trainings` (
  `id` bigint(20) UNSIGNED NOT NULL AUTO_INCREMENT,
  `branch` int(11) NOT NULL,
  `trainer_option` int(11) NOT NULL,
  `training_type` int(11) NOT NULL,
  `trainer` int(11) NOT NULL,
  `training_cost` double(8,2) NOT NULL DEFAULT '0.00',
  `employee` varchar(200) COLLATE utf8mb4_unicode_ci DEFAULT NULL,
  `attended_employee` varchar(200) COLLATE utf8mb4_unicode_ci DEFAULT NULL,
  `start_date` date NOT NULL,
  `end_date` date NOT NULL,
  `description` text COLLATE utf8mb4_unicode_ci,
  `performance` int(11) NOT NULL DEFAULT '0',
  `status` int(11) NOT NULL DEFAULT '0',
  `remarks` text COLLATE utf8mb4_unicode_ci,
  `created_by` int(11) NOT NULL,
  `created_at` timestamp NULL DEFAULT NULL,
  `updated_at` timestamp NULL DEFAULT NULL,
  PRIMARY KEY (`id`)
) ENGINE=InnoDB AUTO_INCREMENT=9 DEFAULT CHARSET=utf8mb4 COLLATE=utf8mb4_unicode_ci ROW_FORMAT=DYNAMIC;

--
-- Dumping data for table `trainings`
--

INSERT INTO `trainings` (`id`, `branch`, `trainer_option`, `training_type`, `trainer`, `training_cost`, `employee`, `attended_employee`, `start_date`, `end_date`, `description`, `performance`, `status`, `remarks`, `created_by`, `created_at`, `updated_at`) VALUES
(8, 16, 0, 4, 22, 0.00, '36,23,25', '36,23', '2022-03-30', '2022-03-30', NULL, 0, 0, 'sadadasdsa', 1, '2022-03-30 06:06:15', '2022-03-30 06:08:46');

-- --------------------------------------------------------

--
-- Table structure for table `training_types`
--

DROP TABLE IF EXISTS `training_types`;
CREATE TABLE IF NOT EXISTS `training_types` (
  `id` bigint(20) UNSIGNED NOT NULL AUTO_INCREMENT,
  `name` varchar(255) COLLATE utf8mb4_unicode_ci NOT NULL,
  `created_by` int(11) NOT NULL,
  `created_at` timestamp NULL DEFAULT NULL,
  `updated_at` timestamp NULL DEFAULT NULL,
  PRIMARY KEY (`id`)
) ENGINE=InnoDB AUTO_INCREMENT=5 DEFAULT CHARSET=utf8mb4 COLLATE=utf8mb4_unicode_ci ROW_FORMAT=DYNAMIC;

--
-- Dumping data for table `training_types`
--

INSERT INTO `training_types` (`id`, `name`, `created_by`, `created_at`, `updated_at`) VALUES
(2, 'Job Training', 1, '2022-02-17 22:52:24', '2022-02-17 22:52:24'),
(3, 'Training for promotion', 1, '2022-02-17 22:52:39', '2022-02-17 22:52:39'),
(4, 'Communication.', 1, '2022-02-17 22:54:17', '2022-02-17 22:54:17');

-- --------------------------------------------------------

--
-- Table structure for table `transfers`
--

DROP TABLE IF EXISTS `transfers`;
CREATE TABLE IF NOT EXISTS `transfers` (
  `id` bigint(20) UNSIGNED NOT NULL AUTO_INCREMENT,
  `employee_id` int(11) NOT NULL,
  `branch_id` int(11) NOT NULL,
  `department_id` int(11) NOT NULL,
  `transfer_date` date NOT NULL,
  `description` varchar(255) COLLATE utf8mb4_unicode_ci NOT NULL,
  `status` smallint(6) DEFAULT '0',
  `created_by` varchar(255) COLLATE utf8mb4_unicode_ci NOT NULL,
  `created_at` timestamp NULL DEFAULT NULL,
  `updated_at` timestamp NULL DEFAULT NULL,
  PRIMARY KEY (`id`)
) ENGINE=InnoDB AUTO_INCREMENT=17 DEFAULT CHARSET=utf8mb4 COLLATE=utf8mb4_unicode_ci ROW_FORMAT=DYNAMIC;

--
-- Dumping data for table `transfers`
--

INSERT INTO `transfers` (`id`, `employee_id`, `branch_id`, `department_id`, `transfer_date`, `description`, `status`, `created_by`, `created_at`, `updated_at`) VALUES
(15, 21, 16, 46, '2022-04-19', 'document done', 5, '1', '2022-04-19 00:17:34', '2022-04-19 00:21:02'),
(16, 44, 21, 58, '2022-05-01', 'Tranfer to Bareli Nagar Nigam', 0, '1', '2022-04-26 02:19:01', '2022-04-26 02:19:01');

-- --------------------------------------------------------

--
-- Table structure for table `transfer_balances`
--

DROP TABLE IF EXISTS `transfer_balances`;
CREATE TABLE IF NOT EXISTS `transfer_balances` (
  `id` bigint(20) UNSIGNED NOT NULL AUTO_INCREMENT,
  `from_account_id` int(11) NOT NULL,
  `to_account_id` int(11) NOT NULL,
  `date` date NOT NULL,
  `amount` int(11) NOT NULL,
  `payment_type_id` int(11) NOT NULL,
  `referal_id` varchar(255) COLLATE utf8mb4_unicode_ci DEFAULT NULL,
  `description` text COLLATE utf8mb4_unicode_ci,
  `created_by` int(11) NOT NULL,
  `created_at` timestamp NULL DEFAULT NULL,
  `updated_at` timestamp NULL DEFAULT NULL,
  PRIMARY KEY (`id`)
) ENGINE=InnoDB DEFAULT CHARSET=utf8mb4 COLLATE=utf8mb4_unicode_ci ROW_FORMAT=DYNAMIC;

-- --------------------------------------------------------

--
-- Table structure for table `travels`
--

DROP TABLE IF EXISTS `travels`;
CREATE TABLE IF NOT EXISTS `travels` (
  `id` bigint(20) UNSIGNED NOT NULL AUTO_INCREMENT,
  `employee_id` int(11) NOT NULL,
  `start_date` date NOT NULL,
  `end_date` date NOT NULL,
  `purpose_of_visit` varchar(255) COLLATE utf8mb4_unicode_ci NOT NULL,
  `place_of_visit` varchar(255) COLLATE utf8mb4_unicode_ci NOT NULL,
  `description` varchar(255) COLLATE utf8mb4_unicode_ci NOT NULL,
  `status` tinyint(1) DEFAULT '0',
  `created_by` varchar(255) COLLATE utf8mb4_unicode_ci NOT NULL,
  `created_at` timestamp NULL DEFAULT NULL,
  `updated_at` timestamp NULL DEFAULT NULL,
  PRIMARY KEY (`id`)
) ENGINE=InnoDB AUTO_INCREMENT=2 DEFAULT CHARSET=utf8mb4 COLLATE=utf8mb4_unicode_ci ROW_FORMAT=DYNAMIC;

--
-- Dumping data for table `travels`
--

INSERT INTO `travels` (`id`, `employee_id`, `start_date`, `end_date`, `purpose_of_visit`, `place_of_visit`, `description`, `status`, `created_by`, `created_at`, `updated_at`) VALUES
(1, 21, '2022-04-14', '2022-04-16', 'famaily trip', 'maldip', 'asadda', 0, '1', '2022-04-13 23:49:42', '2022-04-13 23:49:42');

-- --------------------------------------------------------

--
-- Table structure for table `users`
--

DROP TABLE IF EXISTS `users`;
CREATE TABLE IF NOT EXISTS `users` (
  `id` bigint(20) UNSIGNED NOT NULL AUTO_INCREMENT,
  `name` varchar(255) COLLATE utf8mb4_unicode_ci NOT NULL,
  `email` varchar(250) COLLATE utf8mb4_unicode_ci NOT NULL,
  `email_verified_at` timestamp NULL DEFAULT NULL,
  `password` varchar(255) COLLATE utf8mb4_unicode_ci NOT NULL,
  `type` varchar(255) COLLATE utf8mb4_unicode_ci NOT NULL,
  `avatar` varchar(255) COLLATE utf8mb4_unicode_ci DEFAULT NULL,
  `lang` varchar(255) COLLATE utf8mb4_unicode_ci NOT NULL,
  `is_transfer` int(11) DEFAULT NULL,
  `is_resignation` int(11) DEFAULT NULL,
  `is_retirement` tinyint(1) DEFAULT '0',
  `is_promotion` int(11) DEFAULT NULL,
  `is_termination` int(11) DEFAULT NULL,
  `last_login` timestamp NULL DEFAULT NULL,
  `is_active` int(11) NOT NULL DEFAULT '1',
  `created_by` varchar(255) COLLATE utf8mb4_unicode_ci NOT NULL,
  `remember_token` varchar(100) COLLATE utf8mb4_unicode_ci DEFAULT NULL,
  `created_at` timestamp NULL DEFAULT NULL,
  `updated_at` timestamp NULL DEFAULT NULL,
  `messenger_color` varchar(255) COLLATE utf8mb4_unicode_ci NOT NULL DEFAULT '#2180f3',
  `dark_mode` tinyint(1) NOT NULL DEFAULT '0',
  `active_status` tinyint(1) NOT NULL DEFAULT '0',
  PRIMARY KEY (`id`),
  UNIQUE KEY `users_email_unique` (`email`)
) ENGINE=InnoDB AUTO_INCREMENT=63 DEFAULT CHARSET=utf8mb4 COLLATE=utf8mb4_unicode_ci ROW_FORMAT=DYNAMIC;

--
-- Dumping data for table `users`
--

INSERT INTO `users` (`id`, `name`, `email`, `email_verified_at`, `password`, `type`, `avatar`, `lang`, `is_transfer`, `is_resignation`, `is_retirement`, `is_promotion`, `is_termination`, `last_login`, `is_active`, `created_by`, `remember_token`, `created_at`, `updated_at`, `messenger_color`, `dark_mode`, `active_status`) VALUES
(1, 'Company', 'admin@hrms.com', NULL, '$2y$10$4r7Iz2AK/Q7EWMT8nOWRe.v.LWwRU9.DowgGPS4YM6Q1uwpN0f2LC', 'company', '', 'en', NULL, NULL, 0, NULL, NULL, '2023-04-07 01:37:55', 1, '0', NULL, '2022-01-28 16:56:59', '2023-04-07 01:37:55', '#2180f3', 0, 0),
(2, 'Test one', 'hr@hrms.com', NULL, '$2y$10$GdXzK/7TEZAPj/3Jfu7Ft.0uBruoTnQPYfMQi/oqRLz1KZje85Lru', 'hr', '', 'en', NULL, NULL, 0, NULL, NULL, '2023-04-06 11:11:25', 1, '1', NULL, '2022-01-28 16:57:03', '2023-04-06 11:11:25', '#2180f3', 0, 0),
(22, 'Shri Ashwani Dixit', 'mscl_clerk_1@mscl.com', NULL, '$2y$10$Me29.pegGjNjeqGzX8bY3eycbw23DstK30F1bF7AJhTIze/sGe2Zy', 'Head Clerk', NULL, 'en', NULL, NULL, 0, NULL, NULL, '2022-04-01 01:47:02', 1, '1', NULL, '2022-02-24 22:57:49', '2022-04-01 01:47:02', '#2180f3', 0, 0),
(23, 'Shri Jai Ram', 'mscl_emp_1@mscl.com', NULL, '$2y$10$TtBxDRkeZDKzr55rJ5KW9uKu4UNc/e7bF/PE7lBeJfQoJb4ezM6Tq', 'employee', NULL, 'en', 1, 1, 0, NULL, NULL, '2022-04-22 01:11:53', 1, '1', NULL, '2022-02-24 23:01:46', '2022-04-22 01:11:53', '#2180f3', 0, 0),
(24, 'Shri Mukesh', 'mscl_emp_2@mscl.com', NULL, '$2y$10$fPA0NRg.P8OB5NhNMST/.OEeaxMfeIHqsqpJ9ratX39QyvnPi7sP6', 'employee', NULL, 'en', NULL, 1, 0, NULL, NULL, '2022-04-15 05:44:44', 1, '1', NULL, '2022-02-24 23:05:12', '2022-04-15 05:44:44', '#2180f3', 0, 0),
(25, 'Shri Yash Pal', 'mscl_emp_3@mscl.com', NULL, '$2y$10$Ob5xT5FiOuX2JZphUYwmx.tgwmjeX5ei5/zAN8vA1zqTsnOSRPIaq', 'employee', NULL, 'en', NULL, 1, 0, NULL, NULL, '2022-04-18 03:38:24', 1, '1', NULL, '2022-02-24 23:08:15', '2022-04-18 03:38:24', '#2180f3', 0, 0),
(28, 'SuBRAT Kumar Sahoo', '07-06-1998', NULL, '$2y$10$79czARpjGwA2DwzJDI1m5.qziPElYgA6p7Hi/DmVYR/jCHQbq3mBy', 'employee', NULL, 'en', NULL, NULL, 0, NULL, NULL, NULL, 1, '1', NULL, '2022-03-05 00:53:53', '2022-03-05 00:53:53', '#2180f3', 0, 0),
(30, 'Dr.INDU Shekhar Mishra', '7377124006', NULL, '$2y$10$cJn09VZfOA4WaoOZW3.BuelpHiPQpdzqjH71fviOucdsHApCRnGNi', 'employee', NULL, 'en', NULL, NULL, 0, NULL, NULL, NULL, 1, '1', NULL, '2022-03-06 06:52:59', '2022-03-06 06:52:59', '#2180f3', 0, 0),
(32, 'Anil Kumar Singh', 'mscl_ngm_1@gmail.com', NULL, '$2y$10$uweCZ9WDfwT8n4b92mF5CuuP1Q23FZY1GtpVklyGCNpuA3oG.jgxG', 'Upper City\' Municipal Commissioner', NULL, 'en', NULL, NULL, 0, NULL, NULL, NULL, 1, '1', NULL, '2022-03-29 07:05:19', '2022-03-29 07:05:19', '#2180f3', 0, 0),
(33, 'asdada', 'mscl_emp_4@mscl.com', NULL, '$2y$10$PYQUkNNKRm0M4qbOhVExDuwsW212CGoV8PAVoRmUfqsD5UAlf6gtm', 'employee', NULL, 'en', NULL, NULL, 0, NULL, NULL, NULL, 1, '1', NULL, '2022-03-29 07:07:10', '2022-03-29 07:07:10', '#2180f3', 0, 0),
(34, 'Subrat Kumar Sahoo', 'sks.sanju9@gmail.com', NULL, '$2y$10$AzeZvZQVfvN0vuMfTrWauesNlI3aqMFhaV57OpR9Lggcg7Zr5uVVq', 'employee', NULL, 'en', NULL, NULL, 0, NULL, NULL, NULL, 1, '1', NULL, '2022-03-29 07:08:34', '2022-03-29 07:08:34', '#2180f3', 0, 0),
(45, 'Shri Rajiv  kumar Rathi', '1306@mscl.com', NULL, '$2y$10$P.zocdnRtCtGodRFQRmS8.kSVKD5XvcI/BBV8DT45Np8W3/vwxFFi', 'HR', NULL, 'en', NULL, NULL, 0, NULL, NULL, '2022-04-28 12:19:30', 1, '1', NULL, '2022-04-21 21:46:45', '2022-04-28 12:19:30', '#2180f3', 0, 0),
(46, 'ShriMaheshChandra', '1087@mscl.com', NULL, '$2y$10$c7kns2pIZDqifNcR1MG2jOB2FZm6XX0/5Xq28fPUVX62S7vqBb9zS', 'Supervisor', NULL, 'en', NULL, NULL, 0, NULL, NULL, '2022-04-25 21:22:29', 1, '1', NULL, '2022-04-21 21:49:32', '2022-04-25 21:22:29', '#2180f3', 0, 0),
(47, 'Shri sudhanshu kashyap', '21@mscl.com', NULL, '$2y$10$KP5unIaXNNikBvgsUz7r7.DTe0mCtrNJndjtGyQJz5EDiiXkPYF/O', 'employee', NULL, 'en', NULL, NULL, 0, NULL, NULL, '2022-04-23 00:06:27', 1, '1', NULL, '2022-04-21 21:52:30', '2022-04-23 00:06:27', '#2180f3', 0, 0),
(48, 'Shri Sunil Kumar', '1027@mscl.com', NULL, '$2y$10$LsyDlc.Wfvzb0hUslBQomOJ7DQoV85xVqEbU2.tUhGf1MI5tpa12m', 'employee', NULL, 'en', NULL, NULL, 0, NULL, NULL, '2022-04-24 00:41:12', 1, '1', NULL, '2022-04-21 23:36:57', '2022-04-24 00:41:12', '#2180f3', 0, 0),
(49, 'Shri Umakanta', '1039@mscl.com', NULL, '$2y$10$kX28sOt4UTqxTPxW4Wln2ee4itcM8sePsr2I6Iw35yj9fH4SYPfnS', 'employee', NULL, 'en', NULL, NULL, 0, NULL, NULL, '2022-04-26 00:26:38', 1, '1', NULL, '2022-04-21 23:40:13', '2022-04-26 00:26:38', '#2180f3', 0, 0),
(50, 'Shri Manish Kumar', '1040@mscl.com', NULL, '$2y$10$VCYjvRi9Jx0iZ6zT03uoDe5LqIaiy3XXcTT3uBWGgSoIEyk.aOetq', 'employee', NULL, 'en', NULL, NULL, 0, NULL, NULL, '2022-04-23 02:14:03', 1, '1', NULL, '2022-04-21 23:42:13', '2022-04-23 02:14:03', '#2180f3', 0, 0),
(51, 'Shri HimanshuBhardwaj', '1043@mscl.com', NULL, '$2y$10$gPGpQxfTMLhlaw/l6xVz8eWBFdE/E1PlY2j6Gduy23sfj1HtZotWu', 'employee', NULL, 'en', NULL, NULL, 0, NULL, NULL, '2022-04-26 00:27:06', 1, '1', NULL, '2022-04-21 23:43:54', '2022-04-26 00:27:06', '#2180f3', 0, 0),
(52, 'Shri Bijaypal', '1044@mscl.com', NULL, '$2y$10$fOi6D8.MTx.LhEPHAzBtGefiymhzuigBB2HNBNcDm/uWnHz8tiYB.', 'employee', NULL, 'en', NULL, NULL, 0, NULL, NULL, '2022-04-26 04:15:41', 1, '1', NULL, '2022-04-21 23:45:22', '2022-04-26 04:15:41', '#2180f3', 0, 0),
(53, 'Shri Pradip Kumar', '1045@mscl.com', NULL, '$2y$10$t4YviAByRrosW2pyYhq8feyeO5ZGzz5gUiKnQqV42njmfq/WZtb.W', 'employee', NULL, 'en', NULL, NULL, 0, NULL, NULL, '2022-04-25 21:43:12', 1, '1', NULL, '2022-04-21 23:46:54', '2022-04-25 21:43:12', '#2180f3', 0, 0),
(54, 'Shri Hemendra Singh', '1071@mscl.com', NULL, '$2y$10$uxRcAyFp2xJn5oOsHFiUlOGtJXMsN8TuJLU/qdklZeaX7Rjt8VMM2', 'employee', NULL, 'en', NULL, NULL, 0, NULL, NULL, '2022-04-23 06:35:42', 1, '1', NULL, '2022-04-21 23:48:33', '2022-04-23 06:35:42', '#2180f3', 0, 0),
(60, 'Shri MR.Arun Kumar Mishra', 'mscl_ao_11705@mscl.com', NULL, '$2y$10$Fxh7q9p0v5hpvh.h2DUDyOWT0FWA3ynkc8Z2dWGyw5WphGYCfOKnu', 'Accounts Officer', NULL, 'en', NULL, NULL, 0, NULL, NULL, '2022-04-28 12:14:09', 1, '1', NULL, '2022-04-22 21:34:43', '2022-04-28 12:14:09', '#2180f3', 0, 0),
(61, 'Shri Anil Kumar Singh', 'mscl_ngm_1098@mscl.com', NULL, '$2y$10$P/4xJF6PvhhFCFS7EeaKle6FUdTS9WnaYHG/MTAsXJl.knyO51M0O', 'Upper City\' Municipal Commissioner', NULL, 'en', NULL, NULL, 0, NULL, NULL, '2022-04-25 12:09:56', 1, '1', NULL, '2022-04-22 22:05:47', '2022-04-25 12:09:56', '#2180f3', 0, 0),
(62, 'Km. Deepsikha Pandey', 'mscl_Supv_1091@mscl.com', NULL, '$2y$10$7Z9ppvVOw93L55cR4BtaSOn.AZ1TmK6Nyvk.vJKLhqbBEi9Wavrl6', 'Supervisor', NULL, 'en', NULL, NULL, 0, NULL, NULL, '2022-05-06 00:48:24', 1, '1', NULL, '2022-04-23 03:39:58', '2022-05-06 00:48:24', '#2180f3', 0, 0);

-- --------------------------------------------------------

--
-- Table structure for table `warnings`
--

DROP TABLE IF EXISTS `warnings`;
CREATE TABLE IF NOT EXISTS `warnings` (
  `id` bigint(20) UNSIGNED NOT NULL AUTO_INCREMENT,
  `warning_to` int(11) NOT NULL,
  `warning_by` int(11) NOT NULL,
  `subject` varchar(255) COLLATE utf8mb4_unicode_ci NOT NULL,
  `warning_date` date NOT NULL,
  `description` varchar(255) COLLATE utf8mb4_unicode_ci NOT NULL,
  `created_by` varchar(255) COLLATE utf8mb4_unicode_ci NOT NULL,
  `created_at` timestamp NULL DEFAULT NULL,
  `updated_at` timestamp NULL DEFAULT NULL,
  PRIMARY KEY (`id`)
) ENGINE=InnoDB DEFAULT CHARSET=utf8mb4 COLLATE=utf8mb4_unicode_ci ROW_FORMAT=DYNAMIC;

-- --------------------------------------------------------

--
-- Table structure for table `zoom_meetings`
--

DROP TABLE IF EXISTS `zoom_meetings`;
CREATE TABLE IF NOT EXISTS `zoom_meetings` (
  `id` bigint(20) UNSIGNED NOT NULL AUTO_INCREMENT,
  `title` varchar(255) COLLATE utf8mb4_unicode_ci DEFAULT NULL,
  `meeting_id` varchar(255) COLLATE utf8mb4_unicode_ci NOT NULL DEFAULT '0',
  `user_id` varchar(255) COLLATE utf8mb4_unicode_ci NOT NULL DEFAULT '0',
  `password` varchar(255) COLLATE utf8mb4_unicode_ci DEFAULT NULL,
  `start_date` timestamp NOT NULL DEFAULT CURRENT_TIMESTAMP,
  `duration` int(11) NOT NULL DEFAULT '0',
  `start_url` text COLLATE utf8mb4_unicode_ci,
  `join_url` varchar(255) COLLATE utf8mb4_unicode_ci DEFAULT NULL,
  `status` varchar(255) COLLATE utf8mb4_unicode_ci DEFAULT 'waiting',
  `created_by` int(11) NOT NULL DEFAULT '0',
  `created_at` timestamp NULL DEFAULT NULL,
  `updated_at` timestamp NULL DEFAULT NULL,
  PRIMARY KEY (`id`)
) ENGINE=InnoDB DEFAULT CHARSET=utf8mb4 COLLATE=utf8mb4_unicode_ci ROW_FORMAT=DYNAMIC;

--
-- Constraints for dumped tables
--

--
-- Constraints for table `model_has_permissions`
--
ALTER TABLE `model_has_permissions`
  ADD CONSTRAINT `model_has_permissions_permission_id_foreign` FOREIGN KEY (`permission_id`) REFERENCES `permissions` (`id`) ON DELETE CASCADE;

--
-- Constraints for table `model_has_roles`
--
ALTER TABLE `model_has_roles`
  ADD CONSTRAINT `model_has_roles_role_id_foreign` FOREIGN KEY (`role_id`) REFERENCES `roles` (`id`) ON DELETE CASCADE;

--
-- Constraints for table `role_has_permissions`
--
ALTER TABLE `role_has_permissions`
  ADD CONSTRAINT `role_has_permissions_permission_id_foreign` FOREIGN KEY (`permission_id`) REFERENCES `permissions` (`id`) ON DELETE CASCADE,
  ADD CONSTRAINT `role_has_permissions_role_id_foreign` FOREIGN KEY (`role_id`) REFERENCES `roles` (`id`) ON DELETE CASCADE;
COMMIT;

/*!40101 SET CHARACTER_SET_CLIENT=@OLD_CHARACTER_SET_CLIENT */;
/*!40101 SET CHARACTER_SET_RESULTS=@OLD_CHARACTER_SET_RESULTS */;
/*!40101 SET COLLATION_CONNECTION=@OLD_COLLATION_CONNECTION */;
